supplier_tax_id,supplier_name,contracts,value_amd,single_source_share_of_value_pct,distinct_buyers,top_buyer_tax_id,top_buyer_name,top_buyer_contracts,top_buyer_value_amd,top_buyer_share_of_value_pct,first_contract,last_contract
03512651,Ճանապարհ ՍՊԸ,74,57166213082,23.76,6,02578338,ՀՀ տարածքային կառավարման և ենթակառուցվածքների նախարարություն,58,54048015013,94.55,2015-12-23,2026-02-25
02285123,ԵՎՐՈԱՍՖԱԼՏ ՓԲԸ,53,57087975357,0.08,5,02578338,ՀՀ տարածքային կառավարման և ենթակառուցվածքների նախարարություն,47,55604111263,97.4,2021-06-16,2026-04-14
01540062,«Հայաստանի հանրային հեռուստաընկերություն»  ՓԲԸ,50,55784641567,94.79,6,01539597,«Հանրային հեռարձակողի խորհրդի աշխատակազմ» ՊՀ,18,53954931670,96.72,2016-08-18,2026-08-19
02903618,Քարավան-11 ՍՊԸ,33,47657230816,38.14,2,02578338,ՀՀ տարածքային կառավարման և ենթակառուցվածքների նախարարություն,31,47034430816,98.69,2020-05-17,2026-01-08
01531784,Էյ Էմ Փի Ջի գրուպ  ՍՊԸ,44,43580424615,0.76,7,02647057,ՀՀ պետական եկամուտների կոմիտե,20,42372529800,97.23,2016-10-13,2025-07-15
00106947,«Լեոպոլդ և ընկերներ » ՍՊԸ,33,38398162566,0.74,2,02578338,ՀՀ տարածքային կառավարման և ենթակառուցվածքների նախարարություն,30,37782504662,98.4,2021-07-19,2024-03-12
09208107,Ոսմար ՍՊԸ,47,30128994653,20.51,3,02578338,ՀՀ տարածքային կառավարման և ենթակառուցվածքների նախարարություն,27,27589048785,91.57,2015-12-20,2026-04-16
02861537,«ԵՎՐՈԲՈՒԴ ՊԼՅՈՒՍ» ՍՊԸ,26,29372243772,0,4,02578338,ՀՀ տարածքային կառավարման և ենթակառուցվածքների նախարարություն,22,27362751876,93.16,2023-04-19,2025-10-26
00403857,Էրեբունի  բժշկական կենտրոն,75,26884180010,92.92,2,02507171,ՀՀ  առողջապահության  նախարարություն,74,26882180010,99.99,2017-02-09,2023-04-25
08908014,ՌԱՖԷԼԳՐԻԳ ՓԲԸ,30,26164646896,0,13,02593108,Երևանի քաղաքապետարան,13,24039314192,91.88,2019-09-18,2026-06-17
02625503,«Հիվանդությունների վերահսկման և կանխարգելման ազգային կենտրոն» ՊՈԱԿ,60,25249825153,0.19,7,02507171,ՀՀ  առողջապահության  նախարարություն,27,25199530063,99.8,2017-02-16,2026-07-20
01312947,Վի Քեյ ԳՐՈՒՊ ՍՊԸ,29,24932812306,0,6,00846441,Հայաստանի տարածքային զարգացման հիմնադրամ,17,24588711181,98.62,2021-09-27,2026-02-16
08617407,ԱՐՍԵՎ  ՍՊԸ,23,24466069163,0,4,02565827,ՀՀ քաղաքաշինության կոմիտե,17,23410048231,95.68,2017-06-06,2023-05-23
00856548,Սուրբ Գրիգոր Լուսավորիչ ԲԿ ՓԲԸ,201,23715289797,71.54,4,02507171,ՀՀ  առողջապահության  նախարարություն,195,23698064957,99.93,2015-06-16,2025-12-30
00009615,«ԱՐԱԲԿԻՐ» ԲԺՇԿԱԿԱՆ ՀԱՄԱԼԻՐ-ԵՐԵԽԱՆԵՐԻ ԵՎ ԴԵՌԱՀԱՍՆԵՐԻ ԱՌՈՂՋՈՒԹՅԱՆ ԻՆՍՏԻՏՈՒՏ ՍՊԸ,84,22514365775,88.16,2,02507171,ՀՀ  առողջապահության  նախարարություն,82,22513737400,100,2017-02-09,2024-07-11
00471629,ԱԼ ԵՎ ԱՐ,59,22004986719,0,11,00846441,Հայաստանի տարածքային զարգացման հիմնադրամ,12,21375771782,97.14,2017-09-12,2026-02-15
00412375,ՎԱՆԻ ՍՊԸ,26,21970110958,0,3,02565827,ՀՀ քաղաքաշինության կոմիտե,21,21697869198,98.76,2016-10-10,2023-09-17
08205134,Շանթ-Սեյրան ՍՊԸ,45,21952032844,0,5,02578338,ՀՀ տարածքային կառավարման և ենթակառուցվածքների նախարարություն,27,20914626101,95.27,2015-12-20,2026-02-26
02315582,ԱՐՄԱՏ ՔՈՆՍԹՐԱՔՇՆ ՓԲԸ,17,21483293500,0,2,00846441,Հայաստանի տարածքային զարգացման հիմնադրամ,16,21387614000,99.55,2024-09-19,2026-02-15
08404037,Թիվ1 Շինվարչություն ԲԲԸ,34,21061474216,5.67,7,02565827,ՀՀ քաղաքաշինության կոմիտե,25,19810039936,94.06,2016-08-08,2026-03-02
00003206,Արփա-Սևան  ԲԲԸ,32,19882461650,10.49,5,02555816,ՀՀ  տարածքային կառավարման և ենթակառուցվածքների նախարարության ջրային կոմիտե,19,19638147338,98.77,2017-02-14,2026-06-17
01503448,Երեւանի Մխիթար Հերացու անվան պետական բժշկական համալսարան Հիմնադրամ,323,16278002211,88.37,8,02507171,ՀՀ  առողջապահության  նախարարություն,80,16122267109,99.04,2017-02-09,2026-07-05
02567316,Մ.Լ.Ն Ֆարմ ՍՊԸ,80,16175988611,4.96,10,02507171,ՀՀ  առողջապահության  նախարարություն,41,16074788525,99.37,2015-08-17,2026-08-20
04600132,Բաղրամյանշին  ԲԲԸ,26,14834790652,1.04,8,02565827,ՀՀ քաղաքաշինության կոմիտե,15,13875905758,93.54,2014-12-01,2026-06-09
05434950537000073,Սանոֆի Պաստեռ բաժնետիրական ընկերություն,12,14292830611,0.34,1,02507171,ՀՀ  առողջապահության  նախարարություն,12,14292830611,100,2018-10-08,2024-10-10
04000271,Արարատշին ՍՊԸ,17,13674691179,0,5,02565827,ՀՀ քաղաքաշինության կոմիտե,11,13483752069,98.6,2015-12-14,2021-04-22
01203375,Արմենիա հանրապետական բժշկական կենտրոն ՓԲԸ,48,13161126607,91.42,1,02507171,ՀՀ  առողջապահության  նախարարություն,48,13161126607,100,2017-02-09,2026-06-30
08601459,Սևանի հոգեբուժական հիվանդանոց,18,12101610156,93.48,1,02507171,ՀՀ  առողջապահության  նախարարություն,18,12101610156,100,2017-02-09,2026-04-07
01508793,Նորք-Մարաշ բժշկական կենտրոն ՓԲԸ,33,12041171430,89.68,2,02507171,ՀՀ  առողջապահության  նախարարություն,30,11955551430,99.29,2017-02-09,2026-02-19
7705966318,"АО ""Росатом Сервис""",22,11681721045,47.54,1,04401874,«Հայկական ատոմային էլեկտրակայան» ՓԲԸ,22,11681721045,100,2018-08-07,2026-05-24
144939,F. Hoffmann - La Roche AG,21,11488507949,0.03,1,02507171,ՀՀ  առողջապահության  նախարարություն,21,11488507949,100,2019-03-18,2026-03-15
02507818,Շտապբուժօգնություն ՓԲԸ,10,11239290020,88.03,2,02507171,ՀՀ  առողջապահության  նախարարություն,9,11239202520,100,2017-02-09,2026-02-26
00922303,ՌՈՈՒԴԿՈՆՍՏՐԱԿՏ ՍՊԸ,25,10753317692,0,5,00846441,Հայաստանի տարածքային զարգացման հիմնադրամ,11,10036707796,93.34,2020-04-14,2026-06-28
02235034,Սուրբ Աստվածամայր ԲԿ ,71,10410254725,86.16,4,02507171,ՀՀ  առողջապահության  նախարարություն,63,10391069725,99.82,2017-02-09,2026-04-20
02510673,Ա.Սպենդիարյանի անվան օպերայի և բալետի ակադեմիկական թատրոն ՊՈԱԿ,46,10170018702,9.17,8,02512868,"ՀՀ կրթության, գիտության, մշակույթի և սպորտի նախարարություն",27,9236905002,90.82,2016-12-30,2026-06-16
01287026,ԼԵԲՐՈՆ ՍՊԸ,48,9806275338,0.13,5,00462592,«Հոգեկան առողջության պահպանման ազգային կենտրոն» ՓԲԸ,4,9190723300,93.72,2018-12-18,2022-11-20
01805817,Գյուղատնտեսական ծառայությունների կենտրոն ՊՈԱԿ,28,9787352779,0,3,02505983,ՀՀ էկոնոմիկայի նախարարություն,25,9786870700,100,2019-04-24,2026-02-05
04420765,«ՀԻԴՐՈՄԱՇ ՍԵՐՎԻՍ» ՍՊԸ,16,9679217240,0.01,9,04402328,Մեծամորի համայնքապետարան,2,9609268400,99.28,2021-03-29,2025-12-08
00471216,Թեոֆարմա Իմպորտ ՍՊԸ,268,9581865677,0.32,38,02507171,ՀՀ  առողջապահության  նախարարություն,60,8745469190,91.27,2019-12-04,2026-07-14
01002804,«Վ. Ա. Ֆանարջյանի անվան ուռուցքաբանության ազգային կենտրոն» ՓԲԸ,27,9409982150,89.84,2,02507171,ՀՀ  առողջապահության  նախարարություն,23,9399896150,99.89,2017-02-09,2026-02-22
09414681,ԼԱՎ ԸՆԿԵՐ ՍՊԸ,35,8782586020,55.5,4,02522157,ՀՀ  պաշտպանության  նախարարություն,29,8698215620,99.04,2016-12-12,2026-02-26
01064031,ՏԻԳՐԱՆ ՄԵԾ-1  ՍՊԸ,10,8561769698,0,2,00846441,Հայաստանի տարածքային զարգացման հիմնադրամ,6,8560550948,99.99,2024-02-06,2026-02-15
00228737,Թիմ Սոլյուշնս ՓԲԸ,49,8377848032,1.52,6,02647057,ՀՀ պետական եկամուտների կոմիտե,29,7639198075,91.18,2020-12-21,2026-07-14
02825793,Հիդրոօդերևութաբանության և մոնիթորինգի կենտրոն ՊՈԱԿ,15,8298756880,0.05,4,02507198,ՀՀ շրջակա միջավայրի նախարարություն,6,8291674600,99.91,2020-02-06,2026-07-05
01541435,«Հայաստանի հանրային ռադիոընկերություն» ՓԲԸ,19,8014388919,95.65,4,01539597,«Հանրային հեռարձակողի խորհրդի աշխատակազմ» ՊՀ,14,8008142919,99.92,2005-05-02,2026-08-20
06945592,ՎԱՆԱՁՈՐԻ ԲԺՇԿԱԿԱՆ ԿԵՆՏՐՈՆ ՓԲԸ,72,7884258870,89.35,1,02507171,ՀՀ  առողջապահության  նախարարություն,72,7884258870,100,2017-02-09,2025-08-27
01063769,«ԱՐՄՍՎԵ ԳՐՈՒՊ» ՍՊԸ,16,7577879612,0,3,02565827,ՀՀ քաղաքաշինության կոմիտե,3,7570023912,99.9,2024-03-11,2026-05-06
01202252,"Վերարտադրողական առողջության, պերինատոլոգիայի,մանկաբարձությա և գինեկոլոգիայի հանրապետական ինստտիտուտ ՓԲԸ",74,7205008226,75.54,1,02507171,ՀՀ  առողջապահության  նախարարություն,74,7205008226,100,2017-02-09,2025-08-31
02566492,«Արդշինբանկ» ԲԲԸ,48,7200231624,2.52,8,02522157,ՀՀ  պաշտպանության  նախարարություն,2,6995725868,97.16,2000-06-05,2026-01-20
00475611,ՀՈԳԵԿԱՆ ԱՌՈՂՋՈՒԹՅԱՆ ՊԱՀՊԱՆՄԱՆ ԱԶԳԱՅԻՆ ԿԵՆՏՐՈՆ ՓԲԸ ,20,6900293505,99.45,2,02507171,ՀՀ  առողջապահության  նախարարություն,19,6900248505,100,2018-01-19,2026-04-13
00352,Արեմպա Ինթերնեյշնլ ՍՊԸ,22,6824130635,2.8,3,02647057,ՀՀ պետական եկամուտների կոմիտե,20,6595722269,96.65,2016-12-29,2026-01-06
02508792,«Հայաստանի ազգային ֆիլհարմոնիկ նվագախումբ» ՊՈԱԿ,65,6664717220,1.53,4,02512868,"ՀՀ կրթության, գիտության, մշակույթի և սպորտի նախարարություն",54,6562447220,98.47,2021-09-06,2026-08-03
08800705,«Վարդենիսի շուրջօրյա մասնագիտացված խնամքի կենտրոն» ՊՈԱԿ,12,6649031900,0,1,01506515,ՀՀ  աշխատանքի և սոցիալական հարցերի նախարարություն,12,6649031900,100,2021-11-03,2026-07-16
04418892,Զարիշատ /Արամ/ Մարտինի Մկրտչյանի անվան Արմավիրի ԲԿ ՓԲԸ,86,6633305038,84.03,3,02507171,ՀՀ  առողջապահության  նախարարություն,82,6456972250,97.34,2017-02-09,2025-03-20
01528652,Շինսերտիֆիկատ  ՍՊԸ,143,6297716520,0.96,3,02565827,ՀՀ քաղաքաշինության կոմիտե,136,5982684220,95,2020-09-22,2026-02-09
00010235,««Յոլյան» արյունաբանության և ուռուցքաբանության կենտրոն» ՓԲԸ,43,6143532180,97.06,1,02507171,ՀՀ  առողջապահության  նախարարություն,43,6143532180,100,2017-02-16,2026-01-25
05539526,Գյումրու բժշկական կենտրոն ՓԲԸ,48,6143444680,87.92,3,02507171,ՀՀ  առողջապահության  նախարարություն,43,6126569980,99.73,2017-02-09,2025-11-23
01243384,ՀՀ ԱՆ «Թոքաբանության ազգային կենտրոն» ՊՈԱԿ,18,6050491032,84.05,2,02507171,ՀՀ  առողջապահության  նախարարություն,17,6049841032,99.99,2017-02-09,2024-10-21
02638486,«Դանիամ» ՍՊԸ,33,5988164861,0,2,02647057,ՀՀ պետական եկամուտների կոմիտե,32,5918364881,98.83,2022-01-23,2024-12-11
02204515,Շենգավիթ բժշկական կենտրոն ՓԲԸ,55,5909250379,88.98,2,02507171,ՀՀ  առողջապահության  նախարարություն,54,5908050379,99.98,2017-02-09,2023-04-25
03535604,ՕՆԻՐԱ ՔԼԱԲ ՍՊԸ,19,5683366510,1.93,10,02505983,ՀՀ էկոնոմիկայի նախարարություն,1,5570812500,98.02,2016-12-12,2023-10-24
02250353,ՉԵԽ ԱՎՏՈ ՍՊԸ,104,5675016459,13.26,5,01533334,ՀՀ ներքին գործերի նախարարություն,37,5643585910,99.45,2016-11-08,2026-08-10
03308709,Կանժիլստրոյ ՍՊԸ,11,5479985355,0,1,02565827,ՀՀ քաղաքաշինության կոմիտե,11,5479985355,100,2016-11-15,2021-04-27
01836525,ՀՀ ԳԱԱ Փորձաքննությունների ազգային բյուրո ՊՈԱԿ,292,5271723960,4.22,12,02506634,ՀՀ դատախազություն,30,5215280460,98.93,2015-04-08,2026-08-04
02512069,«ՀՀ փորձագիտական կենտրոն» ՊՈԱԿ,165,5246618476,0.45,20,02506264,ՀՀ  արդարադատության նախարարություն,12,5091860400,97.05,2017-02-26,2026-11-10
03522199,ՌՈՒԲԻԿ ՀԱՐՈՒԹՅՈՒՆՅԱՆԻ ԱՆՎԱՆ ԱԲՈՎՅԱՆԻ ԲԺՇԿԱԿԱՆ ԿԵՆՏՐՈՆ ՓԲԸ,71,5103533463,89.22,4,02507171,ՀՀ  առողջապահության  նախարարություն,56,5100532991,99.94,2016-03-31,2026-08-12
01226155,«Առաջատար տեխնոլոգիաների ձեռնարկությունների միություն» Հասարակական կազմակերպություն,14,4996043880,1.42,4,02512868,"ՀՀ կրթության, գիտության, մշակույթի և սպորտի նախարարություն",6,4523266100,90.54,2019-11-11,2026-02-08
04220707,Արտաշատի բժշկական  կենտրոն ՓԲԸ,71,4981036064,89.79,1,02507171,ՀՀ  առողջապահության  նախարարություն,71,4981036064,100,2017-02-09,2025-08-10
02245698,Ինտերեվրոս-Արգոս ՍՊԸ,14,4934387643,0,5,02565827,ՀՀ քաղաքաշինության կոմիտե,8,4446798040,90.12,2017-06-22,2026-03-08
01246073,«Էլիտ Կապիտալ» ՍՊԸ,19,4930607628,0,1,02522157,ՀՀ  պաշտպանության  նախարարություն,19,4930607628,100,2016-02-17,2019-04-11
25235753,ŠKODA JS a.s.,28,4899118408,0,1,04401874,«Հայկական ատոմային էլեկտրակայան» ՓԲԸ,28,4899118408,100,2019-03-03,2026-05-19
90213015,Ավանգարդ ՍՊԸ,43,4847713202,0.72,3,02522157,ՀՀ  պաշտպանության  նախարարություն,40,4801069592,99.04,2016-08-24,2021-04-15
02630537,ՇԻՆ ՍՊԸ,15,4790473387,15.08,7,02565827,ՀՀ քաղաքաշինության կոմիտե,7,4429371890,92.46,2020-12-22,2025-09-16
03017721,Հրազդանի ԲԺշկական Կենտրոն ՓԲԸ,70,4763170902,89.74,3,02507171,ՀՀ  առողջապահության  նախարարություն,62,4762183902,99.98,2017-02-09,2026-07-28
01806173,ՙԹիվ 19 պոլիկլինիկա՚ ՓԲԸ,21,4702451639,88.63,2,02507171,ՀՀ  առողջապահության  նախարարություն,18,4700744725,99.96,2015-10-01,2023-04-25
01508606,Ինֆեկցիոն հիվանդությունների ազգային կենտրոն ՓԲԸ,47,4652886107,70.32,1,02507171,ՀՀ  առողջապահության  նախարարություն,47,4652886107,100,2017-02-09,2026-04-06
03801255,Խարբերդի մասնագիտացված մանկատուն  ՊՈԱԿ,11,4358168200,0,1,01506515,ՀՀ  աշխատանքի և սոցիալական հարցերի նախարարություն,11,4358168200,100,2022-02-02,2026-07-15
09420382,Կապանի բժշկական կենտրոն ՓԲԸ,113,4215321629,81.9,4,02507171,ՀՀ  առողջապահության  նախարարություն,103,4213826011,99.96,2014-05-26,2026-07-05
08210623,«Մարտունու ԲԿ» ՓԲԸ,63,4187066353,89.28,3,02507171,ՀՀ  առողջապահության  նախարարություն,57,4186006103,99.97,2017-02-09,2023-11-02
04707075,«Էջմիածնի բժշկական կենտրոն» ՓԲԸ,55,4118951795,88.53,2,02507171,ՀՀ  առողջապահության  նախարարություն,53,4048771795,98.3,2017-02-09,2026-04-13
00089186,«Էրիզ» ՓԲԸ,37,4117629193,0.41,3,02522157,ՀՀ  պաշտպանության  նախարարություն,35,4108572393,99.78,2016-09-20,2022-09-18
00813453,Ճաննախագիծ ինստիտուտ  ՍՊԸ,406,4077906437,53.68,33,02578338,ՀՀ տարածքային կառավարման և ենթակառուցվածքների նախարարություն,309,3706516577,90.89,2016-09-14,2026-08-20
09211641,Գորիսի բժշկական կենտրոն ՓԲԸ,105,4062079348,83.63,2,02507171,ՀՀ  առողջապահության  նախարարություն,104,4061686888,99.99,2017-02-09,2026-04-13
03804631,Մասիսի ԲԿ ՓԲԸ,66,3954856156,86.2,1,02507171,ՀՀ  առողջապահության  նախարարություն,66,3954856156,100,2017-02-09,2024-01-31
90018697,Արցախ Կարի Կոշիկի Արտադրական  Միավորում ՓԲԸ,26,3882452840,8.96,3,02522157,ՀՀ  պաշտպանության  նախարարություն,24,3872467640,99.74,2017-04-06,2021-06-23
08270782,ԱՐԱՄԵ ՍՊԸ,45,3880269607,8.6,2,00846441,Հայաստանի տարածքային զարգացման հիմնադրամ,44,3608589607,93,2024-06-11,2026-08-13
09202127,ԱՐՏ ԿՈՆՍՏՐԱԿՏ ՍՊԸ,10,3845657404,99.41,3,02565827,ՀՀ քաղաքաշինության կոմիտե,8,3823030384,99.41,2019-02-25,2021-07-18
01551257,Գնահատման և թեստավորման կենտրոն,12,3779180400,0,1,02512868,"ՀՀ կրթության, գիտության, մշակույթի և սպորտի նախարարություն",12,3779180400,100,2022-01-31,2026-02-12
02656691,ԱՆՆԱՐԿԱ ՍՊԸ,171,3722245363,0.01,52,02507171,ՀՀ  առողջապահության  նախարարություն,5,3395272778,91.22,2020-11-24,2024-08-21
01506092,Հայաստանի ազգային գրադարան ՊՈԱԿ,74,3686176620,0.02,6,02512868,"ՀՀ կրթության, գիտության, մշակույթի և սպորտի նախարարություն",34,3685507620,99.98,2021-09-22,2026-07-30
01573197,«Կամերային երաժշտության ազգային կենտրոն» ՊՈԱԿ,97,3676877700,0.49,15,02512868,"ՀՀ կրթության, գիտության, մշակույթի և սպորտի նախարարություն",76,3658897300,99.51,2019-05-28,2026-07-22
00886959,Ավան հոգեկան առողջության կենտրոն ՓԲԸ,115,3672408821,91.64,3,02507171,ՀՀ  առողջապահության  նախարարություն,25,3668441621,99.89,2017-02-09,2026-02-24
01203271,Հայաստանի կինոյի հիմնադրամ,187,3624370775,0.03,3,02512868,"ՀՀ կրթության, գիտության, մշակույթի և սպորտի նախարարություն",184,3622324675,99.94,2017-04-19,2026-08-23
01550374,Կրթական տեխնոլոգիաների ազգային կենտրոն ՊՈԱԿ,21,3617284300,0,1,02512868,"ՀՀ կրթության, գիտության, մշակույթի և սպորտի նախարարություն",21,3617284300,100,2022-01-31,2026-02-12
02628699,Հայաստանի պետական սիմֆոնիկ նվագախումբ,62,3595404720,2.01,5,02512868,"ՀՀ կրթության, գիտության, մշակույթի և սպորտի նախարարություն",49,3463384200,96.33,2021-09-27,2026-06-24
01401456,Հ.Ա.Ն.Ս.-ՖՈՒԴ ՍՊԸ,20,3594853127,0.72,2,02522157,ՀՀ  պաշտպանության  նախարարություն,18,3545733097,98.63,2017-01-30,2020-04-19
00078217,Հայաստանի ազգային արխիվ ՊՈԱԿ,223,3586478215,1.38,55,02506264,ՀՀ  արդարադատության նախարարություն,8,3256493500,90.8,2016-09-01,2026-07-27
00478817,«ԴԱՆՆԻԿ» ՍՊԸ,25,3513854972,0,7,00462592,«Հոգեկան առողջության պահպանման ազգային կենտրոն» ՓԲԸ,3,3358581850,95.58,2019-03-24,2023-03-27
00470024,ԷԿՐԱ ԿՈՎԿԱՍ ՍՊԸ,28,3510761739,0.6,6,04401874,«Հայկական ատոմային էլեկտրակայան» ՓԲԸ,19,3367150318,95.91,2019-08-19,2026-03-17
04214892,ՄոսԷսքո  ՍՊԸ,227,3488165111,4.74,42,02522157,ՀՀ  պաշտպանության  նախարարություն,40,3215301807,92.18,2016-08-11,2025-06-16
00883641,«Էմ Ջի դիզայն» ՍՊԸ,41,3379588277,92.99,9,02565827,ՀՀ քաղաքաշինության կոմիտե,19,3358489969,99.38,2017-03-06,2026-07-08
00257466,«Հանրային կապերի և տեղեկատվության կենտրոն» ՊՈԱԿ,14,3360396200,0.06,1,02505554,ՀՀ վարչապետի աշխատակազմ,14,3360396200,100,2019-05-16,2026-01-15
05002894,Աշտարակի բժշկական կենտրոն ՓԲԸ,69,3354540135,84.85,2,02507171,ՀՀ  առողջապահության  նախարարություն,66,3353648670,99.97,2017-02-02,2025-08-18
02657678,«Կրթության զարգացման և նորարարությունների ազգային կենտրոն» հիմնադրամ,16,3342380010,2.32,2,02512868,"ՀՀ կրթության, գիտության, մշակույթի և սպորտի նախարարություն",15,3336980010,99.84,2019-08-08,2026-02-10
02238453,Բիլլ Սթոուն ՍՊԸ,31,3292335530,16.06,3,01533334,ՀՀ ներքին գործերի նախարարություն,19,3277746030,99.56,2017-02-21,2024-02-12
01271163,Inovator LLC,17,3287410384,13.24,1,02505983,ՀՀ էկոնոմիկայի նախարարություն,17,3287410384,100,2021-05-30,2026-12-29
04112138,Վեդու բժշկական կենտրոն ՓԲԸ,55,3281984710,90.22,1,02507171,ՀՀ  առողջապահության  նախարարություն,55,3281984710,100,2017-02-09,2023-08-30
01503291,Հայնախագիծ  ԲԲԸ ,87,3247226097,38.88,5,02565827,ՀՀ քաղաքաշինության կոմիտե,80,3216599360,99.06,2017-02-13,2026-06-29
02511849,Թիվ 2 բուժմիավորում ՓԲԸ,37,3194137230,92.36,1,02507171,ՀՀ  առողջապահության  նախարարություն,37,3194137230,100,2017-02-09,2023-04-25
04214258,Մելիորացիա ՓԲԸ,15,3190556644,99.89,3,02555816,ՀՀ  տարածքային կառավարման և ենթակառուցվածքների նախարարության ջրային կոմիտե,13,3186806644,99.88,2018-10-18,2026-06-02
02602449,Բարեկեցության տեղեկատվական համակարգերի ձեռնարկություն հիմնադրամ,25,3180043410,16.14,5,01506515,ՀՀ  աշխատանքի և սոցիալական հարցերի նախարարություն,19,3098010220,97.42,2017-02-05,2026-07-08
02514117,«Մարգարյան ծննդատուն»մոր և մանկան առողջության պահպանման կենտրոն ՓԲԸ,71,3100809037,74.78,2,02507171,ՀՀ  առողջապահության  նախարարություն,70,3093009037,99.75,2017-02-02,2025-09-28
02593108,Երևանի քաղաքապետարան,53,3073869562,0.98,5,02593108,ԵՐԵՎԱՆԻ ՔԱՂԱՔԱՊԵՏԱՐԱՆ,1,3028410000,98.52,2005-08-15,2025-12-14
02538276,Պաշտոնական տեղեկագիր ՓԲԸ,59,3068611102,99.02,16,02506264,ՀՀ  արդարադատության նախարարություն,12,3023181800,98.52,2010-01-24,2026-01-29
02506317,Հայաստանի Ազգային պատկերասրահ ՊՈԱԿ,40,3056579850,0.17,6,02512868,"ՀՀ կրթության, գիտության, մշակույթի և սպորտի նախարարություն",25,3051225200,99.82,2016-05-24,2026-05-11
02511401,Պատմամշակութային արգելոց-թանգարանների և պատմական միջավայրի պահպանության ծառայություն ՊՈԱԿ,30,3033048581,0.02,2,02512868,"ՀՀ կրթության, գիտության, մշակույթի և սպորտի նախարարություն",29,3033024581,100,2021-10-24,2026-06-08
01539021,<<Կոնսէլ>> ՍՊԸ,76,3013272300,6.35,20,02647057,ՀՀ պետական եկամուտների կոմիտե,18,2729194160,90.57,2016-09-02,2025-12-18
01013688,«Բեսթ Լայֆ ԲԿ» ՍՊԸ,24,2979772770,97.53,2,02507171,ՀՀ  առողջապահության  նախարարություն,23,2979308372,99.98,2017-02-09,2025-12-01
01203444,Ա.Վ. Մալայանի անվան հանրապետական ակնաբուժական կենտրոն,40,2972060774,91.78,1,02507171,ՀՀ  առողջապահության  նախարարություն,40,2972060774,100,2017-02-09,2023-09-12
00007748,Իզմիրյան ԲԿ ՓԲԸ,32,2926966820,86.49,3,02507171,ՀՀ  առողջապահության  նախարարություն,29,2919036820,99.73,2016-09-13,2023-01-22
00800135,Միքայելյան վիրաբուժության ինստիտուտ ՓԲԸ,31,2860874985,96.39,3,02507171,ՀՀ  առողջապահության  նախարարություն,29,2859034985,99.94,2017-02-09,2023-11-09
06609753,Ալավերդու բժշկական կենտրոն,67,2856018501,91.28,2,02507171,ՀՀ  առողջապահության  նախարարություն,66,2855612922,99.99,2017-02-09,2026-04-12
05521918,Գյումրու Երեխաների տուն ՊՈԱԿ,10,2848857500,0,1,01506515,ՀՀ  աշխատանքի և սոցիալական հարցերի նախարարություն,10,2848857500,100,2022-02-01,2026-07-22
01202055,«ԼՍՈՖՏ» ՍՊԸ,111,2811703000,44.24,15,02629081,ՀՀ ֆինանսների նախարարություն,39,2585200000,91.94,2016-10-27,2026-02-15
00830786,«Զանգակ-97» ՍՊԸ,53,2807468436,66.18,8,02512868,"ՀՀ կրթության, գիտության, մշակույթի և սպորտի նախարարություն",29,2653970610,94.53,2016-06-06,2026-07-27
01804194,«Հաղթանակ» շուրջօրյա խնամքի կենտրոն» ՊՈԱԿ,14,2762655400,0,1,01506515,ՀՀ  աշխատանքի և սոցիալական հարցերի նախարարություն,14,2762655400,100,2022-01-30,2026-02-04
04001274,Արարատի հիվանդանոց ԲԿ ՓԲԸ,60,2737625279,89.24,2,02507171,ՀՀ  առողջապահության  նախարարություն,59,2737221200,99.99,2017-02-09,2025-08-18
22945907,ԲՄՍ տեխնո ՍՊԸ,23,2721471170,0,1,02550991,«Կրթական ծրագրերի կենտրոն» ԾԻԳ,23,2721471170,100,2024-05-12,2025-02-02
01289778,ԶՆԱԿ ՍՏԱՆԴԱՐՏ ՍՊԸ,11,2712361600,1.78,2,01533334,ՀՀ ներքին գործերի նախարարություն,10,2704561600,99.71,2019-04-30,2026-04-20
08620315,Սևանի ԲԿ ՓԲԸ,72,2677799372,85.74,2,02507171,ՀՀ  առողջապահության  նախարարություն,70,2677502372,99.99,2017-02-09,2025-01-07
02804057,Չարենցավանի ԲԿ ՓԲԸ,67,2618862422,87.66,1,02507171,ՀՀ  առողջապահության  նախարարություն,67,2618862422,100,2017-02-09,2024-02-22
02857994,«ԸԼԱՅՆ ԹԵՔՆՈԼՈՋԻ» ՍՊԸ,13,2600806296,0,1,02565518,ՀՀ բարձր տեխնոլոգիական արդյունաբերության նախարարություն,13,2600806296,100,2023-01-12,2026-08-03
06805261,Սպիտակի ԲԿ,80,2586983718,87.26,1,02507171,ՀՀ  առողջապահության  նախարարություն,80,2586983718,100,2017-02-09,2026-04-09
02510974,«Հ. Պարոնյանի անվան երաժշտական կոմեդիայի պետական թատրոն»  ՊՈԱԿ,36,2562291943,0.63,9,02512868,"ՀՀ կրթության, գիտության, մշակույթի և սպորտի նախարարություն",14,2512485500,98.06,2016-12-01,2026-04-14
02512394,Ե. Չարենցի անվան գրականության և արվեստի թանգարան ՊՈԱԿ,23,2509202200,0.03,2,02512868,"ՀՀ կրթության, գիտության, մշակույթի և սպորտի նախարարություն",21,2507052200,99.91,2018-05-21,2026-08-17
00088132,Երևանի «Արաբկիր» ԱԿ ՓԲԸ,28,2492205524,87.87,3,02507171,ՀՀ  առողջապահության  նախարարություն,20,2488918971,99.87,2016-11-15,2025-04-27
00441242,Սուրբ Գրիգոր Նարեկացի բժշկական կենտրոն ՓԲԸ,69,2488605773,91.05,2,02507171,ՀՀ  առողջապահության  նախարարություն,56,2488445773,99.99,2017-02-09,2026-08-26
00009357,«Ձորակ» շուրջօրյա մասնագիտացված խնամքի կենտրոն» ՊՈԱԿ,11,2445155000,0,1,01506515,ՀՀ  աշխատանքի և սոցիալական հարցերի նախարարություն,11,2445155000,100,2022-01-30,2026-02-04
00841035,Մարի Իզմիրլյանի անվան մանկատուն ՊՈԱԿ,10,2426720800,0,1,01506515,ՀՀ  աշխատանքի և սոցիալական հարցերի նախարարություն,10,2426720800,100,2022-02-01,2026-06-07
08417304,Գավառի ԲԿ ՓԲԸ,76,2423482144,85.2,2,02507171,ՀՀ  առողջապահության  նախարարություն,75,2423132144,99.99,2017-02-09,2026-06-30
01505486,«Նորք» շուրջօրյա խնամքի կենտրոն» ՊՈԱԿ,10,2410441600,0,1,01506515,ՀՀ  աշխատանքի և սոցիալական հարցերի նախարարություն,10,2410441600,100,2022-01-30,2026-02-04
CITIUS33,Foley Hoag LLP,10,2399658488,16.36,1,02505554,ՀՀ վարչապետի աշխատակազմ,10,2399658488,100,2021-06-16,2025-11-23
02568463,Սպասարկում ՊՈԱԿ,23,2379785600,0,1,02505554,ՀՀ վարչապետի աշխատակազմ,23,2379785600,100,2016-07-01,2026-01-15
00404386,թիվ 17 պոլիկլինիկա ՓԲԸ,26,2358408700,89.15,2,02507171,ՀՀ  առողջապահության  նախարարություն,19,2354741975,99.84,2016-08-16,2023-04-25
05501939,Գյումրու մոր և մանկան ավստրիական հիվանդանոց ՓԲԸ,50,2343824330,84.99,3,02507171,ՀՀ  առողջապահության  նախարարություն,48,2343812330,100,2017-02-09,2023-01-22
00886932,ՀՀ ԱՆ Կախվածությունների բուժման ազգային կենտրոն ՓԲԸ,46,2339518064,89.9,6,02507171,ՀՀ  առողջապահության  նախարարություն,28,2138063036,91.39,2017-02-09,2026-02-26
02658388,ՈՒԿՌԻՆՎԵՍՏ ՍՊԸ,10,2335835600,0,1,01533334,ՀՀ ներքին գործերի նախարարություն,10,2335835600,100,2018-02-04,2020-02-19
00014553,<<Բաղրամյան>> առողջության կենտրոն ՓԲԸ,20,2318933050,87.86,3,02507171,ՀՀ  առողջապահության  նախարարություն,15,2318574050,99.98,2017-02-09,2025-08-10
06406902,Ստեփանավանի ԲԿ,61,2295001358,86.8,1,02507171,ՀՀ  առողջապահության  նախարարություն,61,2295001358,100,2017-02-09,2026-04-16
01201955,Թիվ 20 պոլիկլինիկա ՓԲԸ,15,2288172050,89,1,02507171,ՀՀ  առողջապահության  նախարարություն,15,2288172050,100,2017-02-09,2023-04-25
02214646,Առաքելություն Հայաստան ,199,2273260954,0,3,01506515,ՀՀ  աշխատանքի և սոցիալական հարցերի նախարարություն,195,2268466265,99.79,2018-03-22,2026-05-31
01002597,«Երևան» բժշկագիտական կենտրոն ՓԲԸ,37,2268184530,89.8,3,02507171,ՀՀ  առողջապահության  նախարարություն,33,2069154530,91.23,2017-02-09,2026-06-07
02521652,Գ. Սունդուկյանի անվան ազգային ակադեմիական թատրոն ՊՈԱԿ,33,2257808800,0.77,6,02512868,"ՀՀ կրթության, գիտության, մշակույթի և սպորտի նախարարություն",21,2214831800,98.1,2018-12-11,2026-04-29
00124396,Մեդլայն կլինիկ ՍՊԸ,39,2246420369,90.9,1,02507171,ՀՀ  առողջապահության  նախարարություն,39,2246420369,100,2017-02-09,2023-11-12
02562123,«Գույքի գնահատման և աճուրդի կենտրոն» ՊՈԱԿ,76,2229777536,2.93,22,02528489,ՀՀ տարածքային կառավարման և ենթակառուցվածքների  նախարարության  պետական գույքի կառավարման կոմիտե,12,2146942300,96.29,2016-02-15,2026-04-05
01002794,«Լ.Հովհաննիսյանի անվան Սրտաբանության ԳՀԻ» ՓԲԸ,25,2202353440,87.17,2,02507171,ՀՀ  առողջապահության  նախարարություն,23,2097433440,95.24,2017-02-09,2023-02-16
00805413,Երևանի Ավան Առողջության Կենտրոն ՓԲԸ,15,2158925522,94.23,2,02507171,ՀՀ  առողջապահության  նախարարություն,14,2154891725,99.81,2017-02-09,2026-05-25
00011624,ՀՀ ԱՆ ԱԿԱԴԵՄԻԿՈՍ Ս.ԱՎԴԱԼԲԵԿՅԱՆԻ ԱՆՎԱՆ ԱՌՈՂՋԱՊԱՀՈՒԹՅԱՆ ԱԶԳԱՅԻՆ ԻՆՍՏԻՏՈՒՏ,39,2124948450,82.46,3,02507171,ՀՀ  առողջապահության  նախարարություն,35,2123153700,99.92,2017-02-16,2026-06-03
01043009,ԿԱՈՒՊԵՐՎՈՒԴ ԸՆԴ ԿՈ ՍՊԸ,19,2122747693,0,13,00462592,«Հոգեկան առողջության պահպանման ազգային կենտրոն» ՓԲԸ,1,1993200000,93.9,2022-09-21,2023-02-12
06907013,Վանաձորի թիվ 1 պոլիկլինիկա,22,2119289325,87.71,1,02507171,ՀՀ  առողջապահության  նախարարություն,22,2119289325,100,2017-02-09,2023-12-24
02859355,«ՆԵՔՍԹԸՐՍ ՍՏՈՒԴԻՈ ԱՐՄԵՆԻԱ» ՍՊԸ,20,2115809749,0,1,02565518,ՀՀ բարձր տեխնոլոգիական արդյունաբերության նախարարություն,20,2115809749,100,2022-11-27,2026-07-31
03503438,«Հայաստանի ըմբշամարտի ֆեդերացիա» հասարակական կազմակերպությունը,13,2112268500,0,1,02512868,"ՀՀ կրթության, գիտության, մշակույթի և սպորտի նախարարություն",13,2112268500,100,2022-01-23,2026-01-21
00000413,Կուրորտաբանության և ֆիզիկական բժշկության ԳՀԻ ՓԲԸ,11,2108640900,85.54,1,02507171,ՀՀ  առողջապահության  նախարարություն,11,2108640900,100,2017-02-09,2023-01-22
02259006,«ԷՊԱՄ Սիսթեմզ» ՍՊԸ,18,2090320395,0,1,02565518,ՀՀ բարձր տեխնոլոգիական արդյունաբերության նախարարություն,18,2090320395,100,2022-08-14,2026-08-16
03562029,ՄՈՍՏ ԿՈՆՏՐԱԿՏ ՍՊԸ,12,2084646239,0,1,02578338,ՀՀ տարածքային կառավարման և ենթակառուցվածքների նախարարություն,12,2084646239,100,2022-05-12,2026-03-09
04707083,Էջմիածին Բժշկական Կենտրոն ՓԲԸ,29,2072748585,89.12,1,02507171,ՀՀ  առողջապահության  նախարարություն,29,2072748585,100,2017-02-09,2022-09-30
00485116,ԿԵՐԽԵՐ ՍՊԸ,52,2071299638,0.1,23,02593108,Երևանի քաղաքապետարան,5,1986359400,95.9,2020-04-07,2026-08-25
02508235,«Հայաստանի պետական ազգային ակադեմիական երգչախումբ» ՊՈԱԿ,17,2068435800,0.3,3,02512868,"ՀՀ կրթության, գիտության, մշակույթի և սպորտի նախարարություն",13,2062235800,99.7,2021-09-07,2026-06-17
05305424,ԹԱԼԻՆԻ ԲԺՇԿԱԿԱՆ ԿԵՆՏՐՈՆ ՓԲԸ,66,2028665882,87.3,2,02507171,ՀՀ  առողջապահության  նախարարություն,65,2028261803,99.98,2017-02-09,2024-04-07
03301039,Նաիրիի ԲԿ ՓԲԸ,64,2026917571,87.59,2,02507171,ՀՀ  առողջապահության  նախարարություն,63,2026881571,100,2017-02-09,2024-01-02
01574474,«ԻԱՅՍԻՏԵԼԵԿՈՄ» ՍՊԸ,89,2015176108,0.16,49,02505554,ՀՀ վարչապետի աշխատակազմ,1,1920669540,95.31,2017-02-21,2026-08-20
01835789,Ռադվան Տեխնոլոգիա ՍՊԸ,11,2005240390,67.58,1,02522157,ՀՀ  պաշտպանության  նախարարություն,11,2005240390,100,2017-04-05,2022-03-03
08909438,«Եղեգնաձորի պոլիկլինիկա»ՓԲԸ,76,1998973903,87.2,3,02507171,ՀՀ  առողջապահության  նախարարություն,68,1997432102,99.92,2009-04-22,2025-06-04
01503749,ՎՆԱՍՎԱԾՔԱԲԱՆՈՒԹՅԱՆ ԵՎ ՕՐԹՈՊԵԴԻԱՅԻ ԳԻՏԱԿԱՆ ԿԵՆՏՐՈՆ ՓԲԸ,35,1978124740,73.93,1,02507171,ՀՀ  առողջապահության  նախարարություն,35,1978124740,100,2017-02-09,2023-01-22
00878075,Թիվ 16 պոլիկլինիկա ՓԲԸ,18,1972954039,90.36,2,02507171,ՀՀ  առողջապահության  նախարարություն,17,1972948039,100,2017-02-09,2023-04-25
01829736,«Զինառ» ՓԲԸ,20,1959362667,97.77,1,02522157,ՀՀ  պաշտպանության  նախարարություն,20,1959362667,100,2016-07-26,2026-02-05
00846441,Հայաստանի տարածքային զարգացման հիմնադրամ,14,1923685500,0,1,02578338,ՀՀ տարածքային կառավարման և ենթակառուցվածքների նախարարություն,14,1923685500,100,2022-11-17,2026-03-26
02509478,Իրավական կրթության և վերականգնողական ծրագրերի իրականացման կենտրոն ՊՈԱԿ,15,1921127571,1.23,3,02506264,ՀՀ  արդարադատության նախարարություն,12,1895346000,98.66,2017-03-20,2026-03-03
02547542,«Հայաստանի ծանրամարտի ֆեդերացիա» հասարակական կազմակերպություն,12,1908940000,0,1,02512868,"ՀՀ կրթության, գիտության, մշակույթի և սպորտի նախարարություն",12,1908940000,100,2022-01-23,2026-01-21
02519385,«Հայաստանի պետական ֆիլհարմոնիա» ՊՈԱԿ,73,1889803200,0.12,2,02512868,"ՀՀ կրթության, գիտության, մշակույթի և սպորտի նախարարություն",72,1887603200,99.88,2021-09-28,2026-04-07
09810302,«ՍԻՍԻԱՆԻ ԲԺՇԿԱԿԱՆ ԿԵՆՏՐՈՆ» ՓԲԸ,68,1880016037,90.58,2,02507171,ՀՀ  առողջապահության  նախարարություն,67,1879071037,99.95,2017-02-09,2026-05-28
04418902,ՄԵԾԱՄՈՐԻ ԲԺՇԿԱԿԱՆ ԿԵՆՏՐՈՆ ՓԲԸ,67,1860309930,83.08,3,02507171,ՀՀ  առողջապահության  նախարարություն,63,1800766930,96.8,2017-02-09,2024-11-20
07203406,Տաշիրի ԲԿ,88,1856480068,87.02,2,02507171,ՀՀ  առողջապահության  նախարարություն,86,1855877068,99.97,2017-02-09,2026-05-04
00009381,Երևանտրանս ՓԲԸ,16,1840787960,0,1,02593108,Երևանի քաղաքապետարան,16,1840787960,100,2016-12-14,2024-12-19
04438168,Ատես,17,1838043352,0,2,02593108,Երևանի քաղաքապետարան,16,1667922600,90.74,2025-04-24,2026-06-01
00115044,Կառլեն Եսայանի անվան պոլիկլինիկա ՓԲԸ,16,1789138735,88.86,2,02507171,ՀՀ  առողջապահության  նախարարություն,15,1789114735,100,2017-02-09,2026-05-04
02205217,ԵՐԵՎԱՆԻ «ԲԱԳՐԱՏՈՒՆՅԱՑ» ԱՌՈՂՋՈՒԹՅԱՆ ԿԵՆՏՐՈՆ ՓԲԸ,25,1787529250,88.94,2,02507171,ՀՀ  առողջապահության  նախարարություն,22,1785838050,99.91,2017-02-09,2026-06-03
02533144,Մանմար ՓԲԸ,22,1771448605,76.32,3,02512868,"ՀՀ կրթության, գիտության, մշակույթի և սպորտի նախարարություն",17,1764465005,99.61,2016-06-13,2025-06-22
06107489,Արթիկի ԲԿ,62,1732639883,92.32,3,02507171,ՀՀ  առողջապահության  նախարարություն,53,1731377050,99.93,2005-08-22,2026-08-19
05500411,ՀՀ ԱՆ «Հանրապետական շտապ օգնության ծառայություն» ՓԲԸ,15,1689848480,77.18,2,02507171,ՀՀ  առողջապահության  նախարարություն,13,1689778480,100,2017-02-09,2026-08-12
01564591,ԻռՎինգ ՍՊԸ,57,1677788384,86.15,2,02507171,ՀՀ  առողջապահության  նախարարություն,56,1677238695,99.97,2017-02-09,2023-04-25
02661245,Հանրապետական մանկավարժահոգեբանական կենտրոն ՊՈԱԿ,10,1666988600,0,1,02512868,"ՀՀ կրթության, գիտության, մշակույթի և սպորտի նախարարություն",10,1666988600,100,2022-02-06,2026-02-15
07404792,Նոյեմբերյանի բժշկական կենտրոն ՓԲԸ,93,1649701375,86.06,1,02507171,ՀՀ  առողջապահության  նախարարություն,93,1649701375,100,2017-02-02,2026-02-19
07806692,Բերդի բժշկական կենտրոն ՓԲԸ,83,1647408387,86.47,1,02507171,ՀՀ  առողջապահության  նախարարություն,83,1647408387,100,2017-02-09,2026-03-08
00458201,Նոր Արեշ պոլիկլինիկա ՓԲԸ,14,1642538125,88.15,1,02507171,ՀՀ  առողջապահության  նախարարություն,14,1642538125,100,2017-02-09,2023-01-22
05503178,ՄԻՋԱԶԳԱՅԻՆ ԿԱՐՄԻՐ ԽԱՉԻ ԱՆՎԱՆ ՊՈԼԻԿԼԻՆԻԿԱ ՓԲԸ,16,1528412300,88.47,1,02507171,ՀՀ  առողջապահության  նախարարություն,16,1528412300,100,2017-02-09,2023-04-25
07614373,Իջևանի բժշկական կենտրոն ՓԲԸ,64,1526330170,91.25,2,02507171,ՀՀ  առողջապահության  նախարարություն,62,1525702420,99.96,2017-02-09,2026-02-08
02861974,ԲՕՍՏՕՆՋԵՆ ԹԵՔՆՈԼՈՋԻՍ ՍՊԸ,19,1525794072,0,1,02565518,ՀՀ բարձր տեխնոլոգիական արդյունաբերության նախարարություն,19,1525794072,100,2023-01-09,2026-07-30
02907068,Մշակույթի զարգացման հիմնադրամ,53,1525727445,0,1,02512868,"ՀՀ կրթության, գիտության, մշակույթի և սպորտի նախարարություն",53,1525727445,100,2024-08-18,2026-08-12
05204539,Ապարանի բժշկական կենտրոն ՓԲԸ,52,1517004995,87.32,1,02507171,ՀՀ  առողջապահության  նախարարություն,52,1517004995,100,2017-02-09,2023-05-31
02880985,«Ժողովրդական երաժշտության և պարի ազգային կենտրոն» ՊՈԱԿ,36,1494865900,0.89,4,02512868,"ՀՀ կրթության, գիտության, մշակույթի և սպորտի նախարարություն",31,1481505900,99.11,2023-01-26,2026-06-14
00118713,Լարս ՍՊԸ,14,1482392290,8.63,2,02522157,ՀՀ  պաշտպանության  նախարարություն,12,1392892290,93.96,2017-01-31,2024-07-10
02508131,Նաիրի բժշկական կենտրոն ՓԲԸ,30,1471308770,92.27,2,02507171,ՀՀ  առողջապահության  նախարարություն,28,1471210770,99.99,2017-02-09,2023-01-22
02854679,«ՔՎԱՆՏՈՐԻ ԱՄ» ՍՊԸ,16,1455546392,0,1,02565518,ՀՀ բարձր տեխնոլոգիական արդյունաբերության նախարարություն,16,1455546392,100,2022-08-15,2026-03-31
00006023,Հայկական Կարմիր խաչի ընկերություն,18,1438380991,0,1,01506515,ՀՀ  աշխատանքի և սոցիալական հարցերի նախարարություն,18,1438380991,100,2022-01-26,2026-01-04
05502201,Էնրիկո Մատտեի անվան պոլիկլինիկա ՓԲԸ,24,1422938625,89.23,4,02507171,ՀՀ  առողջապահության  նախարարություն,16,1412804575,99.29,2014-11-07,2025-08-18
01401336,Ճառագայթային բժշկության և այրվածքների գիտական կենտրոն ՓԲԸ,27,1417682861,78.5,2,02507171,ՀՀ  առողջապահության  նախարարություն,26,1417682860,100,2017-02-09,2022-01-23
02516413,<Հ. Թումանյանի անվան պետական տիկնիկային թատրոն> ՊՈԱԿ,24,1406793900,1.37,6,02512868,"ՀՀ կրթության, գիտության, մշակույթի և սպորտի նախարարություն",16,1387379900,98.62,2017-12-15,2026-05-25
07602548,Իջևանի առողջության առաջնային պահպանման կենտրոն,34,1406718516,89.7,2,02507171,ՀՀ  առողջապահության  նախարարություն,28,1404461516,99.84,2014-12-20,2023-04-25
08400345,ԲԱԶԱԼՏՇԻՆ  ԱԿ,10,1406151226,0,3,02565827,ՀՀ քաղաքաշինության կոմիտե,8,1403570713,99.82,2016-12-19,2020-11-05
09103554,Վայքի ԲՄ,77,1405724447,86.88,1,02507171,ՀՀ  առողջապահության  նախարարություն,77,1405724447,100,2017-02-09,2025-12-18
02560522,Հայաստանի շախմատի ակադեմիա հիմնադրամ,25,1404548400,35.32,4,02512868,"ՀՀ կրթության, գիտության, մշակույթի և սպորտի նախարարություն",19,1401393400,99.78,2017-04-12,2026-03-02
05500249,ԳՅՈՒՄՐՈՒ Ն.Ա.ՄԵԼԻՔՅԱՆԻ ԱՆՎԱՆ ԹԻՎ 2 ՊՈԼԻԿԼԻՆԻԿԱ ՓԲԸ,17,1398664475,80.24,2,02507171,ՀՀ  առողջապահության  նախարարություն,16,1398664475,100,2017-02-09,2026-07-07
00405431,«ԴԱՏԱ–ԲԺՇԿԱԿԱՆ ԳԻՏԱԳՈՐԾՆԱԿԱՆ ԿԵՆՏՐՈՆ» ՊՈԱԿ,270,1394791755,28.2,5,02507171,ՀՀ  առողջապահության  նախարարություն,13,1365370755,97.89,2017-02-16,2026-08-17
02253996,Արշակունյաց պոլիկլինիկա ՓԲԸ,17,1384875650,88.14,1,02507171,ՀՀ  առողջապահության  նախարարություն,17,1384875650,100,2017-02-09,2023-04-25
01224751,«Սեյսմիկ պաշտպանության տարածքային ծառայություն» ՊՈԱԿ,14,1380065800,1.87,9,00153247,ՀՀ արտակարգ իրավիճակների նախարարություն,2,1351678800,97.94,2021-06-28,2026-05-13
00882484,«ԶԵՆՈՆ» ՍՊԸ,11,1367840750,4.56,2,02578338,ՀՀ տարածքային կառավարման և ենթակառուցվածքների նախարարություն,9,1273970270,93.14,2015-06-21,2025-02-05
05204555,Ծաղկահովիտի ԱԿ ՓԲԸ,56,1363095990,87,1,02507171,ՀՀ  առողջապահության  նախարարություն,56,1363095990,100,2017-02-09,2023-04-25
01289288,«ԴԱՏԱԱՐՏ․ԱՄ» ՍՊԸ,21,1362495724,0,1,02565518,ՀՀ բարձր տեխնոլոգիական արդյունաբերության նախարարություն,21,1362495724,100,2022-08-04,2026-07-28
01540741,Բեգլարյան բժշկական կենտրոն ՓԲԸ,43,1357169549,72.83,1,02507171,ՀՀ  առողջապահության  նախարարություն,43,1357169549,100,2017-02-02,2023-01-22
04101356,Ակ. Ա.Հայրիյանի անվան Արմաշի ԱԿ ՓԲԸ,23,1338988864,87.94,1,02507171,ՀՀ  առողջապահության  նախարարություն,23,1338988864,100,2017-02-09,2024-02-11
01506987,Վ.Ավագյանի անվան բժշկական կենտրոն,32,1335871060,87.1,1,02507171,ՀՀ  առողջապահության  նախարարություն,32,1335871060,100,2017-02-09,2023-01-22
02515823,Կ. Ստանիսլավսկու անվան ռուսական պետական դրամատիկական թատրոն ՊՈԱԿ,21,1330667600,0.43,4,02512868,"ՀՀ կրթության, գիտության, մշակույթի և սպորտի նախարարություն",14,1325007600,99.57,2021-10-19,2026-06-17
04226994,Լեգիոն 9 ՍՊԸ,23,1323037880,0.38,2,01533334,ՀՀ ներքին գործերի նախարարություն,22,1322737880,99.98,2016-08-12,2026-02-12
01505813,Միր միջպետական հեռուստառադիոընկերություն ՀՀ Ազգային մասնաճյուղ,11,1319928900,0.54,2,02512868,"ՀՀ կրթության, գիտության, մշակույթի և սպորտի նախարարություն",5,1312778900,99.46,2022-02-01,2026-06-04
01209339,ԷԼԻՏ ՊՐՈԴ ՍՊԸ,15,1304848836,0,2,02522157,ՀՀ  պաշտպանության  նախարարություն,13,1288085636,98.72,2017-01-30,2021-03-29
05507677,«Գյումրու հոգեկան առողջության կենտրոն» ՓԲԸ,23,1301778228,89.75,3,02507171,ՀՀ  առողջապահության  նախարարություն,18,1299238228,99.8,2017-02-09,2026-02-17
09407988,«ՍՅՈԻՆԻՔԻ ՄԱՐԶԱՅԻՆ ՆՅԱՐԴԱՀՈԳԵԲՈՒԺԱԿԱՆ ԴԻՍՊԱՆՍԵՐ» ՓԲԸ,137,1286818378,91.13,4,02507171,ՀՀ  առողջապահության  նախարարություն,18,1280173928,99.48,2017-02-09,2026-07-16
06907229,Վանաձորի թիվ 3 պոլիկլինիկա,23,1275835700,87.31,1,02507171,ՀՀ  առողջապահության  նախարարություն,23,1275835700,100,2017-02-02,2023-04-25
00806733,Թիվ 22 պոլիկլինիկա ՓԲԸ,15,1270317500,85.3,1,02507171,ՀՀ  առողջապահության  նախարարություն,15,1270317500,100,2017-02-09,2023-04-25
06926461,«Հայաստանի սամբոյի ֆեդերացիա» հասարակական կազմակերպություն,14,1251886300,0,1,02512868,"ՀՀ կրթության, գիտության, մշակույթի և սպորտի նախարարություն",14,1251886300,100,2022-01-23,2026-03-24
04401986,"«Սարդարապատի հերոսամարտի հուշահամալիր, Հայոց ազգագրության և ազատագրական պայքարի պատմության ազգային թանգարան» ՊՈԱԿ",11,1244478000,0,2,02512868,"ՀՀ կրթության, գիտության, մշակույթի և սպորտի նախարարություն",10,1244466000,100,2022-02-01,2026-02-02
05803576,Ախուրյանի մոր և մանկան ԱԿ հիմնադրամ,36,1243443800,80.52,1,02507171,ՀՀ  առողջապահության  նախարարություն,36,1243443800,100,2017-02-09,2023-04-25
00868322,ՍՈՒՐԳԵՎ  ՍՊԸ,38,1240934530,0,2,02565827,ՀՀ քաղաքաշինության կոմիտե,37,1240136530,99.94,2019-04-24,2023-11-08
90032472,Վանգաս ՍՊԸ,18,1240488560,0,2,02522157,ՀՀ  պաշտպանության  նախարարություն,17,1236349160,99.67,2016-11-25,2020-06-07
06901582,Սլացք ՓԲԸ,25,1238129268,0.08,1,02522157,ՀՀ  պաշտպանության  նախարարություն,25,1238129268,100,2017-06-09,2026-05-28
01203239,«ՀԿԽԸ ՄՎԿ Գրացիա» ՍՊԸ,12,1234204440,97.03,2,02507171,ՀՀ  առողջապահության  նախարարություն,10,1224151940,99.19,2016-09-15,2023-01-22
08617165,«ՃԱՄԲԱՐԱԿԻ ԱՌՈՂՋՈՒԹՅԱՆ ԿԵՆՏՐՈՆ » ՓԲԸ,72,1230569196,84.54,2,02507171,ՀՀ  առողջապահության  նախարարություն,70,1229925196,99.95,2017-02-09,2026-04-22
05552136,Շիրակի մարզի երեխայի և ընտանիքի աջակցության կենտրոն ՊՈԱԿ,10,1199961600,0,1,01506515,ՀՀ  աշխատանքի և սոցիալական հարցերի նախարարություն,10,1199961600,100,2022-02-01,2026-02-04
02853969,«ՄԻՐՈ ԱՐՄԵՆԻԱ» ՍՊԸ,14,1198849965,0,1,02565518,ՀՀ բարձր տեխնոլոգիական արդյունաբերության նախարարություն,14,1198849965,100,2022-08-08,2026-04-27
07300626,«ԳՈՒԳԱՐՔ» ԿԵՆՏՐՈՆԱԿԱՆ ՊՈԼԻԿԼԻՆԻԿԱ ՊԵՏԱԿԱՆ ՓԲԸ,23,1195302375,87.8,2,02507171,ՀՀ  առողջապահության  նախարարություն,21,1194685375,99.95,2017-02-09,2024-08-28
01805319,Թիվ 15 պոլիկլինիկա ՓԲԸ,15,1177910500,85.39,1,02507171,ՀՀ  առողջապահության  նախարարություն,15,1177910500,100,2017-02-09,2023-04-25
00473169,ՕԲՈՐՈՆ ՏԵՔՍՏԻԼ ՍՊԸ,83,1168427047,0,5,02522157,ՀՀ  պաշտպանության  նախարարություն,64,1088325562,93.14,2019-01-17,2021-09-09
09705024,ՄԵՂՐՈՒ ՏԱՐԱԾԱՇՐՋԱՆԱՅԻՆ ԲԺՇԿԱԿԱՆ ԿԵՆՏՐՈՆ  ՓԲԸ,79,1139187064,84.8,1,02507171,ՀՀ  առողջապահության  նախարարություն,79,1139187064,100,2017-02-09,2025-06-15
05503548,Գյումրու Վ․ Աճեմյանի անվան պետական դրամատիկական թատրոն ՊՈԱԿ,21,1102412518,0.13,3,02512868,"ՀՀ կրթության, գիտության, մշակույթի և սպորտի նախարարություն",19,1101032518,99.87,2021-09-22,2026-03-19
00801231,Երևանի  Զատիկ երեխաների աջակցության կենտրոն ՊՈԱԿ,10,1079376300,0,1,01506515,ՀՀ  աշխատանքի և սոցիալական հարցերի նախարարություն,10,1079376300,100,2022-02-01,2026-02-04
02514442,«Հայաստանի պատմության թանգարան» ՊՈԱԿ,49,1067804700,0.22,8,02512868,"ՀՀ կրթության, գիտության, մշակույթի և սպորտի նախարարություն",15,1061501900,99.41,2016-12-16,2026-06-25
02513397,Աշխատանքային Ռեզերվներ Մարզակամ Հասարակական Կազմակերպություն,11,1050726912,0,1,02512868,"ՀՀ կրթության, գիտության, մշակույթի և սպորտի նախարարություն",11,1050726912,100,2016-12-23,2026-02-10
06906895,Վանաձորի թիվ 5 պոլիկլինիկա,28,1046854100,87.95,2,02507171,ՀՀ  առողջապահության  նախարարություն,16,1046632100,99.98,2017-02-09,2026-08-24
02569407,Սոս Սարգսյանի անվան համազգային  թատրոն ՊՈԱԿ,24,1043743900,1.03,4,02512868,"ՀՀ կրթության, գիտության, մշակույթի և սպորտի նախարարություն",16,1032902900,98.96,2017-03-16,2026-06-08
02569999,«Արինտերլև» ՓԲԸ,37,1040281320,82.5,5,02507171,ՀՀ  առողջապահության  նախարարություն,23,986144820,94.8,2017-02-09,2026-06-30
08803091,Վարդենիսի բժշկական կենտրոն,62,1035231199,83.44,3,02507171,ՀՀ  առողջապահության  նախարարություն,60,1024293699,98.94,2017-02-09,2026-03-08
08406083,ԳԱՎԱՌԻ ԲԺՇԿԱԿԱՆ ԿԵՆՏՐՈՆ ՓԲԸ,22,1022753596,84.97,2,02507171,ՀՀ  առողջապահության  նախարարություն,17,1021305600,99.86,2013-12-26,2022-01-23
08623502,ՄՈՒՐԱԴՅԱՆ ՔՈՆՍԹՐԱՔՇՆ ՍՊԸ,52,1022178200,0,3,02593108,Երևանի քաղաքապետարան,50,1019961200,99.78,2021-03-11,2026-07-01
02630484,«Կոմիտասի թանգարան-ինստիտուտ» ՊՈԱԿ,18,1019408600,0.27,3,02512868,"ՀՀ կրթության, գիտության, մշակույթի և սպորտի նախարարություն",16,1016628600,99.73,2018-12-19,2026-02-02
00455925,ԴԱՎԻԹՇԻՆ ՍՊԸ,26,995568150,0,6,02593108,Երևանի քաղաքապետարան,13,908556790,91.26,2017-02-14,2023-04-03
00126436,Գրանդ Ավտո ՍՊԸ,33,975230350,2.18,1,00476409,Էկոպարեկային ծառայություն,33,975230350,100,2024-11-10,2026-08-04
01202433,ԵՐԵՎԱՆՅԱՆ ԲԱԶԱԼՏ ՍՊԸ,11,971013898,2.19,1,02593108,Երևանի քաղաքապետարան,11,971013898,100,2023-05-09,2026-06-28
03517269,«ՍՕՍ-Մանկական Գյուղեր» հայկական բարեգործական հիմնադրամ,25,965881885,0,2,01506515,ՀՀ  աշխատանքի և սոցիալական հարցերի նախարարություն,24,959881885,99.38,2022-01-25,2026-04-21
00009253,Էդիթ Պրինտ ՍՊԸ,57,948892086,54.98,9,02512868,"ՀՀ կրթության, գիտության, մշակույթի և սպորտի նախարարություն",30,856450466,90.26,2016-06-14,2026-07-27
05500891,Գյումրու Վ.Աբաջյանի անվան Ընտանեկան ԲԿ ՓԲԸ,25,947356550,87.41,1,02507171,ՀՀ  առողջապահության  նախարարություն,25,947356550,100,2017-02-09,2023-04-25
05807457,Ախուրյանի ԲԿ ՓԲԸ,45,945308725,86.58,1,02507171,ՀՀ  առողջապահության  նախարարություն,45,945308725,100,2017-02-09,2023-04-25
01805215,Երևանի քաղաքապետարանի թիվ 9 մանկական պոլիկլինիկա,17,939526205,96.49,1,02507171,ՀՀ  առողջապահության  նախարարություն,17,939526205,100,2017-02-09,2023-04-25
02230805,ՄԱՄԼԻՉ-ՆԿ ՍՊԸ  ,46,928642959,0,5,04401874,«Հայկական ատոմային էլեկտրակայան» ՓԲԸ,40,908591199,97.84,2018-05-07,2026-06-22
03509365,Աբովյանի ծննդատուն ՊՓԲԸ,38,925108699,78.47,1,02507171,ՀՀ  առողջապահության  նախարարություն,38,925108699,100,2017-02-09,2026-03-08
09428016,Սյունիքի մարզի երեխայի աջակցության և խնամքի կենտրոն ՊՈԱԿ,10,922458200,0,1,01506515,ՀՀ  աշխատանքի և սոցիալական հարցերի նախարարություն,10,922458200,100,2022-02-02,2026-02-05
01202742,Մաշկաբանության և սեռավարակաբանության ԲԳԿ ՓԲԸ,14,918036310,90.95,1,02507171,ՀՀ  առողջապահության  նախարարություն,14,918036310,100,2017-02-09,2022-01-23
00115079,Արաբկիր մանկական պոլիկլինիկա ՓԲԸ,11,912962265,86.42,1,02507171,ՀՀ  առողջապահության  նախարարություն,11,912962265,100,2017-02-09,2022-09-30
06001341,Մարալիկի ԱԿ ՓԲԸ,37,904762888,87.78,1,02507171,ՀՀ  առողջապահության  նախարարություն,37,904762888,100,2017-02-09,2025-08-18
01299858,ՑԵՆՏՌԱ ԿՈԼ,31,900693320,0,6,02593108,Երևանի քաղաքապետարան,25,820454960,91.09,2020-02-23,2026-08-18
00877786,Մաստերֆուդ ՍՊԸ,14,894677008,32.04,1,02522157,ՀՀ  պաշտպանության  նախարարություն,14,894677008,100,2016-03-09,2019-05-09
01506188,«Երևանի կամերային պետական թատրոն»  ՊՈԱԿ,12,889206692,0.17,2,02512868,"ՀՀ կրթության, գիտության, մշակույթի և սպորտի նախարարություն",11,887711692,99.83,2021-09-23,2026-03-09
02555092,«Հայաստանի Հանրապետության բռնցքամարտի ֆեդերացիա» հասարակական կազմակերպություն,11,884984800,0,1,02512868,"ՀՀ կրթության, գիտության, մշակույթի և սպորտի նախարարություն",11,884984800,100,2022-01-24,2026-01-22
01847941,Քլինլայն ՍՊԸ,11,874634450,0.24,5,00000911,«Կարեն Դեմիրճյանի անվան Երևանի մետրոպոլիտեն» ՓԲԸ,5,872568000,99.76,2018-02-26,2026-05-05
01505616,Թիվ 4 պոլիկլինիկա,17,871887335,89.27,1,02507171,ՀՀ  առողջապահության  նախարարություն,17,871887335,100,2017-02-09,2023-04-25
08202815,Մարտունու ԲԿ ՓԲԸ,30,867753733,79.82,1,02507171,ՀՀ  առողջապահության  նախարարություն,30,867753733,100,2017-02-09,2024-01-02
00007583,«Հայաստանի կարատեի ֆեդերացիա» հասարակական կազմակերպություն,13,866629900,0,1,02512868,"ՀՀ կրթության, գիտության, մշակույթի և սպորտի նախարարություն",13,866629900,100,2022-01-23,2026-06-21
07203843,ԼԻՄՀԵՐԹ ՍՊԸ,18,862841764,0.75,4,06400733,Ստեփանավանի համայնքապետարան,15,780133395,90.41,2017-06-23,2026-05-25
06904082,Մասիս ՍՊԸ,17,859896445,0.06,4,00846441,Հայաստանի տարածքային զարգացման հիմնադրամ,11,784158640,91.19,2018-11-26,2026-07-07
01573636,«Հովհաննես Շարամբեյանի անվան ժողովրդական արվեստների թանգարան» ՊՈԱԿ,45,855700400,0.07,2,02512868,"ՀՀ կրթության, գիտության, մշակույթի և սպորտի նախարարություն",44,855658400,100,2021-10-18,2026-08-13
02254002,Կարմիր բլուր պոլիկլինիկա ՓԲԸ,15,855229975,87.86,1,02507171,ՀՀ  առողջապահության  նախարարություն,15,855229975,100,2017-02-09,2023-04-25
02854567,«ՋԻ-ԴԻ ԷՅ-ԷՄ» ՍՊԸ,14,853346213,0,1,02565518,ՀՀ բարձր տեխնոլոգիական արդյունաբերության նախարարություն,14,853346213,100,2023-05-10,2026-08-13
01064204,««Արցախճան» ինստիտուտ» ՓԲԸ,123,849792849,34.64,12,02578338,ՀՀ տարածքային կառավարման և ենթակառուցվածքների նախարարություն,89,766030849,90.14,2016-09-24,2026-06-30
06003885,ES Group Europe s.r.o.,11,842117756,0,1,04401874,«Հայկական ատոմային էլեկտրակայան» ՓԲԸ,11,842117756,100,2021-12-21,2026-04-06
03304362,ՆորՀաճընի Պոլիկլինիկա ՊՓԲԸ,30,841950325,87.91,2,02507171,ՀՀ  առողջապահության  նախարարություն,24,834402725,99.1,2017-02-09,2023-11-07
02840667,Ստեպ Լոջիկ ՍՊԸ,20,827617011,0.11,10,02629081,ՀՀ ֆինանսների նախարարություն,8,783211764,94.63,2021-08-11,2026-06-30
01239894,ՇԻՆՀԱՅ ՊՈ ՍՊԸ,43,825010810,0,1,02593108,Երևանի քաղաքապետարան,43,825010810,100,2017-02-03,2026-05-28
05503375,Բեռլին պոլիկլինիկա ՓԲԸ,15,805067715,87.06,1,02507171,ՀՀ  առողջապահության  նախարարություն,15,805067715,100,2017-02-09,2023-04-25
00107399,ՀՀ ՊԵԿ «ՈՒսումնական կենտրոն» ՊՈԱԿ,64,799709934,0.77,23,02647057,ՀՀ պետական եկամուտների կոմիտե,31,785970511,98.28,2017-03-14,2026-08-23
01549522,Արմամաքս ՍՊԸ,12,793038000,94.77,1,02507171,ՀՀ  առողջապահության  նախարարություն,12,793038000,100,2017-02-09,2023-01-22
04715288,Ռադար-Ավիա ՓԲԸ,12,792701748,87.12,1,02522157,ՀՀ  պաշտպանության  նախարարություն,12,792701748,100,2017-05-31,2026-06-03
01818051,Ֆարմատեք ՓԲԸ,14,780739550,7.03,6,02507171,ՀՀ  առողջապահության  նախարարություն,7,722838050,92.58,2016-12-01,2026-06-04
02863508,ԱՋԱՓՆՅԱԿ ՔՈՆՍԹՐԱՔՇՆ ՍՊԸ,12,779764437,0,2,02593108,ԵՐԵՎԱՆԻ ՔԱՂԱՔԱՊԵՏԱՐԱՆ,11,724257307,92.88,2023-06-22,2026-08-12
01804548,Ատոմային էլեկտրակայանների շահագործման հայկական գիտահետազոտական ինստիտուտ ՓԲԸ,17,772911600,1.64,1,04401874,«Հայկական ատոմային էլեկտրակայան» ՓԲԸ,17,772911600,100,2019-04-04,2025-06-01
02512026,Արամյանց բժշկական կենտրոն ՓԲԸ,26,768671390,77.95,1,02507171,ՀՀ  առողջապահության  նախարարություն,26,768671390,100,2017-02-09,2023-01-22
02511444,«Պատմամշակութային ժառանգության գիտահետազոտական կենտրոն» ՊՈԱԿ,40,759851513,1.09,4,02512868,"ՀՀ կրթության, գիտության, մշակույթի և սպորտի նախարարություն",36,752658949,99.05,2017-12-22,2026-06-23
08802975,Վարդենիսի բժշկական կենտրոն ՓԲԸ,11,753906540,87.43,1,02507171,ՀՀ  առողջապահության  նախարարություն,11,753906540,100,2017-02-09,2022-01-23
00113126,Գեոդեզիա և քարտեզագրություն ՊՈԱԿ,17,750113383,0.05,8,02534328,ՀՀ կադաստրի կոմիտե,9,745655283,99.41,2017-03-22,2019-12-17
00115353,Ատրիում պրո ստուդիո ՍՊԸ,12,737198000,0,1,02565827,ՀՀ քաղաքաշինության կոմիտե,12,737198000,100,2018-05-06,2023-01-30
01806759,«ՀԱՆՐԱՊԵՏԱԿԱՆ ՎԵՐԱԿԱՆԳՆՈՂԱԿԱՆ ԿԵՆՏՐՈՆ» ՓԲԸ,16,708010690,98.21,2,02507171,ՀՀ  առողջապահության  նախարարություն,15,707382940,99.91,2017-02-09,2025-03-12
01568139,«ԲԵՍԹ ՍՈՖԹ» ՓԲԸ,34,706337000,70.97,7,02534328,ՀՀ կադաստրի կոմիտե,23,653136000,92.47,2017-02-28,2026-06-03
05502958,Գյումրու թիվ 1 պոլիկլինիկա ՓԲԸ,15,705475545,86.63,1,02507171,ՀՀ  առողջապահության  նախարարություն,15,705475545,100,2017-02-09,2023-04-25
00111893,Սլավմեդ Բժշկական Կենտրոն ՍՊԸ,31,697466249,84.11,1,02507171,ՀՀ  առողջապահության  նախարարություն,31,697466249,100,2017-02-09,2023-01-22
00802759,Աշխատանքի և սոցիալական հետազոտությունների ազգային ինստիտուտ  պետական ոչ առևտրային կազմակերպություն,37,693751232,0,2,01506515,ՀՀ  աշխատանքի և սոցիալական հարցերի նախարարություն,36,689346200,99.37,2017-04-11,2026-03-25
02236157,«Կրտսեր Ալեքսանյան և որդիներ» ՍՊԸ,38,679880200,73.18,3,02505511,Միասնական սոցիալական ծառայություն,18,622034200,91.49,2016-07-14,2026-04-15
06902087,ԼՈՌՈՒ ՄԱՐԶԱՅԻՆ ՀՈԳԵՆՅԱՐԴԱԲԱՆԱԿԱՆ ԴԻՍՊԱՆՍԵՐ ՊՓԲԸ,1093,679879730,89.89,4,02507171,ՀՀ  առողջապահության  նախարարություն,18,628134730,92.39,2017-02-09,2026-08-16
06103067,Արթիկի մոր և մանկան առողջության պահպանման կենտրոն ՓԲԸ,39,670742745,78.19,1,02507171,ՀՀ  առողջապահության  նախարարություն,39,670742745,100,2017-02-09,2023-01-22
07404587,Սուֆետ  ՍՊԸ,66,670244386,38.46,6,02578338,ՀՀ տարածքային կառավարման և ենթակառուցվածքների նախարարություն,44,651869921,97.26,2016-09-28,2025-12-01
01804186,Երևանի Մխիթար Սեբաստացի կրթահամալիր ՊՈԱԿ,10,666658700,0.14,4,02512868,"ՀՀ կրթության, գիտության, մշակույթի և սպորտի նախարարություն",6,624638700,93.7,2021-12-20,2026-02-08
01272278,Ալեքս Հոլդինգ ՍՊԸ,28,664795393,2.74,5,02522157,ՀՀ  պաշտպանության  նախարարություն,7,663332788,99.78,2016-12-19,2019-01-20
03509786,Կ.Խ. անվան Գառնիի ԱԿ ՊՈԱԿ,30,652738749,88.38,1,02507171,ՀՀ  առողջապահության  նախարարություն,30,652738749,100,2017-02-09,2026-03-31
02638968,Ուիգմոր Քլինիք ՓԲԸ,22,648167321,98.9,1,02507171,ՀՀ  առողջապահության  նախարարություն,22,648167321,100,2018-10-24,2024-02-14
06802521,Մեծ Պառնիի ԱԿ ՊՓԲԸ,19,643682610,86.59,1,02507171,ՀՀ  առողջապահության  նախարարություն,19,643682610,100,2017-02-09,2023-04-25
05533967,Գյումրու ինֆեկցիոն-հակատուբերկուլյոզային հիվանդանոց ՓԲԸ,15,610380510,72.08,1,02507171,ՀՀ  առողջապահության  նախարարություն,15,610380510,100,2017-02-09,2021-02-22
04224354,Մաստեր Ֆարմ ՍՊԸ,33,608531679,91.76,5,02507171,ՀՀ  առողջապահության  նախարարություն,22,559019545,91.86,2017-03-06,2026-07-22
00077257,Դոմ-Դենիել ՍՊԸ,22,597113108,0,4,02534328,ՀՀ կադաստրի կոմիտե,19,561107708,93.97,2016-11-07,2026-05-11
01249468,ՖԱՐՄԱՐ ՇԻՆ ՍՊԸ,10,596993584,0,1,05031479,ՀՀ Արագածոտնի մարզպետի աշխատակազմ,10,596993584,100,2015-12-29,2026-02-09
01219297,Ս. Սարգսյան և գործընկերներ ՍՊԸ,18,596889560,86.83,1,02507171,ՀՀ  առողջապահության  նախարարություն,18,596889560,100,2017-02-09,2023-01-22
02538292,«Հայաստանի հրաձգության ֆեդերացիա» հասարակական կազմակերպություն,11,590244500,3.5,1,02512868,"ՀՀ կրթության, գիտության, մշակույթի և սպորտի նախարարություն",11,590244500,100,2022-01-24,2026-02-12
05536861,ԱԳԷԱ ՍՊԸ,65,579324000,16.16,10,00846441,Հայաստանի տարածքային զարգացման հիմնադրամ,42,528465000,91.22,2016-07-26,2026-04-15
00162745,ՕՆՄԵԴ ՍՊԸ,65,574129810,10.49,1,01503448,«Երևանի Մխիթար Հերացու անվան պետական բժշկական համալսարան» հիմնադրամ,65,574129810,100,2018-02-28,2026-05-05
09811433,Քարազարթ ՍՊԸ,48,569640143,0.05,13,02578338,ՀՀ տարածքային կառավարման և ենթակառուցվածքների նախարարություն,17,529552743,92.96,2017-05-03,2026-05-21
03510802,Բյուրեղավանի քաղաքային պոլիկլինիկա ՓԲԸ,22,566012550,87.79,1,02507171,ՀՀ  առողջապահության  նախարարություն,22,566012550,100,2017-02-09,2023-12-25
09417527,Քաջարանի բժշկական կենտրոն ՓԲԸ,52,557546076,86.1,1,02507171,ՀՀ  առողջապահության  նախարարություն,52,557546076,100,2017-02-09,2025-08-10
02807838,Բարմաք ՍՊԸ,12,555608239,0.18,2,03022497,Չարենցավանի համայնքապետարան,10,554980000,99.89,2017-10-20,2024-12-29
04600372,ՔԵՎՕՐՔ ԵՎ ԱՆԻԹԱ ՓԱԿՈՒՄԵԱՆՆԵՐԻ ՀԻՇԱՏԱԿԻ ՀԻՍՈՒՍԻ ՄԱՆՈՒԿՆԵՐ ԱԿ ՓԲԸ,32,553165750,87.31,2,02507171,ՀՀ  առողջապահության  նախարարություն,30,530075750,95.83,2017-02-09,2023-12-24
02612236,Արմենակ և Աննա Թադեոսեանների բժշկական կենտրոն հիմնադրամ,20,551780520,96.06,1,02507171,ՀՀ  առողջապահության  նախարարություն,20,551780520,100,2017-02-09,2023-01-22
07803161,Արծվաբերդի առողջության կենտրոն ՓԲԸ,46,548490180,86.2,1,02507171,ՀՀ  առողջապահության  նախարարություն,46,548490180,100,2017-02-09,2023-04-25
02859011,ՔԻՈՒՈՐԴՍ ՍՓԵՐԱՍՈՖԹ ՍՊԸ,11,540962903,0,1,02565518,ՀՀ բարձր տեխնոլոգիական արդյունաբերության նախարարություն,11,540962903,100,2023-06-28,2026-07-30
06102674,Փանիկի ԱԿ ՊՈԱԿ,16,540901945,88.33,1,02507171,ՀՀ  առողջապահության  նախարարություն,16,540901945,100,2017-02-09,2023-04-25
01332401,ԱՄԱ Մեդիքլ,15,526792080,0,8,02507171,ՀՀ  առողջապահության  նախարարություն,6,475806000,90.32,2023-06-06,2026-06-24
04201342,Արտաշատի Ամո Խարազյանի անվան պետական դրամատիկական թատրոն ՊՈԱԿ,16,524804300,0.01,2,02512868,"ՀՀ կրթության, գիտության, մշակույթի և սպորտի նախարարություն",15,524753900,99.99,2019-09-20,2026-03-22
03504939,ԱՐԶՆՈՒ ՏՈՀՄԱՅԻՆ ԹՏԽ ԲԲԸ,10,520822843,5.62,1,02522157,ՀՀ  պաշտպանության  նախարարություն,10,520822843,100,2017-02-09,2020-03-08
02855173,«ՕԿՏՈՀԱԲ» ՍՊԸ,15,513132471,0,1,02565518,ՀՀ բարձր տեխնոլոգիական արդյունաբերության նախարարություն,15,513132471,100,2022-07-31,2026-08-09
04113397,«Վեդի Ալկո»ՓԲԸ,13,511778368,0,2,02505983,ՀՀ էկոնոմիկայի նախարարություն,7,510028368,99.66,2021-03-17,2025-12-09
01508974,Թիվ 5 պոլիկլինիկա ՓԲԸ,13,508240165,86.4,1,02507171,ՀՀ  առողջապահության  նախարարություն,13,508240165,100,2017-02-09,2022-09-30
00000000,(Reinhausen GmbH) MR,43,508168127,99.51,6,02205028,«Երևանի Ջերմաէլեկտրակենտրոն» ՓԲԸ,16,460434347,90.61,2018-05-21,2026-06-28
03810239,Ռուզ-Մարտի ՍՊԸ,48,506108037,1.22,3,03801428,Մասիսի համայնքապետարան,46,499964037,98.79,2023-01-10,2026-07-26
05502305,Գյումրու Արիե Կուփերսթոքի անվան ՎԿ ՓԲԸ,24,503397467,92.11,3,02507171,ՀՀ  առողջապահության  նախարարություն,10,489175720,97.17,2015-12-28,2023-01-22
00222198,Ջ ԵՎ Վ ,15,500732633,3,3,02593108,Երևանի քաղաքապետարան,13,480212633,95.9,2022-10-05,2025-08-04
90033536,Մետաքսկոմբինատ ՍՊԸ,14,500597496,0,1,02522157,ՀՀ  պաշտպանության  նախարարություն,14,500597496,100,2016-08-24,2021-05-24
05530985,Ամասիայի առողջության կենտրոն ՓԲԸ,29,500441975,85.74,1,02507171,ՀՀ  առողջապահության  նախարարություն,29,500441975,100,2017-02-09,2023-04-25
04104551,Վեդու ծննդատուն ՓԲԸ,22,498499600,91.93,1,02507171,ՀՀ  առողջապահության  նախարարություն,22,498499600,100,2017-02-09,2020-12-27
01565913,«ՆՍԹ ԱՐՔԻԹԵՔՉՈՒՐ ՍՏՈՒԴԻՈ» ՍՊԸ,14,498134884,99.91,3,02704199,Բարձրագույն կրթության և գիտության կոմիտե,4,455000000,91.34,2015-08-13,2026-04-28
09213311,ՖՐԱՆՍ-ՀԱՅԿԱԿԱՆ ՍՐՏԱՆՈԹԱՅԻՆ ԿԵՆՏՐՈՆ ՊԵՏԱԿԱՆ ՀԱՏԿԱՑՈՒՄՆԵՐԻ ՀԻՄՆԱԴՐԱՄԻ ՀԱՅԱՍՏԱՆՅԱՆ ՄԱՍՆԱՃՅՈՒՂ Օտարերկրյա իրավաբանական անձի մասնաճյուղ,17,495605576,82.41,2,02507171,ՀՀ  առողջապահության  նախարարություն,14,494422130,99.76,2017-02-09,2024-08-11
02221006,«Հայաստանի Հանրապետության բասկետբոլի ֆեդերացիա» հասարակական կազմակերպություն,13,489760600,0,1,02512868,"ՀՀ կրթության, գիտության, մշակույթի և սպորտի նախարարություն",13,489760600,100,2022-01-23,2026-05-31
02203563,Նորագավիթ պոլիկլինիկա ՓԲԸ,13,489667370,85.81,1,02507171,ՀՀ  առողջապահության  նախարարություն,13,489667370,100,2017-02-09,2022-09-30
08225697,«ՍԷՅԲՐ ԻՆՏԵՐԱԿՏԻՎ ԱՐՄԵՆԻԱ» ՍՊԸ,11,484753454,0,1,02565518,ՀՀ բարձր տեխնոլոգիական արդյունաբերության նախարարություն,11,484753454,100,2023-03-06,2026-08-02
08406101,Սարուխանի ԲԱ,14,481847755,97.67,1,02507171,ՀՀ  առողջապահության  նախարարություն,14,481847755,100,2017-02-09,2023-04-25
01848257,«ՏՈՍՊ ԳՐՈՒՊ» ՍՊԸ,19,479015856,0,2,02522157,ՀՀ  պաշտպանության  նախարարություն,3,471475000,98.43,2018-04-05,2025-01-30
08425035,Էդգար-շին,30,478546479,0,1,02593108,Երևանի քաղաքապետարան,30,478546479,100,2022-06-30,2026-06-23
02517011,«Հայաստանի երգի պետական թատրոն» ՊՈԱԿ,19,477403200,0,1,02512868,"ՀՀ կրթության, գիտության, մշակույթի և սպորտի նախարարություն",19,477403200,100,2021-09-12,2026-06-18
00458228,Սարի թաղ պոլիկլինիկա ՓԲԸ,13,476926470,85.46,1,02507171,ՀՀ  առողջապահության  նախարարություն,13,476926470,100,2017-02-09,2022-09-30
02703196,«Օ-ԷՄ-ԴԻ» ՍՊԸ,13,474702345,0,1,02565518,ՀՀ բարձր տեխնոլոգիական արդյունաբերության նախարարություն,13,474702345,100,2022-10-23,2026-03-29
02511684,Թիվ 1 պոլիկլինիկա ՓԲԸ,13,472728985,83.54,1,02507171,ՀՀ  առողջապահության  նախարարություն,13,472728985,100,2017-02-09,2022-09-30
50003329341,Hannu-pro LTD,21,466445670,0.78,3,01540062,«Հայաստանի հանրային Հեռուստաընկերություն» ՓԲԸ,19,430430390,92.28,2018-05-17,2025-08-13
06902113,Վանաձորի ինֆեկցիոն հիվանդանոց,15,466063190,73.52,1,02507171,ՀՀ  առողջապահության  նախարարություն,15,466063190,100,2017-02-09,2021-02-22
00074714,ՍՈՖԹ ՊՐՈՖ ՍՊԸ,13,463662600,67.63,1,01533334,ՀՀ ներքին գործերի նախարարություն,13,463662600,100,2016-09-22,2026-02-03
01250759,«ՎԱԿ ՄԵՏԱԼ» ՍՊԸ,31,461870260,3.48,7,02522157,ՀՀ  պաշտպանության  նախարարություն,22,431541396,93.43,2018-08-21,2026-03-23
00932296,Բլաժ  ՍՊԸ,14,458810665,0,1,02522157,ՀՀ  պաշտպանության  նախարարություն,14,458810665,100,2016-11-11,2024-04-14
05502356,Գյումրու ուռուցքաբանական դիսպանսեր ՓԲԸ,17,458258430,80.88,1,02507171,ՀՀ  առողջապահության  նախարարություն,17,458258430,100,2017-02-09,2020-12-27
08627168,ՍԱՄ-ՍՈՒՐ ՍՊԸ,37,457106956,1.44,12,02512868,"ՀՀ կրթության, գիտության, մշակույթի և սպորտի նախարարություն",16,412763756,90.3,2025-04-01,2026-08-16
07614674,ՖԵՐԱԿՕ ՍՊԸ,49,443435700,100,4,02505983,ՀՀ էկոնոմիկայի նախարարություն,45,442530300,99.8,2020-04-29,2026-07-29
02529353,«Հայաստանի էստրադային ջազ նվագախումբ» ՊՈԱԿ,14,443130280,2.99,2,02512868,"ՀՀ կրթության, գիտության, մշակույթի և սպորտի նախարարություն",10,429885280,97.01,2022-02-01,2026-02-02
00458236,Նուբարաշեն պոլիկլինիկա ՓԲԸ,13,436148270,86.58,1,02507171,ՀՀ  առողջապահության  նախարարություն,13,436148270,100,2017-02-09,2022-09-30
03538112,ՎԻ ԳՐՈՒՊ ՍՊԸ,1327,436024759,0.07,9,02631263,ՀՀ քննչական կոմիտե,1236,409861157,94,2017-02-22,2026-08-11
02515951,«Հայաստանի ազգային օլիմպիական կոմիտե» հասարակական կազմակերպություն,10,434414267,0.23,3,02512868,"ՀՀ կրթության, գիտության, մշակույթի և սպորտի նախարարություն",8,433424267,99.77,2022-01-23,2026-01-19
02509752,«Հայաստանի մարմնամարզության ֆեդերացիա» հասարակական կազմակերպություն,14,431671200,0,1,02512868,"ՀՀ կրթության, գիտության, մշակույթի և սպորտի նախարարություն",14,431671200,100,2022-01-23,2026-02-12
02208258,Նիկոլ Դուման ԱԿ,18,430494923,0,4,02593108,Երևանի քաղաքապետարան,10,400982800,93.14,2016-12-28,2021-05-09
09000234,Ջերմուկի ԱԿ,38,425842083,87.97,1,02507171,ՀՀ  առողջապահության  նախարարություն,38,425842083,100,2017-02-09,2023-11-02
05500832,Գյումրիի Ծննդատուն ՓԲԸ,26,425093400,67.04,1,02507171,ՀՀ  առողջապահության  նախարարություն,26,425093400,100,2017-02-09,2020-12-27
05005223,Կարբիի բժշկական ամբուլատորիա ՀՈԱԿ,15,424900950,90.91,1,02507171,ՀՀ  առողջապահության  նախարարություն,15,424900950,100,2017-02-09,2023-04-25
03810942,"«Մասիսի կոմունալ տնտեսություն, բարեկարգում և կանաչապատում» ՀՈԱԿ",13,423424500,99.11,2,03801428,Մասիսի համայնքապետարան,4,419674500,99.11,2022-03-06,2026-01-22
00140169,Քանաքեռ Զեյթուն ծննդատուն ՓԲԸ,26,421510146,82.55,1,02507171,ՀՀ  առողջապահության  նախարարություն,26,421510146,100,2017-02-09,2023-01-22
06955278,ԷԿՈՎԱՆ ՍՊԸ,23,419568181,14.21,1,06901936,«Վանաձորի համայնքապետարանի աշխատակազմ» ՀԿՀ,23,419568181,100,2018-07-11,2023-12-27
00012859,Հայջրնախագիծ ինստիտուտ ՓԲԸ,53,419229868,32.46,4,02555816,ՀՀ  տարածքային կառավարման և ենթակառուցվածքների նախարարության ջրային կոմիտե,39,384827326,91.79,2017-03-20,2025-01-23
05802221,Ախուրիկի ԲԱ ՊՈԱԿ,15,419007400,87.49,1,02507171,ՀՀ  առողջապահության  նախարարություն,15,419007400,100,2017-02-09,2023-04-25
02514349,Երեխաների հատուկ ստեղծագործական կենտրոն ՊՈԱԿ,17,417638500,0,1,02512868,"ՀՀ կրթության, գիտության, մշակույթի և սպորտի նախարարություն",17,417638500,100,2021-10-25,2026-05-18
09000407,«ԱՐԱՐԱՏ» ՄՈՐ ԵՎ ՄԱՆԿԱՆ ԱՌՈՂՋԱՐԱՆ ՓԲԸ,23,417168553,97.48,3,02507171,ՀՀ  առողջապահության  նախարարություն,15,412948520,98.99,2017-12-25,2025-06-30
01027718,Ռ ՔՈՆՍԱԼԹ ՍՊԸ,27,415973867,0,1,02578338,ՀՀ տարածքային կառավարման և ենթակառուցվածքների նախարարություն,27,415973867,100,2021-12-20,2026-01-12
01848489,ԷլենՆարե ծննդօգնության կենտրոն ՍՊԸ,14,414233204,66.51,1,02507171,ՀՀ  առողջապահության  նախարարություն,14,414233204,100,2017-02-09,2022-01-23
06917685,ՎԱՆԱՁՈՐԻ ՍԱՆՄԱՔՐՈՒՄ ԲԲԸ,23,413424459,4.76,1,06901936,«Վանաձորի համայնքապետարանի աշխատակազմ» ՀԿՀ,23,413424459,100,2017-12-20,2025-01-26
05523921,Արարատ Սննդի Կոմբինատ ՍՊԸ,10,407064472,0,3,02522157,ՀՀ  պաշտպանության  նախարարություն,8,395500472,97.16,2016-03-09,2019-02-25
90000186,Արցախէներգո ՓԲԸ,15,407028388,77.74,3,01507079,ՀՀ ազգային անվտանգության ծառայություն,4,387935988,95.31,2009-01-22,2020-01-21
09210364,Գորիսի Վ.Վաղարշյանի անվան դրամատիկական թատրոն ՊՈԱԿ,13,406849200,0.1,2,02512868,"ՀՀ կրթության, գիտության, մշակույթի և սպորտի նախարարություն",12,406449200,99.9,2022-02-01,2026-08-16
00473014,ԵՆՅԱՆ ԳՐՈՒՊ սպը,26,404648800,100,1,02505983,ՀՀ էկոնոմիկայի նախարարություն,26,404648800,100,2018-04-07,2021-04-29
08416027,«Էնքաղշին» ՍՊԸ,15,403671826,0,4,02593108,ԵՐԵՎԱՆԻ ՔԱՂԱՔԱՊԵՏԱՐԱՆ,10,381779626,94.58,2018-12-09,2026-04-16
03809214,Պապ և Թոռ Գրիգորյաններ ՍՊԸ,11,402750000,0,1,02522157,ՀՀ  պաշտպանության  նախարարություն,11,402750000,100,2016-08-08,2020-01-13
08203413,Ներքին Գետաշենի ԲԱ,16,400473225,89.05,1,02507171,ՀՀ  առողջապահության  նախարարություն,16,400473225,100,2017-02-09,2023-04-25
05506322,Գյումրու Ժողովրդական գործիքների պետական նվագախումբ ՊՈԱԿ,11,393700600,0,2,05507437,ՀՀ Շիրակի մարզպետի աշխատակազմ,6,374608600,95.15,2021-12-08,2026-03-17
02598368,ՄԻԲՍ ՍՊԸ,16,390823300,92.3,2,02507171,ՀՀ  առողջապահության  նախարարություն,10,355383300,90.93,2018-01-28,2026-02-22
02524368, ԳԵՐԱՏԵՍՉԱԿԱՆ ՇԵՆՔԵՐԻ ՊԱՀՊԱՆՄԱՆ ԵՎ ՇԱՀԱԳՈՐԾՄԱՆ ՓԲԸ,30,387022700,77.56,3,02593108,Երևանի քաղաքապետարան,15,365202500,94.36,2016-11-02,2026-02-01
03300044,Շինկենտրոն  ՓԲԸ,18,385877405,0,8,02565827,ՀՀ քաղաքաշինության կոմիտե,7,380317405,98.56,2018-12-29,2023-08-27
00257269,«Մասնագիտական կրթության որակի ապահովման ազգային կենտրոն» հիմնադրամի,10,383793700,8.32,2,02512868,"ՀՀ կրթության, գիտության, մշակույթի և սպորտի նախարարություն",7,351585700,91.61,2016-10-17,2026-03-19
01544004,Բի Էլ Գրուպ ՍՊԸ,10,375730000,0,4,00006505,Հանրապետության նախագահի աշխատակազմ,7,364950000,97.13,2018-07-09,2025-11-05
01503826,Հայաստանի ''Դինամո'' մարզական հասարակական կազմակերպություն,13,373618378,0.15,3,02512868,"ՀՀ կրթության, գիտության, մշակույթի և սպորտի նախարարություն",5,360310300,96.44,2022-02-08,2026-04-16
01291909,Վորլդ Վիժն Հայաստան,25,371619867,0,1,01506515,ՀՀ  աշխատանքի և սոցիալական հարցերի նախարարություն,25,371619867,100,2022-02-06,2026-01-25
01506901,Երևանի Խամաճիկների պետական թատրոն ՊՈԱԿ,11,370879200,0.84,2,02512868,"ՀՀ կրթության, գիտության, մշակույթի և սպորտի նախարարություն",9,367779200,99.16,2022-02-01,2026-07-30
06102623,Հոռոմի ԲԱ ՊՈԱԿ,15,370706200,88.29,1,02507171,ՀՀ  առողջապահության  նախարարություն,15,370706200,100,2017-02-09,2023-04-25
04206836,Մխչյանի ԲԱ. ՓԲԸ,15,367958400,89.01,1,02507171,ՀՀ  առողջապահության  նախարարություն,15,367958400,100,2017-02-09,2023-04-25
02327452,ՕՎԵՐ ՓԼԵՅ ՍՊԸ,38,363798478,0,5,02512868,"ՀՀ կրթության, գիտության, մշակույթի և սպորտի նախարարություն",30,340154277,93.5,2025-07-30,2026-07-08
07602761,Աչաջրի ԱԿ ՊՈԱԿ,38,362025000,90.37,1,02507171,ՀՀ  առողջապահության  նախարարություն,38,362025000,100,2017-02-09,2023-04-25
01507406,Երևանի մնջախաղի պետական թատրոն ՊՈԱԿ,13,357831400,0,1,02512868,"ՀՀ կրթության, գիտության, մշակույթի և սպորտի նախարարություն",13,357831400,100,2022-02-01,2026-04-13
02260734,«Գլոբալ փարթներս Գրուպ» ՍՊԸ,39,356884941,97.26,6,00846441,Հայաստանի տարածքային զարգացման հիմնադրամ,21,330002947,92.47,2018-08-02,2026-08-26
00801524,ԵՊՀ-ին առընթեր Ա.Շահինյանի անվան ֆիզիկամաթեմատիկական հատուկ դպրոց,11,353760110,0,1,02512868,"ՀՀ կրթության, գիտության, մշակույթի և սպորտի նախարարություն",11,353760110,100,2021-12-04,2026-02-08
01038591,ԳԻՆՈՍՅԱՆՇԻՆ ՍՊԸ,10,348895447,7.29,1,01506928,«Երևանի պետական համալսարան» հիմնադրամ,10,348895447,100,2022-08-22,2024-10-01
05514397,Հայկական Կարիտաս ԲՀԿ,39,347226283,0,1,01506515,ՀՀ  աշխատանքի և սոցիալական հարցերի նախարարություն,39,347226283,100,2022-02-06,2026-01-22
04708509,Գայի ԲԱ ՀՈԱԿ,15,346217650,88.28,1,02507171,ՀՀ  առողջապահության  նախարարություն,15,346217650,100,2017-02-09,2023-04-25
03804908,Այնթապի ԲԱ ՀՈԱԿ,15,342701375,89.26,1,02507171,ՀՀ  առողջապահության  նախարարություն,15,342701375,100,2017-02-09,2023-04-25
06930039,Պագամի ՍՊԸ,22,341944471,4.92,2,06901936,«Վանաձորի համայնքապետարանի աշխատակազմ» ՀԿՀ,21,339616471,99.32,2017-06-23,2025-04-06
00216582,Պռոլաբ ՍՊԸ,50,340839673,67.97,4,02578338,ՀՀ տարածքային կառավարման և ենթակառուցվածքների նախարարություն,45,322097173,94.5,2021-11-15,2026-06-15
02269643,Սանիտա ՍՊԸ /Տոնոյան ԲԿ/,11,339809900,100,1,02507171,ՀՀ  առողջապահության  նախարարություն,11,339809900,100,2020-01-15,2023-01-22
08202522,Վարդենիկի ԱԿ,18,336878375,87.09,1,02507171,ՀՀ  առողջապահության  նախարարություն,18,336878375,100,2017-02-09,2023-04-25
01547594,ՌԷԺԻՆԷ ՍՊԸ,17,332024300,100,1,02505983,ՀՀ էկոնոմիկայի նախարարություն,17,332024300,100,2020-03-30,2021-01-13
03590908,«ԼԱԳԱ 1820» ՍՊԸ,11,330667684,0,6,02512868,"ՀՀ կրթության, գիտության, մշակույթի և սպորտի նախարարություն",4,299886160,90.69,2026-07-14,2026-08-25
04408684,Նալբանդյանի Վազգեն Ղուկասյանի անվան ԱԿ ՀՈԱԿ,15,329367850,88.79,1,02507171,ՀՀ  առողջապահության  նախարարություն,15,329367850,100,2017-02-09,2023-04-25
00008759,«Ա. Խաչատրյանի տուն-թանգարան» ՊՈԱԿ,12,325609400,0.08,2,02512868,"ՀՀ կրթության, գիտության, մշակույթի և սպորտի նախարարություն",11,325359400,99.92,2022-02-01,2026-04-06
02560874,Սիմենս Ինդասթրի Սոֆթվեր ՓԲԸ,25,325061973,0,1,02565518,ՀՀ բարձր տեխնոլոգիական արդյունաբերության նախարարություն,25,325061973,100,2022-08-14,2026-07-30
08420332,ՖԱՎՈՐԻՏ-Մ ՍՊԸ,19,324550564,1.28,4,08406333,Գավառի համայնքապետարան,12,320407800,98.72,2017-06-27,2026-04-07
05302674,Ն. Բազմաբերդի բժշկական ամբուլատորիա ՀՈԱԿ,13,323760250,89.78,1,02507171,ՀՀ  առողջապահության  նախարարություն,13,323760250,100,2017-02-09,2023-04-25
90033733,ԳԵՎԳՐՈՒՊ ՍՊԸ,10,321791976,15.1,3,02522157,ՀՀ  պաշտպանության  նախարարություն,5,310447476,96.47,2017-04-06,2019-12-22
09201718,Գորիսի ավտոնորոգման գործարան ԲԲԸ,11,320739200,1.79,3,02522157,ՀՀ  պաշտպանության  նախարարություն,8,315000000,98.21,2017-06-09,2026-04-12
01501418,Արևիկ հրատարակչություն ՓԲԸ,29,318895585,61.83,5,02512868,"ՀՀ կրթության, գիտության, մշակույթի և սպորտի նախարարություն",19,303534040,95.18,2016-06-27,2026-05-06
08401889,ՀՀ Գեղարքունիքի մարզի Լևոն Քալանթարի անվան դրամատիկական թատրոն ՊՈԱԿ,12,316952100,0,2,08428824,ՀՀ Գեղարքունիքի մարզպետի աշխատակազմ,10,313752100,98.99,2022-01-16,2026-01-07
01242562,Ջերմիկ Անկյուն հիմնադրամ ,18,312895090,0,2,01506515,ՀՀ  աշխատանքի և սոցիալական հարցերի նախարարություն,17,312250090,99.79,2022-01-17,2026-01-25
02549194,«Հայաստանի ձյուդոյի ֆեդերացիա» հասարակական կազմակերպություն,11,311226200,0,1,02512868,"ՀՀ կրթության, գիտության, մշակույթի և սպորտի նախարարություն",11,311226200,100,2022-01-24,2026-01-25
01807916,Ձևավորում ՓԲԸ,25,310531490,22.2,1,02593108,Երևանի քաղաքապետարան,25,310531490,100,2017-02-02,2023-04-24
01202228,Դիագնոստիկա բժշկական միավորում ԲԲԸ,24,309985345,81.86,1,02507171,ՀՀ  առողջապահության  նախարարություն,24,309985345,100,2017-02-09,2023-04-25
00803381,ԱՐՈՍԱ ՍՊԸ,18,307995630,22.45,2,02565827,ՀՀ քաղաքաշինության կոմիտե,15,291002520,94.48,2020-05-20,2026-03-12
06801313,Նարինե ՍՊԸ,26,307718925,1.31,2,06801433,Սպիտակի համայնքապետարան,25,307703924,100,2017-05-20,2026-01-06
06802513,Ջրաշենի ԲԱ ՀՈԱԿ,15,301600475,89.47,1,02507171,ՀՀ  առողջապահության  նախարարություն,15,301600475,100,2017-02-09,2023-04-25
08905264,Հռիփսիմե ԱԱՊԿ,17,300316275,88.1,1,02507171,ՀՀ  առողջապահության  նախարարություն,17,300316275,100,2017-02-09,2023-04-25
00031526,Հայկազունք,10,299350224,0,5,02593108,Երևանի քաղաքապետարան,4,287629671,96.08,2022-03-09,2023-11-15
01556218,Կինոյի զարգացման «Ոսկե ծիրան» հասարակական կազմակերպություն ,13,297817200,0,1,02512868,"ՀՀ կրթության, գիտության, մշակույթի և սպորտի նախարարություն",13,297817200,100,2021-12-06,2026-07-09
03510544,Ջրվեժի ԲԱ ՊՈԱԿ,18,297369625,88.53,1,02507171,ՀՀ  առողջապահության  նախարարություն,18,297369625,100,2017-02-09,2023-04-25
04708885,Գեղակերտի ԲԱ ՀՈԱԿ,16,296216475,88.21,1,02507171,ՀՀ  առողջապահության  նախարարություն,16,296216475,100,2017-02-09,2023-12-11
02817702,«ՓԼԵՅՐԻՔՍ ԱՐՄԵՆԻԱ» ՍՊԸ,12,295610080,0,1,02565518,ՀՀ բարձր տեխնոլոգիական արդյունաբերության նախարարություն,12,295610080,100,2023-02-12,2026-04-02
07906457,Հաղարծնի ԱԱՊԿ,15,294734525,88.64,1,02507171,ՀՀ  առողջապահության  նախարարություն,15,294734525,100,2017-02-09,2023-04-25
08207998,Զոլաքարի ԲԱ ՓԲԸ ,16,294604300,94.69,1,02507171,ՀՀ  առողջապահության  նախարարություն,16,294604300,100,2017-02-09,2023-04-25
06107798,Շինարար Նարե ՍՊԸ,11,292282000,1.36,1,06101029,Արթիկի համայնքապետարան,11,292282000,100,2020-01-14,2025-01-15
00169494,ԱՎ Կոմպանի ՍՊԸ,14,291699528,79.55,2,02565827,ՀՀ քաղաքաշինության կոմիտե,9,271146000,92.95,2020-07-12,2026-03-18
00066784,«ԹՈՒՖԵՆԿՅԱՆ ՀՈՍՓԻԹԱԼԻԹԻ»  ՍՊԸ,46,290804940,94.84,14,02505983,ՀՀ էկոնոմիկայի նախարարություն,24,271142325,93.24,2017-04-27,2026-06-25
03531241,Գեղաշենի ԱԱՊԿ ՊՈԱԿ,15,288422100,88.82,1,02507171,ՀՀ  առողջապահության  նախարարություն,15,288422100,100,2017-02-09,2023-04-25
02570094,ԲԺՇԿԱԿԱՆ ԳԵՆԵՏԻԿԱՅԻ ԵՎ ԱՌՈՂՋՈՒԹՅԱՆ ԱՌԱՋՆԱՅԻՆ ՊԱՀՊԱՆՄԱՆ ԿԵՆՏՐՈՆ ՍՊԸ,18,287645100,76.82,3,02507171,ՀՀ  առողջապահության  նախարարություն,15,271895400,94.52,2017-02-09,2023-06-13
02261513,ՏԵԽՈՍՄԱՐՏ ՍՊԸ,13,287389340,1.05,1,01533334,ՀՀ ներքին գործերի նախարարություն,13,287389340,100,2018-06-24,2022-06-08
00930412,ԲԻ ԷՍ ՍԻ ԲԻԶՆԵՍԻ ԱՋԱԿՑՄԱՆ ԿԵՆՏՐՈՆ ՍՊԸ,18,286336400,0.15,7,02565518,ՀՀ բարձր տեխնոլոգիական արդյունաբերության նախարարություն,9,259157540,90.51,2016-10-06,2023-11-22
04708773,Աղավնատան ԲԱ ՀՈԱԿ,15,285068875,88.71,1,02507171,ՀՀ  առողջապահության  նախարարություն,15,285068875,100,2017-02-09,2023-04-25
00915384,Տրանսպորտային ՈՒղիներ ՍՊԸ,37,276918132,11.49,1,02578338,ՀՀ տարածքային կառավարման և ենթակառուցվածքների նախարարություն,37,276918132,100,2023-06-12,2026-03-01
00919446,UNIQUE LINE LLC,11,272150552,1.11,1,02522157,ՀՀ  պաշտպանության  նախարարություն,11,272150552,100,2019-08-13,2021-11-07
90009361,«Արցախճան ինստիտուտ» ՓԲԸ,41,271721486,75.94,3,02578338,ՀՀ տարածքային կառավարման և ենթակառուցվածքների նախարարություն,33,259153558,95.37,2017-07-28,2026-07-16
04408918,Հատուկէներգամոնտաժ ՍՊԸ,11,271254520,0,1,04401874,«Հայկական ատոմային էլեկտրակայան» ՓԲԸ,11,271254520,100,2018-06-14,2025-06-02
03809952,Մարմարաշենի ԱԱՊԿ ՓԲԸ,15,270394175,88.09,1,02507171,ՀՀ  առողջապահության  նախարարություն,15,270394175,100,2017-02-09,2023-04-25
00214672,Վիոլետա ԲԿ ՍՊԸ,10,268884925,99.98,1,02507171,ՀՀ  առողջապահության  նախարարություն,10,268884925,100,2020-12-27,2023-04-25
00889166,Սալոն ՍՊԸ,36,268843480,6.51,1,02629081,ՀՀ ֆինանսների նախարարություն,36,268843480,100,2016-08-11,2026-03-15
01564042,«Էյչ Այ Ուայ» ՍՊԸ,33,268722340,82.64,15,02522157,ՀՀ  պաշտպանության  նախարարություն,12,242930000,90.4,2017-04-19,2026-04-29
05302597,Արագածավանի առողջության կենտրոն ՀՈԱԿ,13,265875425,90.42,1,02507171,ՀՀ  առողջապահության  նախարարություն,13,265875425,100,2017-02-09,2023-01-22
04708818,Փարաքարի ԲԱ ՀՈԱԿ,15,265638775,89.15,1,02507171,ՀՀ  առողջապահության  նախարարություն,15,265638775,100,2017-02-09,2023-04-25
06604613,Օձունի ԲԱ ՀՈԱԿ,14,265418675,87.94,1,02507171,ՀՀ  առողջապահության  նախարարություն,14,265418675,100,2017-02-09,2023-01-22
00515231,Եղիազարյան Շին ՍՊԸ,20,263636133,3.55,3,02593108,ԵՐԵՎԱՆԻ ՔԱՂԱՔԱՊԵՏԱՐԱՆ,17,260299611,98.73,2023-03-29,2026-06-10
08905823,Արենի ԱԱՊԿ,21,263364200,88.37,1,02507171,ՀՀ  առողջապահության  նախարարություն,21,263364200,100,2017-02-09,2023-04-25
205102280,Innovator LLC,25,263215686,2.05,1,01540062,«Հայաստանի հանրային Հեռուստաընկերություն» ՓԲԸ,25,263215686,100,2018-08-22,2024-08-07
08406187,Կարմիրգյուղի ԲԱ,16,262427000,94.91,1,02507171,ՀՀ  առողջապահության  նախարարություն,16,262427000,100,2017-02-09,2023-04-25
03809936,Նոր  Խարբերդի ԱԱՊԿ ՓԲԸ,15,261797225,89.07,1,02507171,ՀՀ  առողջապահության  նախարարություն,15,261797225,100,2017-02-09,2023-04-25
08203275,Վերին Գետաշենի ԲԱ,18,261369450,88.69,1,02507171,ՀՀ  առողջապահության  նախարարություն,18,261369450,100,2017-02-09,2023-04-25
00091789,«Մշակութային արժեքների փորձագիտական կենտրոն» ՊՈԱԿ,33,261163200,0.01,5,02512868,"ՀՀ կրթության, գիտության, մշակույթի և սպորտի նախարարություն",6,258333200,98.92,2019-06-19,2026-03-17
05558974,ՀՈՍԻԿԱՐ ՇԻՆ ՍՊԸ,11,260481862,0,3,02583241,Դատական դեպարտամենտ,9,254549062,97.72,2023-08-28,2026-06-15
03024897,Գոլդներս ՍՊԸ,18,260177484,21.64,4,00846441,Հայաստանի տարածքային զարգացման հիմնադրամ,7,259079484,99.58,2021-05-17,2026-08-09
08209255,Գեղհովիտ ԲԱ,14,257947900,88.97,1,02507171,ՀՀ  առողջապահության  նախարարություն,14,257947900,100,2017-02-09,2023-01-22
04220782,Արևշատի ԱԱՊԿ ՊՈԱԿ,15,257828175,89.09,1,02507171,ՀՀ  առողջապահության  նախարարություն,15,257828175,100,2017-02-09,2023-04-25
05201549,Արագածի առողջության կենտրոն ՀՈԱԿ,22,257218870,84.91,1,02507171,ՀՀ  առողջապահության  նախարարություն,22,257218870,100,2017-02-09,2023-04-25
04104836,Արարատի ԲԱ ՓԲԸ,14,256414000,87.54,1,02507171,ՀՀ  առողջապահության  նախարարություն,14,256414000,100,2017-02-09,2023-04-25
08413852,ԳԱՎԱՌՏՐԱՆՍ  ՍՊԸ,10,256255610,1.5,4,02593108,Երևանի քաղաքապետարան,1,242995200,94.83,2017-07-06,2026-03-22
04708834,Շահումյանի ԲԱ ՀՈԱԿ,15,255336900,88.07,1,02507171,ՀՀ  առողջապահության  նախարարություն,15,255336900,100,2017-02-09,2023-04-25
02611105,ԴԻ ՋԻ ՔՈՆՍԱԼԹԻՆԳ ՍՊԸ,10,255000600,0,2,02205028,«Երևանի Ջերմաէլեկտրակենտրոն» ՓԲԸ,8,254355600,99.75,2018-08-07,2025-10-29
04427695,ՏԻԳՎԱՆ ՍՊԸ,10,254748811,6.22,5,02522157,ՀՀ  պաշտպանության  նախարարություն,6,243848461,95.72,2018-07-11,2019-02-21
03536349,Կարդիոմեդ ԸԲԿ ՍՊԸ,15,254456575,95.94,1,02507171,ՀՀ  առողջապահության  նախարարություն,15,254456575,100,2017-02-09,2023-04-25
02601694,Վարդանանց Բիզնես Կենտրոն ՍՊԸ,21,253963700,91.07,1,00061508,ՀՀ հաշվեքննիչ պալատ,21,253963700,100,2009-08-26,2026-01-11
02560685,Սեմուր ընդ Կո ՍՊԸ,34,253864037,0.42,11,02593108,Երևանի քաղաքապետարան,18,238284697,93.86,2018-07-26,2022-09-01
06907967,Կ և Ա Մոնտաժշին ՓԲԸ,31,248618285,3.63,1,06901936,«Վանաձորի համայնքապետարանի աշխատակազմ» ՀԿՀ,31,248618285,100,2017-04-18,2026-03-19
02568841,Արամ Խաչատրյան մշակութային հիմնադրամ,10,243956000,0,1,02512868,"ՀՀ կրթության, գիտության, մշակույթի և սպորտի նախարարություն",10,243956000,100,2022-04-28,2026-05-25
06906663,Աննա 80 ՍՊԸ,14,240893852,0,2,02593108,Երևանի քաղաքապետարան,13,231200000,95.98,2016-08-26,2018-06-13
05005189,Բյուրականի բժշկական ամբուլատորիա ՓԲԸ,14,239595925,88.65,1,02507171,ՀՀ  առողջապահության  նախարարություն,14,239595925,100,2017-02-09,2023-04-25
01235472,Ուլտրաիմիջինգ  Գիտամեթոդական կենտրոն  ՍՊԸ,14,238463380,85.91,3,02507171,ՀՀ  առողջապահության  նախարարություն,12,229389290,96.19,2017-02-09,2023-07-24
08406341,Նորատուսի ԲԱ,15,238366500,95.29,1,02507171,ՀՀ  առողջապահության  նախարարություն,15,238366500,100,2017-02-09,2023-04-25
04215999,Արտաշատ ՋՃԸ,10,238302900,1.49,2,02555816,ՀՀ  տարածքային կառավարման և ենթակառուցվածքների նախարարության ջրային կոմիտե,1,234306900,98.32,2011-11-30,2023-05-15
00021944,«Ա. Իսահակյանի տուն-թանգարան» ՊՈԱԿ,20,238302300,0,1,02512868,"ՀՀ կրթության, գիտության, մշակույթի և սպորտի նախարարություն",20,238302300,100,2022-02-01,2026-02-02
06405487,«Լիարժեք կյանք» ներառական հասարակության խթանման ՀԿ,21,238249270,0,2,01506515,ՀՀ  աշխատանքի և սոցիալական հարցերի նախարարություն,19,226392270,95.02,2022-01-20,2026-01-20
06910875,Մարգահովիտի ԱԿ ՊՈԱԿ,15,238028850,88.17,1,02507171,ՀՀ  առողջապահության  նախարարություն,15,238028850,100,2017-02-09,2023-04-25
02511865,«Հ. Թումանյանի թանգարան» ՊՈԱԿ,11,237934700,0,2,02512868,"ՀՀ կրթության, գիտության, մշակույթի և սպորտի նախարարություն",10,236434700,99.37,2019-05-05,2026-02-02
07602796,Սևքարի ԳԲԱ ՓԲԸ,15,237364925,87.71,1,02507171,ՀՀ  առողջապահության  նախարարություն,15,237364925,100,2017-02-09,2023-04-25
08209263,Լիճքի ԱԱՊԿ ՓԲԸ,15,235597950,89.08,1,02507171,ՀՀ  առողջապահության  նախարարություն,15,235597950,100,2017-02-09,2023-04-25
03006649,Մեղրաձորի ԲԱ ՀՈԱԿ,13,235421650,88.7,1,02507171,ՀՀ  առողջապահության  նախարարություն,13,235421650,100,2017-02-09,2023-01-22
07201366,Մեծավանի ԱԿ ՊՓԲԸ,17,234040875,94.93,1,02507171,ՀՀ  առողջապահության  նախարարություն,17,234040875,100,2017-02-09,2023-04-25
03311436,Քասախի ԱԱՊԿ ՊՈԱԿ,15,230649600,89.03,1,02507171,ՀՀ  առողջապահության  նախարարություն,15,230649600,100,2017-02-09,2023-04-25
06604672,Դսեղի ԱԿ ՊՓԲԸ,13,230465900,86.63,1,02507171,ՀՀ  առողջապահության  նախարարություն,13,230465900,100,2017-02-09,2023-01-22
04408761,Սարդարապատի ԲԱ ՀՈԱԿ,15,230308750,88.88,1,02507171,ՀՀ  առողջապահության  նախարարություն,15,230308750,100,2017-02-09,2023-04-25
04220758,Այգոզարդի ԱԱՊԿ ՊՈԱԿ,15,229662900,88.84,1,02507171,ՀՀ  առողջապահության  նախարարություն,15,229662900,100,2017-02-09,2023-04-25
03534471,Մարգարիտ ԱԱՊԿ ՍՊԸ,15,229241625,90.41,1,02507171,ՀՀ  առողջապահության  նախարարություն,15,229241625,100,2017-02-09,2023-04-25
02252332,Սատար հաշմանդամների ՀԿ,15,228877460,35.88,1,01506515,ՀՀ  աշխատանքի և սոցիալական հարցերի նախարարություն,15,228877460,100,2017-06-26,2018-12-09
02869616,«Արտույտ» ՓԲԸ,77,228750090,7.16,16,02512868,"ՀՀ կրթության, գիտության, մշակույթի և սպորտի նախարարություն",1,212366400,92.84,2022-09-13,2026-06-17
00805568,«Խ. Աբովյանի տուն-թանգարան» ՊՈԱԿ,11,228503000,0,2,02512868,"ՀՀ կրթության, գիտության, մշակույթի և սպորտի նախարարություն",10,227858000,99.72,2022-02-01,2026-02-02
05005207,Ոսկեվազի բժշկական ամբուլատորիա ՀՈԱԿ,15,228127850,89.2,1,02507171,ՀՀ  առողջապահության  նախարարություն,15,228127850,100,2017-02-09,2023-04-25
09420246,Նորաշենիկի ԱԱՊԿ,14,227650870,87.84,1,02507171,ՀՀ  առողջապահության  նախարարություն,14,227650870,100,2017-02-09,2023-04-25
06102631,Պեմզաշենի ԱԿ ՊՈԱԿ,14,227467975,89.74,1,02507171,ՀՀ  առողջապահության  նախարարություն,14,227467975,100,2017-02-09,2023-04-25
04708869,Մուսալեռի ԲԱ ՀՈԱԿ,16,227337100,87.94,1,02507171,ՀՀ  առողջապահության  նախարարություն,16,227337100,100,2017-02-09,2023-12-11
04408625,Զարթոնքի ԲԱ ՀՈԱԿ,12,227252150,89.15,1,02507171,ՀՀ  առողջապահության  նախարարություն,12,227252150,100,2017-02-09,2023-04-25
06940324,Աշոտ Մկրտչյան ՍՊԸ,17,226481443,12.83,1,06901936,«Վանաձորի համայնքապետարանի աշխատակազմ» ՀԿՀ,17,226481443,100,2018-12-12,2023-12-27
05802437,Ազատանի ԲԱ ՊՈԱԿ,14,226281475,87.43,1,02507171,ՀՀ  առողջապահության  նախարարություն,14,226281475,100,2017-02-09,2023-04-25
01307002,ՕՊՏԻՊԱՐՏ-ԱՄ ՍՊԸ,40,224171346,0,4,02697772,«Երևանի աղբահանություն և սանիտարական մաքրում» համայնքային հիմնարկ,32,216482342,96.57,2021-04-12,2026-06-02
05005197,Օշականի բժշկական ամբուլատորիա ՀՈԱԿ,15,223291900,88.61,1,02507171,ՀՀ  առողջապահության  նախարարություն,15,223291900,100,2017-02-09,2023-04-25
03311479,Պռոշյանի ԱԱՊԿ ՊՈԱԿ,15,223208125,88.85,1,02507171,ՀՀ  առողջապահության  նախարարություն,15,223208125,100,2017-02-09,2023-04-25
07401863,Բագրատաշենի ԱԱՊԿ,14,221830800,87.94,1,02507171,ՀՀ  առողջապահության  նախարարություն,14,221830800,100,2017-02-09,2023-01-22
00125657,<Զեթ Թեքնոլոջի> ՍՊԸ,19,220650000,81.87,2,01223338,ՀՀ արդարադատության նախարարության հարկադիր կատարումն ապահովող ծառայություն,17,208600000,94.54,2017-08-15,2026-03-31
08207457,Ձորագյուղի ԲԱ,16,220472400,88.87,1,02507171,ՀՀ  առողջապահության  նախարարություն,16,220472400,100,2017-02-09,2023-04-25
03510656,Առինջի «Անահիտ Ծառուկյանի անվան ԲԱ» ՀՈԱԿ,14,220166300,90.61,1,02507171,ՀՀ  առողջապահության  նախարարություն,14,220166300,100,2017-02-09,2023-04-25
05005231,ՈՒջանի բժշկական ամբուլատորիա ՀՈԱԿ,13,218824600,89.03,1,02507171,ՀՀ  առողջապահության  նախարարություն,13,218824600,100,2017-02-09,2023-01-22
04220723,Ազատավանի ԱԱՊԿ ՓԲԸ,15,218670520,87.86,1,02507171,ՀՀ  առողջապահության  նախարարություն,15,218670520,100,2017-02-09,2023-04-25
08209324,Երանոսի ԱԱՊ կենտրոն,18,218420925,86.32,1,02507171,ՀՀ  առողջապահության  նախարարություն,18,218420925,100,2017-02-09,2023-04-25
09211625,Խնձորեսկի ԱԱՊԿ ՊՈԱԿ,14,217487525,88.21,1,02507171,ՀՀ  առողջապահության  նախարարություն,14,217487525,100,2017-02-09,2023-01-22
06102719,Աղինի ԱԿ ՊՈԱԿ,14,215516700,87.63,1,02507171,ՀՀ  առողջապահության  նախարարություն,14,215516700,100,2017-02-09,2023-01-22
04408788,Մրգաշատի ԲԱ ՀՈԱԿ,15,214383250,88.43,1,02507171,ՀՀ  առողջապահության  նախարարություն,15,214383250,100,2017-02-09,2023-04-25
08210794,Ծովակի ԱԱՊԿ,14,214187500,88.86,1,02507171,ՀՀ  առողջապահության  նախարարություն,14,214187500,100,2017-02-09,2023-04-25
00033479,«Հայաստանի վոլեյբոլի ֆեդերացիա» հասարակական կազմակերպությունը,10,214068100,0,1,02512868,"ՀՀ կրթության, գիտության, մշակույթի և սպորտի նախարարություն",10,214068100,100,2022-01-24,2026-01-12
00848343,ՍՄԱԼԱ ՍՊԸ,15,211829370,0,1,02593108,Երևանի քաղաքապետարան,15,211829370,100,2017-01-11,2019-05-06
05302615,Արտենիի առողջության կենտրոն ՊՈԱԿ,18,211577295,88.46,1,02507171,ՀՀ  առողջապահության  նախարարություն,18,211577295,100,2017-02-09,2023-04-25
01506995,«Երվանդ Քոչարի թանգարան» ՊՈԱԿ,18,210231100,1.09,3,02512868,"ՀՀ կրթության, գիտության, մշակույթի և սպորտի նախարարություն",16,207937100,98.91,2022-02-01,2026-02-02
04602404,Քարակերտի ԲԱ ՀՈԱԿ,15,209700300,89,1,02507171,ՀՀ  առողջապահության  նախարարություն,15,209700300,100,2017-02-09,2023-12-11
02893618,«Ձևավորում և սպասարկում» ՀՈԱԿ,11,207608000,100,2,02593108,Երևանի քաղաքապետարան,10,207500000,99.95,2023-08-21,2026-05-19
05802248,Ջաջուռի ԲԱ ՊՈԱԿ,13,207358720,96.54,1,02507171,ՀՀ  առողջապահության  նախարարություն,13,207358720,100,2017-02-09,2023-01-22
00217577,ՖԼԵՔՍ 20 ՍՊԸ,17,205940290,100,1,02505983,ՀՀ էկոնոմիկայի նախարարություն,17,205940290,100,2020-06-22,2021-04-29
01297181,4ԱՎՏՈ ՄԱՐԿԵՏ ՍՊԸ,26,205479851,0,4,02697772,«Երևանի աղբահանություն և սանիտարական մաքրում» համայնքային հիմնարկ,22,202934122,98.76,2024-04-24,2026-01-15
06405761,Վարդաբլուրի ԲԱ,14,205210150,89.55,1,02507171,ՀՀ  առողջապահության  նախարարություն,14,205210150,100,2017-02-09,2023-04-25
08616189,Լճաշենի ԱԱՊԿ,15,205145625,88.67,1,02507171,ՀՀ  առողջապահության  նախարարություն,15,205145625,100,2017-02-09,2023-04-25
08417398,Լճափի ԱԱՊԿ,15,204705810,89.01,1,02507171,ՀՀ  առողջապահության  նախարարություն,15,204705810,100,2017-02-09,2023-12-11
00051849,ՏՐԱՆՍԻՄՊԵՔՍ ՍՊԸ,44,203930341,90.6,15,02527728,ՀՀ արտաքին գործերի  նախարարություն,12,196657611,96.43,2017-02-17,2026-05-26
03311428,Նոր-Գեղիի ԱԱՊԿ ՊՈԱԿ,16,201346075,88.54,1,02507171,ՀՀ  առողջապահության  նախարարություն,16,201346075,100,2017-02-09,2023-04-25
08202986,Ծովինարի ԲԱ,17,201200550,87.97,1,02507171,ՀՀ  առողջապահության  նախարարություն,17,201200550,100,2017-02-09,2023-01-22
03311452,Զովունու ԱԱՊԿ ՊՈԱԿ,12,200699375,87.87,1,02507171,ՀՀ  առողջապահության  նախարարություն,12,200699375,100,2017-02-09,2023-04-25
08210863,Մեծ Մասրիկ ԱԱՊԿ,14,199875440,88.67,1,02507171,ՀՀ  առողջապահության  նախարարություն,14,199875440,100,2017-02-09,2023-04-25
02250199,Էմ Դի Էյջ ՍՊԸ,13,199660000,0,3,02522157,ՀՀ  պաշտպանության  նախարարություն,11,194390000,97.36,2017-01-30,2024-04-09
09211617,Տեղի ԱԱՊԿ,13,198671350,96.05,1,02507171,ՀՀ  առողջապահության  նախարարություն,13,198671350,100,2017-02-09,2023-01-22
04206724,Վ. Արտաշատի ԲԱ ՓԲԸ,14,197440425,95.88,1,02507171,ՀՀ  առողջապահության  նախարարություն,14,197440425,100,2017-02-09,2023-04-25
01288671,VH Group,12,197124000,0,4,02522157,ՀՀ  պաշտպանության  նախարարություն,8,184644000,93.67,2019-06-16,2019-09-02
00903591,«Հուսո տուն բարեգործական կենտրոն» հիմնադրամ,11,195923976,0.89,2,01506515,ՀՀ  աշխատանքի և սոցիալական հարցերի նախարարություն,10,194173976,99.11,2022-05-29,2026-02-05
07401719,Այրումի ԳԲԱ ՊՈԱԿ,16,195714800,89.16,1,02507171,ՀՀ  առողջապահության  նախարարություն,16,195714800,100,2017-02-09,2023-04-25
04207288,Շահումյանի ԲԱ ՓԲԸ,15,194334575,88.78,1,02507171,ՀՀ  առողջապահության  նախարարություն,15,194334575,100,2017-02-09,2023-04-25
07602684,Գանձաքարի ԳԲԱ ՓԲԸ,18,194175050,89.15,1,02507171,ՀՀ  առողջապահության  նախարարություն,18,194175050,100,2017-02-09,2023-04-25
05802213,Մայիսյանի ԲԱ ՊՈԱԿ,14,193215170,87.96,1,02507171,ՀՀ  առողջապահության  նախարարություն,14,193215170,100,2017-02-09,2023-01-22
01501229,«Հայաստանի աթլետիկայի ֆեդերացիա» հասարակական կազմակերպություն,11,192325700,0,1,02512868,"ՀՀ կրթության, գիտության, մշակույթի և սպորտի նախարարություն",11,192325700,100,2022-01-23,2026-01-22
07803206,Այգեձորի առողջության կենտրոն ՓԲԸ,34,191545350,86.45,1,02507171,ՀՀ  առողջապահության  նախարարություն,34,191545350,100,2017-02-09,2023-01-22
03809891,Դարակերտի ԱԱՊԿ ՓԲԸ,14,191524965,91.04,1,02507171,ՀՀ  առողջապահության  նախարարություն,14,191524965,100,2017-02-09,2023-04-25
07614349,Այգեհովտի ԱԱՊԿ,14,191232245,87.95,1,02507171,ՀՀ  առողջապահության  նախարարություն,14,191232245,100,2017-02-09,2023-01-22
02527624,Խ. Աբովյանի անվան հայկական պետական մանկավարժական համալսարան հիմնադրամ,56,190660600,0,3,02512868,"ՀՀ կրթության, գիտության, մշակույթի և սպորտի նախարարություն",16,187076600,98.12,2018-06-13,2026-02-15
05201522,Շենավանի բժշկական ամբուլատորիա ՀՈԱԿ,14,189480340,88.26,1,02507171,ՀՀ  առողջապահության  նախարարություն,14,189480340,100,2017-02-09,2023-04-25
01505968,Ռուսական արվեստի թանգարան (պրոֆ. Ա. Աբրահամյանի հավաքածու) ՊՈԱԿ,11,189220400,0,1,02512868,"ՀՀ կրթության, գիտության, մշակույթի և սպորտի նախարարություն",11,189220400,100,2022-02-01,2026-05-10
08209308,Աստղաձորի ԱԱՊԿՓԲԸ,15,189055575,89.58,1,02507171,ՀՀ  առողջապահության  նախարարություն,15,189055575,100,2017-02-09,2023-04-25
03531233,Արամուսի ԱԱՊԿ ՊՈԱԿ,14,188506625,88.94,1,02507171,ՀՀ  առողջապահության  նախարարություն,14,188506625,100,2017-02-09,2023-04-25
06910824,Վահագնիի Մ.Քոչինյանի անվան ԱԿ ՊՈԱԿ,13,188326750,88.73,1,02507171,ՀՀ  առողջապահության  նախարարություն,13,188326750,100,2017-02-09,2023-01-22
04708997,Մերձավանի ԲԱ ՀՈԱԿ,15,187949560,88.03,1,02507171,ՀՀ  առողջապահության  նախարարություն,15,187949560,100,2017-02-09,2023-04-25
05005162,Ասյա Մարկոսյանի անվան Կոշ բժշկական ամբուլատորիա ՀՈԱԿ,13,186830825,97.17,1,02507171,ՀՀ  առողջապահության  նախարարություն,13,186830825,100,2017-02-09,2023-04-25
01513699,Ասքմեդ դիզայն  ՍՊԸ,14,186667801,37.95,2,02565827,ՀՀ քաղաքաշինության կոմիտե,10,168045000,90.02,2019-11-20,2026-03-12
04112093,Ուրցաձորի ԱԱՊԿ ՓԲԸ,15,186335295,89.11,1,02507171,ՀՀ  առողջապահության  նախարարություն,15,186335295,100,2017-02-09,2023-04-25
09810225,Բռնակոթի ԱԱՊԿ,14,186233820,89,1,02507171,ՀՀ  առողջապահության  նախարարություն,14,186233820,100,2017-02-09,2023-04-25
05305949,ՆԱՐԵԿ ԱՌՈՂՋՈՒԹՅԱՆ ԿԵՆՏՐՈՆ ՍՊԸ,15,186209140,95.55,2,02507171,ՀՀ  առողջապահության  նախարարություն,13,185759140,99.76,2017-02-09,2023-04-25
04104972,Տափերականի ԲԱ ՓԲԸ,13,185752075,88.2,1,02507171,ՀՀ  առողջապահության  նախարարություն,13,185752075,100,2017-02-09,2023-04-25
07625464,ՀՀ Տավուշի մարզի Իջևան համայնք,15,184366455,0.02,3,02505983,ՀՀ էկոնոմիկայի նախարարություն,7,169505055,91.94,2022-09-14,2026-04-22
04708893,Ջրառատի ԲԱ ՀՈԱԿ,16,184012410,88.91,1,02507171,ՀՀ  առողջապահության  նախարարություն,16,184012410,100,2017-02-09,2023-12-11
05302607,Մաստարայի բժշկական ամբուլատորիա ՀՈԱԿ,15,183050805,88.64,1,02507171,ՀՀ  առողջապահության  նախարարություն,15,183050805,100,2017-02-09,2023-04-25
04708757,Արագածի ԲԱ ՀՈԱԿ,15,182227125,88.87,1,02507171,ՀՀ  առողջապահության  նախարարություն,15,182227125,100,2017-02-09,2023-04-25
04104671,Ավշարի ԲԱ ՓԲԸ,15,182179750,88.68,1,02507171,ՀՀ  առողջապահության  նախարարություն,15,182179750,100,2017-02-09,2023-04-25
02871521,«ԼԱՅԹՍՓԻԴ ԻՍԹ» ՍՊԸ,10,180237299,0,1,02565518,ՀՀ բարձր տեխնոլոգիական արդյունաբերության նախարարություն,10,180237299,100,2023-01-22,2026-03-31
04220603,Քաղցրաշենի ԱԱՊԿ ՓԲԸ,14,180158250,95.9,1,02507171,ՀՀ  առողջապահության  նախարարություն,14,180158250,100,2017-02-09,2023-04-25
02817684,«Օրացույց» գիտաստեղծագործական նախաձեռնությունների միավորում ՀԿ,11,179289200,0,1,02512868,"ՀՀ կրթության, գիտության, մշակույթի և սպորտի նախարարություն",11,179289200,100,2022-04-11,2026-04-27
08210847,Գեղամասարի ԱԱՊԿ,14,178841675,85.12,1,02507171,ՀՀ  առողջապահության  նախարարություն,14,178841675,100,2017-02-09,2023-04-25
00410971,Սպառշինարդ ՍՊԸ,19,178345402,0,1,02593108,Երևանի քաղաքապետարան,19,178345402,100,2017-02-08,2018-04-10
01517529,Արասո ՍՊԸ,10,178167500,0,2,02522157,ՀՀ  պաշտպանության  նախարարություն,9,177667500,99.72,2016-10-27,2019-10-08
04220731,Բուրաստանի ԱԱՊԿ ՓԲԸ,15,178062405,88.23,1,02507171,ՀՀ  առողջապահության  նախարարություն,15,178062405,100,2017-02-09,2023-04-25
03510621,Բալահովիտի ԲԱ ՊՈԱԿ,14,177966565,90.06,1,02507171,ՀՀ  առողջապահության  նախարարություն,14,177966565,100,2017-02-09,2023-04-25
08417408,Գանձակի ԱԱՊԿ,15,177836660,87.96,1,02507171,ՀՀ  առողջապահության  նախարարություն,15,177836660,100,2017-02-09,2023-04-25
04104783,Այգավանի ԲԱ ՓԲԸ,15,177609265,88.39,1,02507171,ՀՀ  առողջապահության  նախարարություն,15,177609265,100,2017-02-09,2023-04-25
00845121,Խնամք հասարակական կազմակերպություն,12,176926146,0,1,01506515,ՀՀ  աշխատանքի և սոցիալական հարցերի նախարարություն,12,176926146,100,2022-01-17,2026-01-28
04104759,Ոսկետափի ԲԱ ՀՈԱԿ,15,176824065,88.08,1,02507171,ՀՀ  առողջապահության  նախարարություն,15,176824065,100,2017-02-09,2023-04-25
08211187,Ակունքի ԱԱՊԿ,15,176286140,91.63,1,02507171,ՀՀ  առողջապահության  նախարարություն,15,176286140,100,2017-02-09,2023-04-25
06102658,Մեծ Մանթաշի ԱԿ ՊՈԱԿ,13,176056350,86.69,1,02507171,ՀՀ  առողջապահության  նախարարություն,13,176056350,100,2017-02-09,2023-04-25
05550519,ԿԱՐԻՏԱՍ-ԱՐԵԳԱԿ ԲԿ,10,175807875,1.19,2,01506515,ՀՀ  աշխատանքի և սոցիալական հարցերի նախարարություն,9,173707875,98.81,2022-01-25,2026-01-19
00093371,Արիես լանչ ՍՊԸ,37,174519650,100,2,02505983,ՀՀ էկոնոմիկայի նախարարություն,36,174027650,99.72,2018-11-29,2021-04-29
06604621,Շնողի ԲԱ ՀՈԱԿ,15,174388920,87.95,1,02507171,ՀՀ  առողջապահության  նախարարություն,15,174388920,100,2017-02-09,2023-04-25
02854988,«Էքսթենսիվ» ՍՊԸ,19,174081137,0,1,02565518,ՀՀ բարձր տեխնոլոգիական արդյունաբերության նախարարություն,19,174081137,100,2022-07-31,2025-07-28
03809901,Հովտաշատի ԱԱՊԿ ՓԲԸ,15,173551795,88.25,1,02507171,ՀՀ  առողջապահության  նախարարություն,15,173551795,100,2017-02-09,2023-04-25
04220593,Գետազատի ԱԱՊԿ ՓԲԸ,15,173171730,88.58,1,02507171,ՀՀ  առողջապահության  նախարարություն,15,173171730,100,2017-02-09,2023-04-25
01804822,Ա-2 ՍՊԸ,16,173110720,0,2,02522157,ՀՀ  պաշտպանության  նախարարություն,15,170950720,98.75,2017-05-10,2024-12-18
03547267,Կարաս Գրուպ ՍՊԸ,17,172784550,100,1,02505983,ՀՀ էկոնոմիկայի նախարարություն,17,172784550,100,2020-04-29,2021-04-29
08616197,Ծովագյուղի ԱԱՊԿ,12,172518850,97.59,1,02507171,ՀՀ  առողջապահության  նախարարություն,12,172518850,100,2017-02-09,2023-04-25
03809824,Դաշտավանի ԱԱՊԿ ՓԲԸ,14,171864775,90.37,1,02507171,ՀՀ  առողջապահության  նախարարություն,14,171864775,100,2017-02-09,2023-04-25
00502808,Բաղ Շին ՍՊԸ,10,171610749,0,1,02697772,«Երևանի աղբահանություն և սանիտարական մաքրում» համայնքային հիմնարկ,10,171610749,100,2023-02-01,2025-05-13
08909377,Մալիշկայի ԱԱՊԿ,21,170539575,88.64,1,02507171,ՀՀ  առողջապահության  նախարարություն,21,170539575,100,2017-02-09,2023-04-25
04112146,ՈԿՖ Բանավանի ԱԱՊԿ ՓԲԸ,15,170134090,88.3,1,02507171,ՀՀ  առողջապահության  նախարարություն,15,170134090,100,2017-02-09,2023-04-25
00041055,Արտեմիս ՍՊԸ,35,169508005,8.34,9,02819226,«Կանաչապատում և շրջակա միջավայրի պահպանություն» ՀՈԱԿ,12,155763061,91.89,2016-10-11,2026-02-22
00926914,ՇԻՆԷՆԵՐԳՈՄԱՔՍ  ՍՊԸ,25,169479139,0,4,02593108,Երևանի քաղաքապետարան,22,159217073,93.94,2020-04-09,2026-05-19
04602412,Դալարիկի ԲԱ ՀՈԱԿ,16,169297425,88.92,1,02507171,ՀՀ  առողջապահության  նախարարություն,16,169297425,100,2017-02-09,2023-12-11
ADCBAEAA,Mind Spirit Designs & Works LLC,12,169145525,99.19,2,02565518,ՀՀ բարձր տեխնոլոգիական արդյունաբերության նախարարություն,9,167065525,98.77,2023-01-26,2025-05-04
06604741,Ախթալայի ԱԿ ՊՓԲԸ,14,169118840,88.65,1,02507171,ՀՀ  առողջապահության  նախարարություն,14,169118840,100,2017-02-09,2023-01-22
04709544,Խորոնքի ԲԱ ՀՈԱԿ,15,168144810,87.68,1,02507171,ՀՀ  առողջապահության  նախարարություն,15,168144810,100,2017-02-09,2023-04-25
02696479,ԷԼՍԻՍԹԵՄՍՊՐՈ ՍՊԸ,15,166968572,0.29,6,02512868,"ՀՀ կրթության, գիտության, մշակույթի և սպորտի նախարարություն",8,158701776,95.05,2020-10-29,2026-06-30
05802299,Մարմաշենի ԲԱ ՊՈԱԿ,15,165830650,87.77,1,02507171,ՀՀ  առողջապահության  նախարարություն,15,165830650,100,2017-02-09,2023-04-25
03537581,«Ընտանիք և համայնք» բարեգործական հասարակական կազմակերպություն,10,165376840,0,1,01506515,ՀՀ  աշխատանքի և սոցիալական հարցերի նախարարություն,10,165376840,100,2022-02-07,2026-01-20
05005266,Փարպիի բժշկական ամբուլատորիա ՀՈԱԿ,14,164226160,88.32,1,02507171,ՀՀ  առողջապահության  նախարարություն,14,164226160,100,2017-02-09,2023-04-25
04408556,Խանջյանի ԲԱ ՀՈԱԿ,15,163966395,88.28,1,02507171,ՀՀ  առողջապահության  նախարարություն,15,163966395,100,2017-02-09,2023-04-25
03304311,Արգելի ԱԿ ՊՈԱԿ,18,163753820,85.41,1,02507171,ՀՀ  առողջապահության  նախարարություն,18,163753820,100,2017-02-09,2023-04-25
06102735,Սառնաղբյուրի ԱԿ ՊՈԱԿ,15,163625840,89.19,1,02507171,ՀՀ  առողջապահության  նախարարություն,15,163625840,100,2017-02-09,2023-04-25
00116673,«Հավատագրման ազգային մարմին» ՊՈԱԿ,13,162568660,6.17,3,02505983,ՀՀ էկոնոմիկայի նախարարություն,5,152540000,93.83,2019-02-19,2026-04-27
06940058,Գուգարքի ԱԱՊԿ ՊՈԱԿ,14,162499975,95.21,1,02507171,ՀՀ  առողջապահության  նախարարություն,14,162499975,100,2017-02-09,2023-04-25
00494838,ԳՐԻԳՈՐՅԱՆ ՇԻՆ ՄՈՆՏԱԺ ՍՊԸ,15,161195141,0.5,3,02593108,Երևանի քաղաքապետարան,13,159904785,99.2,2021-05-24,2026-05-18
09803255,Անգեղակոթի ԲԱ,18,160738005,87.67,1,02507171,ՀՀ  առողջապահության  նախարարություն,18,160738005,100,2017-02-09,2023-04-25
05005154,Արուճի բժշկական ամբուլատորիա ՀՈԱԿ,13,160353110,90.12,1,02507171,ՀՀ  առողջապահության  նախարարություն,13,160353110,100,2017-02-09,2023-01-22
04220662,Այգեստանի ԱԱՊԿ ՊՈԱԿ,15,160320060,89.02,2,02507171,ՀՀ  առողջապահության  նախարարություն,14,159320060,99.38,2017-02-09,2023-04-25
05005386,Ագարակի բժշկական ամբուլատորիա ՀՈԱԿ,14,160145355,90.65,1,02507171,ՀՀ  առողջապահության  նախարարություն,14,160145355,100,2017-02-09,2023-04-25
03809883,Գեղանիստի ԱԱՊԿ ՓԲԸ,14,159862310,89.61,1,02507171,ՀՀ  առողջապահության  նախարարություն,14,159862310,100,2017-02-09,2023-04-25
08209316,Վաղաշենի ԱԱՊԿ,13,159521995,91.07,1,02507171,ՀՀ  առողջապահության  նախարարություն,13,159521995,100,2017-02-09,2023-04-25
09205013,Վերիշենի ԲԱ,15,158705040,88.63,1,02507171,ՀՀ  առողջապահության  նախարարություն,15,158705040,100,2017-02-09,2023-04-25
00909494,ՋԻՋԻ ՆԱՏՈՒՐԱԼՍ ՍՊԸ,19,158549293,3.37,3,02819226,«Կանաչապատում և շրջակա միջավայրի պահպանություն» ՀՈԱԿ,14,147664793,93.13,2019-04-25,2025-06-15
01237297,«Ավիա-Գիտ Գրուպ» ՍՊԸ,13,156000001,0,1,02509254,«Հատուկ կապ» ՓԲԸ,13,156000001,100,2019-06-25,2026-01-06
06952847,ՀԱՅՄԱՍ ՍՊԸ,12,155806823,36.68,2,06901936,«Վանաձորի համայնքապետարանի աշխատակազմ» ՀԿՀ,11,152606823,97.95,2017-07-17,2024-04-15
09412936,Գործընկերություն և ուսուցում քաղաքացիական հասարակությանը և կրթությանը աջակցող ՀԿ,16,155722282,0,2,01506515,ՀՀ  աշխատանքի և սոցիալական հարցերի նախարարություն,14,155094532,99.6,2019-06-03,2026-01-20
03809832,Սայաթ  Նովայի ԱԱՊԿ ՓԲԸ,15,154893670,88.41,1,02507171,ՀՀ  առողջապահության  նախարարություն,15,154893670,100,2017-02-09,2023-04-25
08618794,Սևան համայնքի կոմունալ սպասարկում և բարեկարգում ՀՈԱԿ,18,154623000,2.95,3,08601339,Սևանի համայնքապետարան,12,151168000,97.77,2017-02-02,2025-01-20
08210804,Կարճաղբյուր ԱԱՊԿ,14,154536450,87.14,1,02507171,ՀՀ  առողջապահության  նախարարություն,14,154536450,100,2017-02-09,2023-04-25
07401674,Կողբի ԲԱ ՀՈԱԿ,15,154312975,85.33,1,02507171,ՀՀ  առողջապահության  նախարարություն,15,154312975,100,2017-02-09,2023-04-25
05023335,Իմպորտ Թրեյդ,27,153714453,0,4,02522157,ՀՀ  պաշտպանության  նախարարություն,23,149070819,96.98,2018-07-09,2021-06-01
02707077,Էյ Վի Էն Գրուպ ՍՊԸ,332,152981376,15.18,7,02593108,Երևանի քաղաքապետարան,319,138159937,90.31,2016-09-25,2026-08-09
05205403,«ԼԻԼԻԴԵՆՏԻՍ» ՍՊԸ,17,152786100,96.58,2,02507171,ՀՀ  առողջապահության  նախարարություն,16,152141100,99.58,2017-03-06,2024-03-27
08215489,«ԴԵՎԱՐՏ» ՍՊԸ,14,152528049,0,1,02565518,ՀՀ բարձր տեխնոլոգիական արդյունաբերության նախարարություն,14,152528049,100,2022-07-31,2026-03-09
04220697,Դալարի ԱԱՊԿ ՓԲԸ,14,152150775,85.48,1,02507171,ՀՀ  առողջապահության  նախարարություն,14,152150775,100,2017-02-09,2023-04-25
01503576,«Մատենադարան» Մեսրոպ Մաշտոցի անվան հին ձեռագրերի գիտահետազետական ինստիտուտ» Հիմնադրամ,38,151545576,2.3,18,02512868,"ՀՀ կրթության, գիտության, մշակույթի և սպորտի նախարարություն",11,148008476,97.67,2016-10-13,2026-06-01
04408814,Բամբակաշատի ԲԱ ՀՈԱԿ,14,151440250,89.04,1,02507171,ՀՀ  առողջապահության  նախարարություն,14,151440250,100,2017-02-09,2023-04-25
04708765,Արշալույսի ԲԱ ՀՈԱԿ,15,150690930,88.03,1,02507171,ՀՀ  առողջապահության  նախարարություն,15,150690930,100,2017-02-09,2023-04-25
02515557,«Ա. Սպենդիարյանի տուն-թանգարան» ՊՈԱԿ,10,149598800,0,1,02512868,"ՀՀ կրթության, գիտության, մշակույթի և սպորտի նախարարություն",10,149598800,100,2022-02-01,2026-02-02
08606556,Դդմաշենի ԲԱ ՊՓԲԸ,15,148585570,89.13,1,02507171,ՀՀ  առողջապահության  նախարարություն,15,148585570,100,2017-02-09,2023-04-25
02506024,«Ս. Փարաջանովի թանգարան» ՊՈԱԿ,10,148434100,0.17,4,02512868,"ՀՀ կրթության, գիտության, մշակույթի և սպորտի նախարարություն",7,148176100,99.83,2019-11-03,2026-02-02
07803454,Պառավաքարի ԳԲԱ ՓԲԸ,16,148412355,87.5,1,02507171,ՀՀ  առողջապահության  նախարարություն,16,148412355,100,2017-02-09,2023-01-22
02700216,Նորմեդ ՍՊԸ,15,147551860,95.31,2,02507171,ՀՀ  առողջապահության  նախարարություն,9,147371860,99.88,2017-02-09,2023-01-22
00010182,Գողթն ՍՊԸ,16,147175054,19.04,1,02565827,ՀՀ քաղաքաշինության կոմիտե,16,147175054,100,2017-05-10,2025-12-15
04220766,Նորաշենի ԱԱՊԿ ՊՈԱԿ,14,147115530,90.49,1,02507171,ՀՀ  առողջապահության  նախարարություն,14,147115530,100,2017-02-09,2023-04-25
07806505,Ն. Կ. Աղբյուրի ԱԱՊԿ ՓԲԸ,15,146616515,87.43,1,02507171,ՀՀ  առողջապահության  նախարարություն,15,146616515,100,2017-02-09,2023-01-22
00173775,<<ԼԱՍՄԵԴ>>ՍՊԸ,10,145391000,0.11,2,02505554,ՀՀ վարչապետի աշխատակազմ,9,145226000,99.89,2021-03-29,2026-02-01
08210839,Լուսակունքի ԱԱՊԿ,15,144334660,86.96,1,02507171,ՀՀ  առողջապահության  նախարարություն,15,144334660,100,2017-02-09,2023-04-25
00518325,ՔԻԴ ՍՊՈՐՏ ՍՊԸ,19,144131213,0,2,02593108,Երևանի քաղաքապետարան,17,139269293,96.63,2024-08-18,2026-07-30
00465515,«ԱՐՄ ԼՅՈՒՔՍ» ՍՊԸ ,14,142843000,0.48,5,02593108,Երևանի քաղաքապետարան,8,129349000,90.55,2018-01-23,2020-04-06
01274523,«ԱՐՏԵՄԻԴԱ» ՍՊԸ,11,142053360,9.9,4,02819226,«Կանաչապատում և շրջակա միջավայրի պահպանություն» ՀՈԱԿ,7,138201160,97.29,2021-05-17,2026-05-14
04229315,Մաքուր Մասիս  ՓԲԸ,10,140774000,6.34,1,03801428,Մասիսի համայնքապետարան,10,140774000,100,2017-01-31,2019-02-02
02523863,Բնակչության հատուկ սպասարկում ՀՈԱԿ,67,140480367,45.41,1,02593108,Երևանի քաղաքապետարան,67,140480367,100,2016-12-27,2024-12-10
01008904,ՀՀ ԳԱԱ Կենդանաբանության և հիդրոէկոլոգիայի գիտական կենտրոն,17,140258160,4.97,1,02507198,ՀՀ շրջակա միջավայրի նախարարություն,17,140258160,100,2017-03-17,2025-11-30
04417204,Արմավիրի զարգացման կենտրոն,13,139509167,0,1,01506515,ՀՀ  աշխատանքի և սոցիալական հարցերի նախարարություն,13,139509167,100,2022-01-19,2026-01-22
01539804,Էքսպոմեդիա  ՍՊԸ,14,139360240,94.07,2,02545976,ՀՀ արտաքին գործերի նախարարության պետական արարողակարգի ծառայություն,12,136596814,98.02,2016-07-06,2020-10-19
04414771,Շենավանի ԲԱ ՀՈԱԿ,16,138935660,88.75,1,02507171,ՀՀ  առողջապահության  նախարարություն,16,138935660,100,2017-02-09,2023-12-11
09104522,Զառիթափի ԱԱՊԿ,15,138508540,88.86,1,02507171,ՀՀ  առողջապահության  նախարարություն,15,138508540,100,2017-02-09,2023-04-25
00851861,ՊՐՈԹԵԶԱՕՐԹՈՊԵԴԻԿ ՍՊԸ,16,138488810,56.21,1,01506515,ՀՀ  աշխատանքի և սոցիալական հարցերի նախարարություն,16,138488810,100,2017-03-27,2017-10-06
02849094,«ԱԹԱՆԵՍՅԱՆ ՓՐՈՋԵՔԹ» ՍՊԸ,12,138338880,0.27,8,03000453,Հրազդանի համայնքապետարան,1,129600000,93.68,2022-12-13,2025-09-28
04112085,Նոյակերտի ԱԱՊԿ ՓԲԸ,15,138211415,88.57,1,02507171,ՀՀ  առողջապահության  նախարարություն,15,138211415,100,2017-02-09,2023-04-25
04112103,Փ. Վեդու ԱԱՊԿ ՓԲԸ,15,137396665,89.23,1,02507171,ՀՀ  առողջապահության  նախարարություն,15,137396665,100,2017-02-09,2023-04-25
07401778,Բերդավանի ԳԲԱ ՓԲԸ,15,137186105,88.06,1,02507171,ՀՀ  առողջապահության  նախարարություն,15,137186105,100,2017-02-09,2023-04-25
00118154,Ժամանակակից վիրաբուժության կլինիկա ՍՊԸ,16,136232636,98.87,2,02507171,ՀՀ  առողջապահության  նախարարություն,14,135761560,99.65,2018-10-24,2023-01-22
02678513,«ՍՊ ՀՈԼԴԻՆԳ» ՍՊԸ,40,136230500,100,1,02505983,ՀՀ էկոնոմիկայի նախարարություն,40,136230500,100,2020-04-06,2021-12-30
04708946,Հայթաղի ԲԱ ՀՈԱԿ,14,135957770,89.07,1,02507171,ՀՀ  առողջապահության  նախարարություն,14,135957770,100,2017-02-09,2023-04-25
05560296,ՙՙԳԱԳԱ23ՙՙ ՍՊԸ,14,135910404,8.5,2,02522157,ՀՀ  պաշտպանության  նախարարություն,13,135232650,99.5,2023-11-15,2025-05-06
04408641,Արմավիրի ԱԿ ՀՈԱԿ,13,135902805,87.57,1,02507171,ՀՀ  առողջապահության  նախարարություն,13,135902805,100,2017-02-09,2023-04-25
04409069,Լենուղու ԱԿ ՀՈԱԿ,13,135696420,90.88,1,02507171,ՀՀ  առողջապահության  նախարարություն,13,135696420,100,2017-02-09,2023-04-25
07614322,Ազատամուտի ԱԱՊԿ,14,135685100,88.19,1,02507171,ՀՀ  առողջապահության  նախարարություն,14,135685100,100,2017-02-09,2023-01-22
02238693,Համախոհ ՍՊԸ,13,135423338,0,2,02593108,Երևանի քաղաքապետարան,12,132103482,97.55,2019-07-09,2023-08-01
05005215,Սասունիկի բժշկական ամբուլատորիա ՀՈԱԿ,14,133698410,90.04,1,02507171,ՀՀ  առողջապահության  նախարարություն,14,133698410,100,2017-02-09,2023-04-25
03027114,Հրազդանի համայնքապետարան,14,133038616,46.01,3,03029935,ՀՀ Կոտայքի մարզպետի աշխատակազմ,9,126609300,95.17,2017-04-11,2026-05-04
04708781,Թարիովի ԲԱ ՀՈԱԿ,14,133006325,89.27,1,02507171,ՀՀ  առողջապահության  նախարարություն,14,133006325,100,2017-02-09,2023-04-25
03809944,Հայանիստի ԱԱՊԿ ՓԲԸ,13,132752140,89.81,1,02507171,ՀՀ  առողջապահության  նախարարություն,13,132752140,100,2017-02-09,2023-04-25
04602447,Երվանդաշատի ԱԿ ՀՈԱԿ,15,131273210,88.25,1,02507171,ՀՀ  առողջապահության  նախարարություն,15,131273210,100,2017-02-09,2023-04-25
00457774,««ՀԱՐՄՈՆԻՈՒՄ» ԵՐԱԺՇՏԱԿԱՆ ԶԱՐԳԱՑՄԱՆ ԿԵՆՏՐՈՆ» ՀԿ,10,131113200,0,1,02512868,"ՀՀ կրթության, գիտության, մշակույթի և սպորտի նախարարություն",10,131113200,100,2022-02-22,2026-01-21
04418508,Կարիզա ՍՊԸ,17,130811500,1.32,4,02522157,ՀՀ  պաշտպանության  նախարարություն,13,120688000,92.26,2018-05-15,2022-04-12
03311444,Քանաքեռավանի ԱԱՊԿ ՊՈԱԿ,15,130609260,87.62,1,02507171,ՀՀ  առողջապահության  նախարարություն,15,130609260,100,2017-02-09,2023-04-25
06967542,Օ. Գևորգյան ՍՊԸ,22,129885344,0.75,1,06901936,«Վանաձորի համայնքապետարանի աշխատակազմ» ՀԿՀ,22,129885344,100,2023-01-10,2026-06-03
04414747,Ջանֆիդայի ԱԿ ՀՈԱԿ,15,129864115,88.68,1,02507171,ՀՀ  առողջապահության  նախարարություն,15,129864115,100,2017-02-09,2023-12-11
07614357,Գետահովիտի ԱԱՊԿ ՊՈԱԿ,14,129750710,87.66,1,02507171,ՀՀ  առողջապահության  նախարարություն,14,129750710,100,2017-02-09,2023-01-22
03531276,Ձորաղբյուրի ԱԱՊԿ ՊՈԱԿ,12,129712960,99.07,1,02507171,ՀՀ  առողջապահության  նախարարություն,12,129712960,100,2017-02-09,2023-04-25
09211702,Շինուհայրի ԱԱՊԿ ՊՈԱԿ,11,127266610,84.43,1,02507171,ՀՀ  առողջապահության  նախարարություն,11,127266610,100,2017-02-09,2022-09-30
01297586,Սարեր Մշակութային ՀԿ,15,127119400,3.85,2,02512868,"ՀՀ կրթության, գիտության, մշակույթի և սպորտի նախարարություն",14,122219400,96.15,2022-04-04,2026-06-28
03309185,Կարպ-Գազ-Ռադ ՍՊԸ,19,126625600,0,5,02593108,Երևանի քաղաքապետարան,15,115872800,91.51,2017-04-26,2019-05-26
06926711,«ՍՊԻՏԱԿԻ ԵՐԻՏԱՍԱՐԴ ՄԱՐԴԿԱՆՑ ՔՐԻՍՏՈՆԵԱԿԱՆ ԱՍՈՑԻԱՑԻԱ » ՀԿ,22,126535000,98.48,2,02505983,ՀՀ էկոնոմիկայի նախարարություն,17,124608500,98.48,2020-07-21,2024-08-08
08209375,Արծվանիստի ԱԱՊԿ,15,125947660,88.39,1,02507171,ՀՀ  առողջապահության  նախարարություն,15,125947660,100,2017-02-09,2023-04-25
04409103,Արևիկի ԲԱ ՀՈԱԿ,15,125042450,88.77,1,02507171,ՀՀ  առողջապահության  նախարարություն,15,125042450,100,2017-02-09,2023-04-25
03006313,Լեռնանիստի ԲԱ ՀՈԱԿ,13,124385645,89.56,1,02507171,ՀՀ  առողջապահության  նախարարություն,13,124385645,100,2017-02-09,2023-01-22
08209814,Վարդաձորի ԱԱՊԿ,15,123384215,88.57,1,02507171,ՀՀ  առողջապահության  նախարարություն,15,123384215,100,2017-02-09,2023-05-11
04709038,Նորակերտի ԲԱ ՀՈԱԿ,15,122988975,88.99,1,02507171,ՀՀ  առողջապահության  նախարարություն,15,122988975,100,2017-02-09,2023-04-25
08209271,Ծովասարի ԱԱՊԿ ՊՈԱԿ,14,122498940,88.22,1,02507171,ՀՀ  առողջապահության  նախարարություն,14,122498940,100,2017-02-09,2023-04-25
00220168,ՄԵԴԹՐԵՅԴ ՍՊԸ,22,122272189,0,6,02507171,ՀՀ  առողջապահության  նախարարություն,17,113164699,92.55,2020-12-27,2026-05-26
08209298,Ծակքարի ԱԱՊԿ,14,122253365,87.91,1,02507171,ՀՀ  առողջապահության  նախարարություն,14,122253365,100,2017-02-09,2023-01-22
06609729,Աքորու ԱԱՊԿ ՊՈԱԿ,13,122106110,90.11,1,02507171,ՀՀ  առողջապահության  նախարարություն,13,122106110,100,2017-02-09,2023-01-22
04112154,Զանգակատան ԱԱՊԿ ՓԲԸ,15,121784215,87.25,1,02507171,ՀՀ  առողջապահության  նախարարություն,15,121784215,100,2017-02-09,2023-04-24
04408692,Գետաշենի ԲԱ ՀՈԱԿ,15,121463695,88.52,1,02507171,ՀՀ  առողջապահության  նախարարություն,15,121463695,100,2017-02-09,2023-04-25
09803239,Դարբասի ԱԱՊԿ,16,121211590,86.46,1,02507171,ՀՀ  առողջապահության  նախարարություն,16,121211590,100,2017-02-09,2023-01-22
01503104,ՀՀ ԳԱԱ հնագիտության և ազգագրության ինստիտուտ,12,120973000,0.56,1,02512868,"ՀՀ կրթության, գիտության, մշակույթի և սպորտի նախարարություն",12,120973000,100,2021-12-15,2026-06-08
05201565,Քուչակի բժշկական ամբուլատորիա ՀՈԱԿ,14,120802310,87.7,1,02507171,ՀՀ  առողջապահության  նախարարություն,14,120802310,100,2017-02-09,2023-01-22
04408564,Մարգարայի ԱԿ ՀՈԱԿ,15,120732015,88.61,1,02507171,ՀՀ  առողջապահության  նախարարություն,15,120732015,100,2017-02-09,2023-04-25
07402581,Ոսկևանի ԱԱՊԿ,14,120499690,87.18,1,02507171,ՀՀ  առողջապահության  նախարարություն,14,120499690,100,2017-02-09,2023-01-22
03531225,Կոտայքի ԱԱՊԿ ՊՈԱԿ,15,120053965,86.24,1,02507171,ՀՀ  առողջապահության  նախարարություն,15,120053965,100,2017-02-09,2023-05-10
04708938,Ակնալիճ ԲԱ ՀՈԱԿ,12,118471150,91.23,1,02507171,ՀՀ  առողջապահության  նախարարություն,12,118471150,100,2017-02-09,2023-04-25
01527436,ՍԵԴԱՐԱ ՍՊԸ,27,118210726,1.42,8,02522157,ՀՀ  պաշտպանության  նախարարություն,15,113575160,96.08,2018-06-06,2025-08-24
02519153,ՍՊԻԿԱ ՍՊԸ,16,117700400,80.85,4,02512868,"ՀՀ կրթության, գիտության, մշակույթի և սպորտի նախարարություն",12,115886250,98.46,2016-10-31,2026-03-09
01203298,«Փաստավավերագրական ֆիլմերի «Հայկ» կինոստուդիա»,10,117133100,0,1,02512868,"ՀՀ կրթության, գիտության, մշակույթի և սպորտի նախարարություն",10,117133100,100,2021-09-28,2023-01-31
28076277,Էմմա Հովհաննիսյան Մխիթարի,14,116769550,2.92,1,01533334,ՀՀ ներքին գործերի նախարարություն,14,116769550,100,2021-01-20,2026-07-14
04220585,Դիմիտրովի ԱԱՊԿ ՓԲԸ,14,116476395,96.22,1,02507171,ՀՀ  առողջապահության  նախարարություն,14,116476395,100,2017-02-09,2023-04-25
05502681,«ԳՅՈՒՄՐՈՒ ԱՐՅԱՆ ՓՈԽՆԵՐԱՐԿՄԱՆ ԿԱՅԱՆ» Փակ բաժնետիրական ընկերություն (ՓԲԸ),10,116364100,100,2,02507171,ՀՀ  առողջապահության  նախարարություն,6,116346100,99.98,2018-02-14,2023-02-09
04414798,Վարդանաշենի ԲԱ ՀՈԱԿ,15,115598890,90.02,1,02507171,ՀՀ  առողջապահության  նախարարություն,15,115598890,100,2017-02-09,2023-12-11
03813381,ԱՎՏՈԲԱՏ  ՍՊԸ,20,114759500,0.51,12,02522157,ՀՀ  պաշտպանության  նախարարություն,3,107925000,94.04,2017-03-13,2025-10-28
04220611,Նշավանի ԱԱՊԿ ՓԲԸ,15,114118840,88.56,1,02507171,ՀՀ  առողջապահության  նախարարություն,15,114118840,100,2017-02-09,2023-04-25
04104732,Նոր Կյանքի ԲԱ ՀՈԱԿ,15,113989290,88.24,1,02507171,ՀՀ  առողջապահության  նախարարություն,15,113989290,100,2017-02-09,2023-04-25
02838125,«ՎԱՍԱՐՏ» ՍՊԸ,13,112624598,2.78,1,02512868,"ՀՀ կրթության, գիտության, մշակույթի և սպորտի նախարարություն",13,112624598,100,2022-07-17,2026-08-06
06805245,Արևաշողի ԱԱՊԿ ՊՈԱԿ,14,112563395,96.12,1,02507171,ՀՀ  առողջապահության  նախարարություն,14,112563395,100,2017-02-09,2023-04-25
85458965,Joint Aviation Authorities-Training Organisation,91,112363309,100,2,01204231,Քաղաքացիական ավիացիայի կոմիտե,80,105587000,93.97,2019-11-10,2026-07-21
04708826,Ապագայի ԲԱ ՀՈԱԿ,13,111819825,96.25,1,02507171,ՀՀ  առողջապահության  նախարարություն,13,111819825,100,2017-02-09,2023-04-25
02637219,ԱԷՍ Սիսթեմս ՍՊԸ,10,111744400,0.7,4,02505554,ՀՀ վարչապետի աշխատակազմ,3,108462800,97.06,2019-11-10,2026-02-17
04228424,Լանջազատի ԱԱՊԿ ՊՈԱԿ,15,111620645,90.96,1,02507171,ՀՀ  առողջապահության  նախարարություն,15,111620645,100,2017-02-09,2023-04-25
04708842,Բաղրամյանի ԲԱ ՀՈԱԿ,15,111130625,88.18,1,02507171,ՀՀ  առողջապահության  նախարարություն,15,111130625,100,2017-02-09,2023-04-25
08909385,Աղավնաձորի ԱԱՊԿ,12,110649525,96.04,1,02507171,ՀՀ  առողջապահության  նախարարություն,12,110649525,100,2017-02-09,2023-01-22
04105554,Լուսառատի ԲԱ ՀՈԱԿ,14,109979295,90.89,1,02507171,ՀՀ  առողջապահության  նախարարություն,14,109979295,100,2017-02-09,2023-04-25
03006252,Արզականի ԲԱ ՊՈԱԿ,15,109861585,88.58,1,02507171,ՀՀ  առողջապահության  նախարարություն,15,109861585,100,2017-02-09,2023-04-25
02618938,Ինտեռարմ-Մ ՍՊԸ,14,109493009,98.61,9,02505983,ՀՀ էկոնոմիկայի նախարարություն,4,104358900,95.31,2016-10-20,2022-07-26
03006279,Բջնիի ԲԱ ՊՈԱԿ,15,109277200,88.81,1,02507171,ՀՀ  առողջապահության  նախարարություն,15,109277200,100,2017-02-09,2023-04-25
04408729,Արգավանդի ԲԱ ՀՈԱԿ,15,109204835,88.63,1,02507171,ՀՀ  առողջապահության  նախարարություն,15,109204835,100,2017-02-09,2023-04-25
04105064,Սուրենավանի ԲԱ ՀՈԱԿ,15,108746180,88.5,1,02507171,ՀՀ  առողջապահության  նախարարություն,15,108746180,100,2017-02-09,2023-04-25
00232038,«ԷՅԷՄՋԻ ՊՐՈՋԵԿՏ » ՍՊԸ,18,108670051,97.49,5,00846441,Հայաստանի տարածքային զարգացման հիմնադրամ,10,105111491,96.73,2022-08-22,2026-07-14
05505181,Թուրվանդ ՍՊԸ,16,108227129,0.09,10,02522157,ՀՀ  պաշտպանության  նախարարություն,7,100123098,92.51,2019-11-20,2026-08-06
07403533,Զորականի ԱԱՊԿ,13,107567115,89.15,1,02507171,ՀՀ  առողջապահության  նախարարություն,13,107567115,100,2017-02-09,2023-01-22
09810233,Գորայքի ԱԱՊԿ ՊՈԱԿ,17,107125810,86.4,1,02507171,ՀՀ  առողջապահության  նախարարություն,17,107125810,100,2017-02-09,2023-04-25
08102243,Դպրաբակի ԲԱ ՊՓԲԸ,13,106366445,97.51,1,02507171,ՀՀ  առողջապահության  նախարարություն,13,106366445,100,2017-02-09,2023-04-25
08216276,«ԻՆԺԵՆԵՐԱԿԱՆ ՀԱՄԱԿԱՐԳԵՐ» ՍՊԸ,23,106365190,3.28,8,04401874,«Հայկական ատոմային էլեկտրակայան» ՓԲԸ,14,97900790,92.04,2022-11-23,2026-07-07
05547619,«Խաչմերուկ» կրթական խորհրդատվական կենտրոն հիմնադրամ,11,104988983,0,3,01506515,ՀՀ  աշխատանքի և սոցիալական հարցերի նախարարություն,6,96993700,92.38,2021-10-28,2026-01-20
04105666,Արալեզի ԲԱ ՀՈԱԿ,14,104864170,89.41,1,02507171,ՀՀ  առողջապահության  նախարարություն,14,104864170,100,2017-02-09,2023-04-25
04602394,Բաղրամյան1 ԲԱ ՀՈԱԿ,15,104253015,88.27,1,02507171,ՀՀ  առողջապահության  նախարարություն,15,104253015,100,2017-02-09,2023-12-11
03017705,Քաղսի ԱԱՊԿ ՊՈԱԿ,14,103576215,89.47,1,02507171,ՀՀ  առողջապահության  նախարարություն,14,103576215,100,2017-02-09,2023-04-25
07623469,Արտ Շին 1155 ՍՊԸ,11,103460370,1.44,7,02593108,Երևանի քաղաքապետարան,3,101375370,97.98,2018-11-25,2025-03-12
04220689,Դվինի ԱԱՊԿ ՓԲԸ,14,103443740,95.51,1,02507171,ՀՀ  առողջապահության  նախարարություն,14,103443740,100,2017-02-09,2023-04-25
08804722,Որդի Տարոն ՍՊԸ,13,103211528,0,2,01533334,ՀՀ ներքին գործերի նախարարություն,12,101994008,98.82,2017-06-07,2023-02-08
00882175,Մարի հրատարակչություն ՍՊԸ,15,103183200,28.69,4,02512868,"ՀՀ կրթության, գիտության, մշակույթի և սպորտի նախարարություն",10,95114700,92.18,2017-04-20,2025-06-23
04207719,Վերին Դվինի ԲԱ ՀՈԱԿ,13,102988950,96.61,1,02507171,ՀՀ  առողջապահության  նախարարություն,13,102988950,100,2017-02-09,2023-04-25
04708456,Առատաշենի ԲԱ ՀՈԱԿ,14,102388435,88.95,1,02507171,ՀՀ  առողջապահության  նախարարություն,14,102388435,100,2017-02-09,2023-04-25
04220638,Ջրաշենի ԱԱՊԿ ՓԲԸ,15,102366555,90.23,1,02507171,ՀՀ  առողջապահության  նախարարություն,15,102366555,100,2017-02-09,2023-04-25
06609737,Արևածագի ԱԱՊԿ ՊՈԱԿ,13,102101370,89.72,1,02507171,ՀՀ  առողջապահության  նախարարություն,13,102101370,100,2017-02-09,2023-01-22
06406833,Ուռուտի ԱԱՊԿ ՊՈԱԿ,15,101869270,88.45,1,02507171,ՀՀ  առողջապահության  նախարարություն,15,101869270,100,2017-02-09,2023-04-25
07401631,Կոթիի ԳԲԱ ՊՈԱԿ,16,101866540,87.52,1,02507171,ՀՀ  առողջապահության  նախարարություն,16,101866540,100,2017-02-09,2023-04-25
00116201,Կանանց աջակցման կենտրոն ՀԿ ,14,101861796,0,1,01506515,ՀՀ  աշխատանքի և սոցիալական հարցերի նախարարություն,14,101861796,100,2022-01-30,2026-02-03
04449171,ՄԵԳԱ ԼԼ ՍՊԸ,11,101761155,0,1,02647057,ՀՀ պետական եկամուտների կոմիտե,11,101761155,100,2023-12-26,2026-06-21
04414755,Փշատավանի ԲԱ ՀՈԱԿ,16,101641400,88.43,1,02507171,ՀՀ  առողջապահության  նախարարություն,16,101641400,100,2017-02-09,2023-12-11
03809987,Նորամարգի ԱԱՊԿ ՓԲԸ,14,101472510,89.89,1,02507171,ՀՀ  առողջապահության  նախարարություն,14,101472510,100,2017-02-09,2023-04-25
02203848,«ԹԻՎ 3 ՄԱՆԿԱԿԱՆ ՍՏՈՄԱՏՈԼՈԳԻԱԿԱՆ ՊՈԼԻԿԼԻՆԻԿԱ» ՍՊԸ,13,101143050,92.48,2,02507171,ՀՀ  առողջապահության  նախարարություն,9,99871300,98.74,2017-03-06,2024-10-31
02522586,«Հայաստանի հեծանվային մարզաձևի ֆեդերացիա» հասարակական կազմակերպություն,12,100493700,0,1,02512868,"ՀՀ կրթության, գիտության, մշակույթի և սպորտի նախարարություն",12,100493700,100,2022-01-23,2026-01-28
08918771,Վայոց Ձորի մարզային հիվանդանոց ՓԲԸ,13,100411352,0,1,02507171,ՀՀ  առողջապահության  նախարարություն,13,100411352,100,2023-11-14,2025-12-14
03531782,Վերին Պտղնիի ԱԱՊԿ ՊՈԱԿ,14,100303280,88.57,1,02507171,ՀՀ  առողջապահության  նախարարություն,14,100303280,100,2017-02-09,2023-04-25
07806487,Նավուրի ԱԱՊԿ,13,99160510,89.25,1,02507171,ՀՀ  առողջապահության  նախարարություն,13,99160510,100,2017-02-09,2023-01-22
03511126,Արզնի ԱԱՊԿ ՊՈԱԿ,15,98523880,88.49,1,02507171,ՀՀ  առողջապահության  նախարարություն,15,98523880,100,2017-02-09,2023-04-25
04409679,Հացիկի ԲԱ ՀՈԱԿ,13,97901265,91.16,1,02507171,ՀՀ  առողջապահության  նախարարություն,13,97901265,100,2017-02-09,2023-12-11
02662368,Ֆիառ Գրուպ ՍՊԸ,12,97298413,95.17,7,00476409,Էկոպարեկային ծառայություն,2,92551900,95.12,2021-12-23,2023-06-20
03017713,Սոլակ ԱԱՊԿ ՊՈԱԿ,13,96373295,89.44,1,02507171,ՀՀ  առողջապահության  նախարարություն,13,96373295,100,2017-02-09,2023-04-25
06604501,Թումանյանի ԱԿ ՊՓԲԸ,15,96184715,86.81,1,02507171,ՀՀ  առողջապահության  նախարարություն,15,96184715,100,2017-02-09,2023-04-25
00448268,ՀԱՐԱՎԿՈՎԿԱՍՅԱՆ ԵՐԿԱԹՈՒՂԻ ՓԲԸ,38,95325102,74.98,4,01507079,ՀՀ ազգային անվտանգության ծառայություն,8,94214507,98.83,2016-07-28,2021-01-27
04602567,Լեռնագոգի ԲԱ ՀՈԱԿ,15,95298615,88.64,1,02507171,ՀՀ  առողջապահության  նախարարություն,15,95298615,100,2017-02-09,2023-04-25
00504793,«Գ 5 ԵՆ ԱՐՄ» ՍՊԸ,11,94551764,0,1,02565518,ՀՀ բարձր տեխնոլոգիական արդյունաբերության նախարարություն,11,94551764,100,2022-12-18,2026-08-09
03809867,Արգավանդի ԱԱՊԿ ՓԲԸ,14,94235525,87.67,1,02507171,ՀՀ  առողջապահության  նախարարություն,14,94235525,100,2017-02-09,2023-04-25
01273624,ՇԻՆՊԼԱՏՖՈՐՄ ՍՊԸ,14,94104500,0,1,02593108,Երևանի քաղաքապետարան,14,94104500,100,2018-04-16,2022-02-14
03531819,Կապուտանի ԱԱՊԿ ՊՈԱԿ,15,93729545,89.66,1,02507171,ՀՀ  առողջապահության  նախարարություն,15,93729545,100,2017-02-09,2023-05-14
02246615,ԻՆԴԻՎԻԴՈՒՄ ԿԱՍՏԻՆԳ ՍՊԸ,16,93322370,100,2,01540062,«Հայաստանի հանրային Հեռուստաընկերություն» ՓԲԸ,15,93164470,99.83,2020-01-07,2026-03-18
04408668,Նոր Արտագերսի ԲԱ ՀՈԱԿ,15,92917935,88.1,1,02507171,ՀՀ  առողջապահության  նախարարություն,15,92917935,100,2017-02-09,2023-04-25
04220654,Կանաչուտի ԱԱՊԿ ՓԲԸ,13,92896675,96.93,1,02507171,ՀՀ  առողջապահության  նախարարություն,13,92896675,100,2017-02-09,2023-04-25
04428157,Արտպրոգրես մշակութային ՀԿ,10,92809600,0.65,3,02512868,"ՀՀ կրթության, գիտության, մշակույթի և սպորտի նախարարություն",8,91195500,98.26,2023-03-21,2026-04-28
06910771,Լեռնապատի ԱԿ ՊՈԱԿ,14,92320830,89,1,02507171,ՀՀ  առողջապահության  նախարարություն,14,92320830,100,2017-02-09,2023-04-25
04708954,Ոսկեհատի ԲԱ ՀՈԱԿ,14,91095175,94.98,1,02507171,ՀՀ  առողջապահության  նախարարություն,14,91095175,100,2017-02-09,2023-04-25
04708877,Գրիբոյեդովի ԲԱ ՀՈԱԿ,16,90811080,87.98,1,02507171,ՀՀ  առողջապահության  նախարարություն,16,90811080,100,2017-02-09,2023-12-11
07614314,Խաշթառակի ԱԱՊԿ ՓԲԸ,14,90551000,88.31,1,02507171,ՀՀ  առողջապահության  նախարարություն,14,90551000,100,2017-02-09,2023-01-22
06805306,ԱԹԵՆԱՍ  ԵՎ ԱՐԵՍ ՍՊԸ,12,90349200,26.26,2,00153247,ՀՀ արտակարգ իրավիճակների նախարարություն,11,88049200,97.45,2017-10-10,2022-03-03
04414377,Նորապատի ԲԱ ՀՈԱԿ,16,90336125,86.12,1,02507171,ՀՀ  առողջապահության  նախարարություն,16,90336125,100,2017-02-09,2023-12-11
08203448,«ՄԱՐՏՈՒՆՈՒ ՍՏՈՄԱՏՈԼՈԳԻԱԿԱՆ ՊՈԼԻԿԼԻՆԻԿԱ ՓԲԸ» ՓԲԸ,10,88861000,95.55,2,02507171,ՀՀ  առողջապահության  նախարարություն,9,88511000,99.61,2017-03-06,2023-07-11
04206698,Մրգավանի ԲԱ ՀՈԱԿ,14,88136175,89.55,1,02507171,ՀՀ  առողջապահության  նախարարություն,14,88136175,100,2017-02-09,2023-04-25
03536983,Կանաչ Հեքիաթ ՍՊԸ,27,87783464,2.31,6,02819226,«Կանաչապատում և շրջակա միջավայրի պահպանություն» ՀՈԱԿ,7,85585440,97.5,2019-08-25,2026-03-05
06940135,Շահումյանի ԱԱՊԿ ՓԲԸ,14,87171855,96.2,1,02507171,ՀՀ  առողջապահության  նախարարություն,14,87171855,100,2017-02-09,2023-04-25
04408572,Ալաշկերտի ԲԱ ՀՈԱԿ,14,87058545,89.46,1,02507171,ՀՀ  առողջապահության  նախարարություն,14,87058545,100,2017-02-09,2023-04-25
02866213,«ՀԱՓՓԵՐ» ՓԲԸ,14,86804397,0,1,02565518,ՀՀ բարձր տեխնոլոգիական արդյունաբերության նախարարություն,14,86804397,100,2022-12-19,2026-03-30
02545539,«Հայաստանի սուսերամարտի ֆեդերացիա» հասարակական կազմակերպություն,10,86430300,0,1,02512868,"ՀՀ կրթության, գիտության, մշակույթի և սպորտի նախարարություն",10,86430300,100,2022-01-24,2026-02-02
03804804,Նորաբացի ԲԱ ՀՈԱԿ,15,85378060,88.95,1,02507171,ՀՀ  առողջապահության  նախարարություն,15,85378060,100,2017-02-09,2023-04-25
02673717,Ավտովարձույթ ՍՊԸ,10,85257000,100,5,02545976,ՀՀ արտաքին գործերի նախարարության պետական արարողակարգի ծառայություն,1,79712000,93.5,2021-06-29,2026-05-31
03805746,Սիսի ԲԱ ՀՈԱԿ,13,84865335,92.43,1,02507171,ՀՀ  առողջապահության  նախարարություն,13,84865335,100,2017-02-09,2023-04-25
04408934,Տանձուտի ԲԱ ՀՈԱԿ,13,84301780,90.46,1,02507171,ՀՀ  առողջապահության  նախարարություն,13,84301780,100,2017-02-09,2023-01-22
03311401,Մրգաշենի ԱԱՊԿ ՊՈԱԿ,15,82611075,89.28,1,02507171,ՀՀ  առողջապահության  նախարարություն,15,82611075,100,2017-02-09,2023-04-25
00487266,ԱՐՎԵՍՏԻ ԲԱՑ ՀԱՐԹԱԿ Հասարակական կազմակերպություն,13,81926600,0,1,02512868,"ՀՀ կրթության, գիտության, մշակույթի և սպորտի նախարարություն",13,81926600,100,2022-03-28,2026-04-14
09205064,Տաթևի ԱԿ,13,81415330,86.44,1,02507171,ՀՀ  առողջապահության  նախարարություն,13,81415330,100,2017-02-02,2022-09-30
05522154,Քրոմիտ ՍՊԸ,19,81273264,0.14,6,05539526,«Գյումրու բժշկական կենտրոն» ՓԲԸ,7,75510000,92.91,2018-02-12,2026-03-04
04602559,Հուշակերտի ԲԱ ՀՈԱԿ,13,81218375,96.78,1,02507171,ՀՀ  առողջապահության  նախարարություն,13,81218375,100,2017-02-02,2023-04-25
04408702,Մայիսյանի ԲԱ ՀՈԱԿ,14,80401800,88.59,1,02507171,ՀՀ  առողջապահության  նախարարություն,14,80401800,100,2017-02-09,2023-01-22
00143846,<<Պոլիգլոտներ>>ՍՊԸ,27,79503910,0,1,02631263,ՀՀ քննչական կոմիտե,27,79503910,100,2018-12-03,2020-06-21
04724727,Տարոնիկի ԲԱ ՀՈԱԿ,12,78888435,96.8,1,02507171,ՀՀ  առողջապահության  նախարարություն,12,78888435,100,2017-02-09,2023-04-25
02289356,ՄՄԿԱ ՍՊԸ,20,78475510,1.57,6,01533334,ՀՀ ներքին գործերի նախարարություն,13,72284000,92.11,2021-03-31,2026-01-12
02616631,ՓԱՐԻԶ ՀՈԹԵԼ ՍՊԸ,22,78381270,99.06,7,02505983,ՀՀ էկոնոմիկայի նախարարություն,4,72754000,92.82,2016-11-16,2025-02-26
03531268,Ակունքի ԱԱՊԿ ՊՈԱԿ,14,78361060,95.67,1,02507171,ՀՀ  առողջապահության  նախարարություն,14,78361060,100,2017-02-09,2023-04-25
03531827,Զառի ԱԱՊԿ ՊՈԱԿ,13,78342970,87.41,1,02507171,ՀՀ  առողջապահության  նախարարություն,13,78342970,100,2017-02-09,2023-01-22
06605262,Ճոճկանի ԲԱ ՊՓԲԸ,12,77869210,89.63,1,02507171,ՀՀ  առողջապահության  նախարարություն,12,77869210,100,2017-02-09,2023-01-22
02808391,Ալափարսի ԱԱՊԿ ՊՈԱԿ,15,76772865,86.84,1,02507171,ՀՀ  առողջապահության  նախարարություն,15,76772865,100,2017-02-09,2023-04-25
03311873,Նոր-Երզնկայի ԱԱՊԿ ՓԲԸ,14,75976160,89.51,1,02507171,ՀՀ  առողջապահության  նախարարություն,14,75976160,100,2017-02-09,2023-04-25
03311926,Արագյուղի ԱԱՊԿ ՊՈԱԿ,15,75808705,88.85,1,02507171,ՀՀ  առողջապահության  նախարարություն,15,75808705,100,2017-02-09,2023-04-25
03531284,Մայակովսկու ԱԱՊԿ ՊՈԱԿ,15,75275825,88.32,1,02507171,ՀՀ  առողջապահության  նախարարություն,15,75275825,100,2017-02-09,2023-04-25
07404906,Արևհատ և Անի ՍՊԸ,14,74966015,89.51,1,02507171,ՀՀ  առողջապահության  նախարարություն,14,74966015,100,2017-02-09,2023-04-25
03804812,Արբաթի ԲԱ ՀՈԱԿ,14,74957470,88.52,1,02507171,ՀՀ  առողջապահության  նախարարություն,14,74957470,100,2017-02-09,2023-04-25
03304535,Բուժականի ԲԱ ՀՈԱԿ,15,74850695,87.66,1,02507171,ՀՀ  առողջապահության  նախարարություն,15,74850695,100,2017-02-09,2023-04-25
04718166,Կռունկ տպագրատուն  ՍՊԸ,14,74812651,0.27,3,02522157,ՀՀ  պաշտպանության  նախարարություն,10,71678851,95.81,2017-04-20,2025-10-23
02874109,ԱԶՈՒԼ ԱՐՄԵՆԻԱ ՍՊԸ,13,74446272,0,1,02565518,ՀՀ բարձր տեխնոլոգիական արդյունաբերության նախարարություն,13,74446272,100,2024-05-13,2026-03-09
04708903,Արաքսի ԲԱ ՀՈԱԿ,14,74442455,88.07,1,02507171,ՀՀ  առողջապահության  նախարարություն,14,74442455,100,2017-02-09,2023-12-24
02591137,Յունկտուռա ԸԲԱՊ ՍՊԸ,15,74427055,88.82,1,02507171,ՀՀ  առողջապահության  նախարարություն,15,74427055,100,2017-02-09,2023-04-25
01345823,ՄԵԳԱ ՍԹԱՐ ՍՊԸ,31,74211371,12.44,1,02522157,ՀՀ  պաշտպանության  նախարարություն,31,74211371,100,2024-05-06,2026-05-10
03807131,Խաչփարի ԲԱ ՀՈԱԿ,15,73955885,89.53,1,02507171,ՀՀ  առողջապահության  նախարարություն,15,73955885,100,2017-02-09,2023-04-25
03006183,Ծաղկաձորի բժշկական ամբուլատորիա ՊՓԲԸ,15,73568080,84.76,1,02507171,ՀՀ  առողջապահության  նախարարություն,15,73568080,100,2017-02-09,2023-04-25
04421459,Այգեշատի (ԱՐՄ.) ԲԱ ՀՈԱԿ,13,73537180,90.78,1,02507171,ՀՀ  առողջապահության  նախարարություն,13,73537180,100,2017-02-09,2023-12-11
AM0467768,Արթուր  Մանուկի  Զաքարյան,11,71664106,97.52,1,00061508,ՀՀ հաշվեքննիչ պալատ,11,71664106,100,2017-09-11,2026-01-11
02502548,«Հայաստանի դահուկային սպորտի ֆեդերացիա» հասարակական կազմակերպություն,10,71394600,0,1,02512868,"ՀՀ կրթության, գիտության, մշակույթի և սպորտի նախարարություն",10,71394600,100,2022-01-23,2026-02-04
02514253,«Հենրիկ Իգիթյանի անվան գեղագիտության ազգային կենտրոն» ՓԲԸ,12,70731700,0.15,2,02512868,"ՀՀ կրթության, գիտության, մշակույթի և սպորտի նախարարություն",11,70627700,99.85,2020-03-04,2026-03-19
04408806,Այգեվանի ԲԱ ՀՈԱԿ,12,70213160,89.6,1,02507171,ՀՀ  առողջապահության  նախարարություն,12,70213160,100,2017-02-09,2023-01-22
123918132,ЗАО Hannu Pro Vilnius,30,69429266,12.08,2,01540062,«Հայաստանի հանրային Հեռուստաընկերություն» ՓԲԸ,28,69429266,100,2019-08-06,2025-10-15
02292642,ՌԻԳՐՈՒՊ ՍՊԸ,52,69363155,19.68,1,02593108,Երևանի քաղաքապետարան,52,69363155,100,2023-06-27,2026-08-13
03015321,<<Գարուն հյուրանոց>> ՍՊԸ,11,69315900,100,5,02505983,ՀՀ էկոնոմիկայի նախարարություն,6,62880400,90.72,2019-08-06,2025-05-22
03000453,ՀՀ Կոտայքի մարզի Հրազդանի համայնքապետարան,14,69039522,72.54,3,03029935,ՀՀ Կոտայքի մարզպետի աշխատակազմ,6,66588200,96.45,2011-05-12,2021-10-12
09426088,ՀՀ Սյունիքի մարզ Կապան համայնք,13,68481860,0.12,3,09430281,ՀՀ Սյունիքի մարզպետի աշխատակազմ,4,63430138,92.62,2015-04-11,2026-04-26
06908754,Վանաձորի պետական բժշկական քոլեջ,13,68371320,87.61,1,02507171,ՀՀ  առողջապահության  նախարարություն,13,68371320,100,2017-02-09,2023-01-22
02563246,«Լողի հայկական դաշնություն» հասարակական կազմակերպություն,11,67184500,0,1,02512868,"ՀՀ կրթության, գիտության, մշակույթի և սպորտի նախարարություն",11,67184500,100,2022-01-24,2026-02-02
03022497,ՀՀ Կոտայքի մարզի Չարենցավան համայնք,11,66578385,0,2,03029935,ՀՀ Կոտայքի մարզպետի աշխատակազմ,7,64131800,96.33,2022-04-25,2026-04-26
02263311,ՈՒՐԲԱՆ ԼՈՋԻՍԻՔ ՍԵՐՎԻՍԻՍ ՏԵՐՄԻՆԱԼ ՓԲԸ,12,66374260,56.8,3,02647057,ՀՀ պետական եկամուտների կոմիտե,2,65313000,98.4,2018-11-20,2026-08-06
06948153,Պիրամիդա Կվինտ ՍՊԸ,13,65777168,0,3,06400733,Ստեփանավանի համայնքապետարան,8,62489538,95,2018-01-30,2026-02-04
07806452,Մոսեսգեղի ԱԱՊԿ,15,65290770,84.91,1,02507171,ՀՀ  առողջապահության  նախարարություն,15,65290770,100,2017-02-09,2023-01-22
00471911,«ԳՐՈՎՖ» ՍՊԸ,14,64849349,0,1,02565518,ՀՀ բարձր տեխնոլոգիական արդյունաբերության նախարարություն,14,64849349,100,2023-01-17,2026-08-18
00151998,ԲԻ ԹՈՒ ԲԻ ՔՈՆԵՔՇՆ ՍՊԸ,30,64197024,4.34,2,01503448,«Երևանի Մխիթար Հերացու անվան պետական բժշկական համալսարան» հիմնադրամ,29,64017024,99.72,2018-06-05,2026-05-11
06102743,Անի-Պեմզայի ԱԿ ՊՈԱԿ,13,64084300,89.35,1,02507171,ՀՀ  առողջապահության  նախարարություն,13,64084300,100,2017-02-09,2023-04-25
01290528,"""ԱՋԱՓՆՅԱԿ"" ԲԺՇԿԱԿԱՆ ԿԵՆՏՐՈՆ ՍՊԸ",10,62428800,99.75,1,02507171,ՀՀ  առողջապահության  նախարարություն,10,62428800,100,2020-03-22,2023-12-11
02922834,ՋԱՓ ՍՊԸ,13,62337300,0,1,01506928,«Երևանի պետական համալսարան» հիմնադրամ,13,62337300,100,2025-04-17,2026-08-12
03804751,Ռանչպարի ԲԱ ՀՈԱԿ,14,62077090,89.81,1,02507171,ՀՀ  առողջապահության  նախարարություն,14,62077090,100,2017-02-09,2023-01-22
03316267,Սոչի Պալաս ՍՊԸ,12,61637700,100,1,02505983,ՀՀ էկոնոմիկայի նախարարություն,12,61637700,100,2020-04-05,2020-12-30
00009839,Ռ.Դ. ՍՈՅՈՒԶԼԻՖՏՄՈՆՏԱԺ  ԲԲԸ-ն  ՅՈՒԳԼԻՖՏ   Դուստր ՍՊԸ,13,60526584,0.31,3,02522157,ՀՀ  պաշտպանության  նախարարություն,4,55566000,91.8,2017-03-20,2025-10-21
01535537,02 շաբաթաթերթ ՓԲԸ ,10,58704000,0,1,01533334,ՀՀ ներքին գործերի նախարարություն,10,58704000,100,2017-04-10,2019-06-12
03002416,«ՀՐԱԶԴԱՆԻ ՍՏՈՄԱՏՈԼՈԳԻԱԿԱՆ ՊՈԼԻԿԼԻՆԻԿԱ» ՓԲԸ,10,57667800,97.67,2,02507171,ՀՀ  առողջապահության  նախարարություն,7,56322800,97.67,2018-03-29,2024-07-31
83105714,Հայկանուշ Սարգսյան Ա.Ձ,11,56665800,100,1,02505983,ՀՀ էկոնոմիկայի նախարարություն,11,56665800,100,2020-06-30,2021-04-29
02914717,«Չարջերսիսթեմ» ՍՊԸ,10,53911950,96.79,3,01533334,ՀՀ ներքին գործերի նախարարություն,5,52000000,96.45,2025-04-16,2026-03-15
02239171,Մեհրաբյան և որդիներ ՍՊԸ,13,53838771,4.24,6,02522157,ՀՀ  պաշտպանության  նախարարություն,7,50793300,94.34,2017-04-07,2022-12-21
01400685,Կոնստանտա Բիլդ ՍՊԸ,13,52325626,97.71,3,00846441,Հայաստանի տարածքային զարգացման հիմնադրամ,8,47376626,90.54,2017-05-16,2026-07-12
03310468,ՀԱԿ-ՄԱԿ ՍՊԸ,12,52260335,100,1,03029935,ՀՀ Կոտայքի մարզպետի աշխատակազմ,12,52260335,100,2023-10-08,2023-10-26
02570086,Գիլի ՍՊԸ,10,52120800,100,1,02507509,ՀՀ վիճակագրական կոմիտե,10,52120800,100,2018-01-29,2019-01-30
01832575,ՋՈԼԻ ՖԵՄԻԼԻ ՍՊԸ,22,51704995,2.02,4,02522157,ՀՀ  պաշտպանության  նախարարություն,5,50660272,97.98,2018-10-04,2026-07-09
04419956,ԱՐՏԱՎԱԶԴ ՊԵՏՐՈՍՅԱՆ ՍՊԸ,25,50880792,99.31,2,04447253,ՀՀ  Արմավիրի մարզպետի աշխատակազմ,24,50530792,99.31,2019-11-18,2024-08-05
01211236,Իգնացիա բժշկական կենտրոն ՍՊԸ,11,50501720,76.8,1,02507171,ՀՀ  առողջապահության  նախարարություն,11,50501720,100,2017-02-09,2020-12-27
04433819,Վահ Գրիգ ՍՊԸ,39,50285674,0.36,5,02593108,Երևանի քաղաքապետարան,33,45946584,91.37,2020-06-28,2026-05-06
03014164,Էմբրիոն ՍՊԸ,13,48392180,97.98,1,02507171,ՀՀ  առողջապահության  նախարարություն,13,48392180,100,2019-04-28,2023-01-22
03023473,<<ՏԻՎԱ>> ՍՊԸ,28,47275310,94.05,2,03029935,ՀՀ Կոտայքի մարզպետի աշխատակազմ,21,44464185,94.05,2023-10-08,2025-11-16
03532718,ՎԱՐՄՕՆ ՌԻԵԼԹԻ ՍՊԸ,23,46731000,0.6,4,02534328,ՀՀ կադաստրի կոմիտե,1,42950000,91.91,2018-05-09,2026-04-06
433397411,Cartor Security Printing,10,46164602,100,1,02507464,«Հայփոստ» ՓԲԸ,10,46164602,100,2024-05-16,2025-12-14
02231188,ՀՀ ԱԱՊ  <Արմէքսպերտիզա> ՍՊԸ,32,44391460,4.23,8,01223338,ՀՀ արդարադատության նախարարության հարկադիր կատարումն ապահովող ծառայություն,19,40395000,91,2017-03-09,2026-01-18
02818077,«ՌԵՔՎԻԵՄ ԻՆՏԵՐՆԵՇՆԼ» ՍՊԸ ,24,43379000,0,1,02593108,Երևանի քաղաքապետարան,24,43379000,100,2019-12-24,2021-01-20
AU0625745,Անի Քարտալյան,1486,42657000,0.05,4,02631263,ՀՀ քննչական կոմիտե,1464,41795000,97.98,2023-01-17,2026-05-31
03024175,Կանանց հզորացման ռեսուրս կենտրոն,11,41985250,0,2,01506515,ՀՀ  աշխատանքի և սոցիալական հարցերի նախարարություն,5,39550000,94.2,2022-01-26,2026-01-25
37500311,ԱՆԴՐԱՆԻԿ ԹԵՅԼՈՐ ԹԵՐԵՆՍԻ,13,41451300,4.71,2,01540062,«Հայաստանի հանրային Հեռուստաընկերություն» ՓԲԸ,12,41434500,99.96,2022-08-22,2026-01-20
09424641,Դղյակ ՍՊԸ,21,41244720,100,1,02505983,ՀՀ էկոնոմիկայի նախարարություն,21,41244720,100,2020-06-28,2021-04-29
05024389,Թերենս ՍՊԸ,13,40536949,4.41,4,05005705,Աշտարակի համայնքապետարան,8,37904999,93.51,2019-08-14,2022-12-05
02666318,Թեսթի Ֆուդ ՍՊԸ,22,38913000,100,1,02505983,ՀՀ էկոնոմիկայի նախարարություն,22,38913000,100,2020-06-15,2021-04-29
00220229,ՅԵ ԷՍ ԹՐԵՅԴ ՍՊԸ,14,37907040,0,3,04401874,«Հայկական ատոմային էլեկտրակայան» ՓԲԸ,12,35405040,93.4,2020-06-02,2023-11-26
00152854,Նաիրի-Ալանիկա ՍՊԸ,19,36669212,0,3,02522157,ՀՀ  պաշտպանության  նախարարություն,14,35590312,97.06,2018-07-25,2026-06-29
02250894,Բժշկուհի Բադանյան ՍՊԸ,13,36369035,85.93,1,02507171,ՀՀ  առողջապահության  նախարարություն,13,36369035,100,2017-02-09,2023-04-25
00208465,Ալֆա-Բետա պլյուս բժշկական ախտորոշիչ կենտրոն ՍՊԸ,26,35938200,95.26,2,02507171,ՀՀ  առողջապահության  նախարարություն,3,34233200,95.26,2021-06-09,2026-07-24
AK0633691,Խաչիկ Հակոբի Զաքարյան,12,35780814,98.65,1,00061508,ՀՀ հաշվեքննիչ պալատ,12,35780814,100,2017-09-11,2026-01-11
05203536,«Գնթունիք» ՍՊԸ,12,35618570,95.51,3,02505983,ՀՀ էկոնոմիկայի նախարարություն,8,34020890,95.51,2020-11-14,2023-01-15
02847013,ՊՐՈՄԵԹԵՅ ՍՊԸ,60,35239000,0.43,2,02578338,ՀՀ տարածքային կառավարման և ենթակառուցվածքների նախարարություն,59,35089000,99.57,2022-06-16,2026-07-07
04434372,ՄԱԿԱՐՅԱՆ 1 ՍՊԸ,11,34107409,2.21,1,03801428,Մասիսի համայնքապետարան,11,34107409,100,2022-05-16,2023-06-26
00205605,«Ա.Մ.Ջ.-111» ՍՊԸ,70,33133269,100,2,02545976,ՀՀ արտաքին գործերի նախարարության պետական արարողակարգի ծառայություն,60,32089609,96.85,2020-03-04,2023-12-10
04427162,Վետֆարմ ՍՊԸ,10,31798153,95.45,2,02505983,ՀՀ էկոնոմիկայի նախարարություն,1,29000000,91.2,2022-12-11,2026-03-01
00443565,Ա.Կոստանյան և Ընկերներ ՍՊԸ,15,31675110,0,4,01503448,«Երևանի Մխիթար Հերացու անվան պետական բժշկական համալսարան» հիմնադրամ,12,28611510,90.33,2018-01-17,2020-04-09
00849724,ՀԵՆԱԿԵՏ ՓԲԸ,13,31169924,0.53,2,02522157,ՀՀ  պաշտպանության  նախարարություն,12,31005424,99.47,2016-08-19,2019-04-15
00841472,Արկածախնդիր ՍՊԸ,10,30536700,0.57,1,02522157,ՀՀ  պաշտպանության  նախարարություն,10,30536700,100,2016-11-22,2023-06-01
01344908,«ԿՐԻՈԳԵՆԻԿԱ» ՍՊԸ,24,29158762,0.54,2,02522157,ՀՀ  պաշտպանության  նախարարություն,3,29000000,99.46,2024-03-11,2026-07-28
BA1339120,ՖԱ Գոռ Ստեփանյան,11,28251000,100,2,00153247,ՀՀ արտակարգ իրավիճակների նախարարություն,10,26251000,92.92,2019-09-04,2023-11-09
02274309,«ՐԱՅԴԹԵՔ ԷՅ ԷՄ» ՍՊԸ,12,27751895,100,3,01540062,«Հայաստանի հանրային Հեռուստաընկերություն» ՓԲԸ,10,26540000,95.63,2020-01-07,2026-01-04
05101400,International Civil Aviation Organization ICAO,15,27745000,100,1,01204231,Քաղաքացիական ավիացիայի կոմիտե,15,27745000,100,2022-11-29,2026-03-24
03020784,ԻՆՏԵԿ ՍՊԸ,27,27636450,37.51,2,03022497,Չարենցավանի համայնքապետարան,26,25436450,92.04,2020-03-05,2026-07-02
00163591,Ուանգառդ ՍՊԸ,12,27135597,0,1,02565518,ՀՀ բարձր տեխնոլոգիական արդյունաբերության նախարարություն,12,27135597,100,2024-05-12,2026-03-04
03012065,Կրիստալ Ռեզորթ Աղվերան ՍՊԸ,10,27010000,99.13,2,03029935,ՀՀ Կոտայքի մարզպետի աշխատակազմ,8,26775000,99.13,2017-06-08,2023-12-25
09409013,«Կապանի մշակույթի կենտրոն» ՊՈԱԿ,21,26950900,0,1,09430281,ՀՀ Սյունիքի մարզպետի աշխատակազմ,21,26950900,100,2022-01-09,2024-06-06
00483651,<<ԲԱՄԱ>> ՍՊԸ,60,26541663,0,1,01533334,ՀՀ ներքին գործերի նախարարություն,60,26541663,100,2019-06-19,2020-05-20
03541742,ՄՏԿ ՓԲԸ,11,25627183,7.77,9,04401874,«Հայկական ատոմային էլեկտրակայան» ՓԲԸ,2,23634000,92.22,2024-01-25,2026-04-22
01216144,ՀԱՅԱԷՐՈՆԱՎԻԳԱՑԻԱ ՓԲԸ,14,25238195,94.72,3,01204231,Քաղաքացիական ավիացիայի կոմիտե,10,23583795,93.44,2018-03-20,2026-06-11
00878573,«Զեթարֆեյշընռիթեյլ» ՓԲԸ,91,24999600,100,1,01540062,«Հայաստանի հանրային Հեռուստաընկերություն» ՓԲԸ,91,24999600,100,2019-06-25,2026-08-21
AS0270458,Անի Աթաբեկյան,761,24726000,0,3,02631263,ՀՀ քննչական կոմիտե,749,24265000,98.14,2022-11-20,2026-08-19
05028579,ՀՀ Արագածոտնի մարզ Աշտարակ համայնք,10,24497056,0,2,05031479,ՀՀ Արագածոտնի մարզպետի աշխատակազմ,4,23467475,95.8,2022-09-14,2026-04-26
01023304,«Գնահատման և փորձաքննությունների ազգային կենտրոն»ՍՊԸ,48,24203870,0,3,00243582,Հայաստանի Հանրապետության հակակոռուպցիոն կոմիտե,40,21891870,90.45,2021-12-05,2026-08-23
00190799,«ԼԱՅՎ ԳՐՈՒՊ» ՍՊԸ,47,23977643,94.83,2,00476409,Էկոպարեկային ծառայություն,46,23949643,99.88,2022-09-11,2026-07-31
03526407,«Կոտայք» ՋՕԸ,11,23947000,87.51,1,02522157,ՀՀ  պաշտպանության  նախարարություն,11,23947000,100,2017-05-31,2026-03-16
06946424,Ֆանտաստիկ ՍՊԸ,35,23734598,13.59,10,06901936,«Վանաձորի համայնքապետարանի աշխատակազմ» ՀԿՀ,13,21369505,90.04,2016-06-10,2021-02-01
01281347,«ՕՔԵՅ ՏՈՒՐ» ՍՊԸ,13,23626750,100,1,02647057,ՀՀ պետական եկամուտների կոմիտե,13,23626750,100,2018-10-25,2019-11-13
03503489,«ՎՎՎ ԳՐՈՒՊ» ՍՊԸ,47,23053500,0,1,02505511,Միասնական սոցիալական ծառայություն,47,23053500,100,2025-05-11,2026-06-21
01265153,Արսուր ՍՊԸ,11,22789500,0,2,05300705,Թալինի համայնքապետարան,10,22144500,97.17,2023-02-26,2026-02-08
08622939,Քլին-Քլին ՍՊԸ,10,22498700,0,2,01507079,ՀՀ ազգային անվտանգության ծառայություն,8,21100700,93.79,2020-05-19,2024-02-06
27999091,Ներսես Եփրեմյան Նորիկի,15,22324700,0,1,02593108,Երևանի քաղաքապետարան,15,22324700,100,2019-12-10,2026-02-09
03534575,«Էդնատուռ» ՍՊԸ,18,22222850,9.25,1,02647057,ՀՀ պետական եկամուտների կոմիտե,18,22222850,100,2017-02-13,2018-05-24
04240194,Արարատի համայնքապետարան,13,22178431,0,2,04245019,ՀՀ Արարատի մարզպետի աշխատակազմ,10,21914116,98.81,2022-03-06,2026-05-11
03813072,ՎԷԳԱՍ ՍՊԸ,13,20494348,0,1,03801428,Մասիսի համայնքապետարան,13,20494348,100,2023-01-15,2025-07-14
01068823,«ԹՈԽՈՒՆՑ ՓՐՈՋԵՔԹ» ՍՊԸ,13,19032823,14.17,2,02593108,Երևանի քաղաքապետարան,12,18907823,99.34,2024-07-17,2026-07-28
01352708,ՄԻՇԱՐՏ ԹՐԵՅԴ,10,19002400,6.64,2,00476409,Էկոպարեկային ծառայություն,8,18132400,95.42,2024-09-09,2025-12-07
014423552,Կարեն Հակոբի Թորոսյան,527,18815000,0,2,02631263,ՀՀ քննչական կոմիտե,524,18630000,99.02,2023-03-01,2025-06-17
00927779,ԷՅՍԻ ԷՅՐՓԱՈՒԵՐ ԱՐՄ ՍՊԸ ,15,18472476,100,2,01503448,«Երևանի Մխիթար Հերացու անվան պետական բժշկական համալսարան» հիմնադրամ,14,17502276,94.75,2020-02-24,2026-04-16
00415975,Էրեբունի մաքրություն ՍՊԸ,28,18429200,5.1,19,03001885,Ծաղկաձորի համայնքապետարան,1,17150000,93.06,2016-10-11,2025-05-07
02540716,Յունիպրինտ ՍՊԸ,17,18018995,6.48,6,01503448,«Երևանի Մխիթար Հերացու անվան պետական բժշկական համալսարան» հիմնադրամ,6,17009295,94.4,2017-12-07,2025-02-09
02638632,«ԷՅ-ՍԵՔՅՈՒՐԻԹԻ»  ՓԲԸ,48,17992125,0,1,02505511,Միասնական սոցիալական ծառայություն,48,17992125,100,2023-08-20,2026-06-09
008508582,Մխիթար Ենգիբարյան,13,17835775,0,1,02631263,ՀՀ քննչական կոմիտե,13,17835775,100,2023-11-29,2026-03-09
00888893,ՆԱՐՆԻԿ ՍՊԸ,15,17702442,0,1,02522157,ՀՀ  պաշտպանության  նախարարություն,15,17702442,100,2016-11-29,2018-07-26
006147763,Անի  Հովակիմյան,477,17290000,0,2,02631263,ՀՀ քննչական կոմիտե,472,17080000,98.79,2023-09-17,2025-03-13
00220682,Մեդիկոռ ՍՊԸ,18,16650500,4.26,4,01503448,«Երևանի Մխիթար Հերացու անվան պետական բժշկական համալսարան» հիմնադրամ,15,16074500,96.54,2020-10-14,2026-05-04
01347166,«ԱՎԵՄ ԳՐՈՒՊ» ՍՊԸ,32,16649496,0,1,02505511,Միասնական սոցիալական ծառայություն,32,16649496,100,2024-02-29,2025-11-11
00911617,ԷԼ-ՍԹՐՈՅ ՍՊԸ,35,16575592,0,2,02593108,Երևանի քաղաքապետարան,34,16444000,99.21,2020-04-27,2023-10-01
08917563,ՀՀ Վայոց Ձորի մարզ Ջերմուկ համայնք,17,16218196,4.35,5,08907717,ՀՀ Վայոց ձորի մարզպետի աշխատակազմ,4,15266690,94.13,2014-01-08,2026-04-22
AL0612733,Մարիա Մարկոսյան,566,16110000,0,2,02631263,ՀՀ քննչական կոմիտե,562,15940000,98.94,2024-02-22,2026-08-02
AL0504838,Հայրապետովա Արփինե,461,15620000,0,2,02631263,ՀՀ քննչական կոմիտե,444,15330000,98.14,2024-01-14,2026-02-22
011863057,Գայանե Ղարաքեշիշյան,379,15515000,0,2,02631263,ՀՀ քննչական կոմիտե,369,15025000,96.84,2023-01-16,2026-08-04
00854028,"ՀԱՅԱՍՏԱՆԻ ՀԱՆՐԱՊԵՏՈՒԹՅԱՆ ԿՐԹՈՒԹՅԱՆ, ԳԻՏՈՒԹՅԱՆ, ՄՇԱԿՈՒՅԹԻ ԵՎ ՍՊՈՐՏԻ ՆԱԽԱՐԱՐՈՒԹՅԱՆ «ԵՐԵՎԱՆԻ Ն. ԱՃԵՄՅԱՆԻ ԱՆՎԱՆ ՏԱՐԱԾԱՇՐՋԱՆԱՅԻՆ Հ 2 ՊԵՏԱԿԱՆ ՔՈԼԵՋ» ՊՈԱԿ",12,15201000,0,2,01506515,ՀՀ  աշխատանքի և սոցիալական հարցերի նախարարություն,11,14556000,95.76,2016-08-31,2025-05-29
00138013,Գլոուբ Թրավլ Քլաբ ՍՊԸ,11,14854548,64.58,2,02565518,ՀՀ բարձր տեխնոլոգիական արդյունաբերության նախարարություն,8,13469154,90.67,2017-03-06,2019-04-11
00477178,ԴԱՎ ՊՐՈԴՈՒԿՏ,19,14579764,0,2,01503448,«Երևանի Մխիթար Հերացու անվան պետական բժշկական համալսարան» հիմնադրամ,17,13923584,95.5,2019-05-06,2022-06-20
003511276,Արուսյակ Հովհաննիսյան,449,13790000,0,2,02631263,ՀՀ քննչական կոմիտե,446,13180000,95.58,2022-09-05,2025-12-24
90010189,Արցախգազ ՓԲԸ,16,13500000,86.67,1,02506634,ՀՀ դատախազություն,16,13500000,100,2013-08-27,2022-01-16
01565181,ԴԻ ՋԻ ԹԻ ՓԻ Սերվիս  ՍՊԸ,15,13494000,0,1,04401874,«Հայկական ատոմային էլեկտրակայան» ՓԲԸ,15,13494000,100,2018-07-18,2026-06-02
08901082,Մառ ԲԲԸ,10,13320000,97.3,1,01533334,ՀՀ ներքին գործերի նախարարություն,10,13320000,100,2013-03-20,2020-12-07
007609001,քաղ. Սուսաննա Բեգլարյան,16,13299096,100,1,02505554,ՀՀ վարչապետի աշխատակազմ,16,13299096,100,2019-04-18,2020-05-17
01291864,«Հայաստանի հունական համայնքների միություն» հասարակական կազմակերպություն,13,13185900,0,2,02505554,ՀՀ վարչապետի աշխատակազմ,12,12228000,92.74,2022-04-29,2026-05-21
04414566,ՍԱՏԻԳ ՍՊԸ,33,12578480,93.28,1,04447253,ՀՀ  Արմավիրի մարզպետի աշխատակազմ,33,12578480,100,2017-02-01,2026-01-20
AT0399201,Օֆելյա Սահակյան,340,12475000,0,3,02631263,ՀՀ քննչական կոմիտե,318,11530000,92.42,2023-02-06,2026-08-26
AS0517749,Ալլա Հակոբյան,343,11725000,0,2,02631263,ՀՀ քննչական կոմիտե,341,11655000,99.4,2024-08-20,2026-05-14
AM0673018,Լյուբա Թամրազովա,13,11652000,95.37,2,01223338,ՀՀ արդարադատության նախարարության հարկադիր կատարումն ապահովող ծառայություն,12,11112000,95.37,2014-10-21,2024-04-22
02304312,«Պրեմիում լոու» ՍՊԸ,32,11550000,100,1,00061508,ՀՀ հաշվեքննիչ պալատ,32,11550000,100,2025-03-02,2026-03-10
05000262,Մագաղաթ ՍՊԸ,24,11169958,95.49,4,05005705,Աշտարակի համայնքապետարան,21,10971208,98.22,2017-01-27,2024-01-23
02636781,<<ԱՎ ԷՔՍՊԵՐՏ>> ՍՊԸ,28,11110000,0,2,02631263,ՀՀ քննչական կոմիտե,27,10710000,96.4,2018-06-18,2022-04-17
06937776,«Հարինգ» ՍՊԸ,21,10759593,100,3,06901936,«Վանաձորի համայնքապետարանի աշխատակազմ» ՀԿՀ,11,10101093,93.88,2018-04-04,2026-04-13
02800546,<<Լիզին>> ԲԲԸ,30,10736598,6.84,5,01223338,ՀՀ արդարադատության նախարարության հարկադիր կատարումն ապահովող ծառայություն,19,10002696,93.16,2020-03-20,2025-11-17
AV0401172,Գառնիկ Մովսիսյան Լյուդվիկի,44,10367500,0,1,02631263,ՀՀ քննչական կոմիտե,44,10367500,100,2025-02-05,2026-08-05
1057748084,«GlobeCast Moskva» ՍՊԸ,11,10360651,100,1,01540062,«Հայաստանի հանրային Հեռուստաընկերություն» ՓԲԸ,11,10360651,100,2023-12-05,2025-09-29
PBANUA2X,"National Aviation University, ICAO Institute",13,10195000,100,1,01204231,Քաղաքացիական ավիացիայի կոմիտե,13,10195000,100,2021-01-25,2024-08-04
AX0611110,Հովհաննիսյան Արուսյակ,371,10120000,0,1,02631263,ՀՀ քննչական կոմիտե,371,10120000,100,2025-01-24,2026-05-25
08238149,Յուարհատուկ ՍՊԸ,15,9969550,100,1,01540062,«Հայաստանի հանրային Հեռուստաընկերություն» ՓԲԸ,15,9969550,100,2022-11-24,2025-03-03
04457392,«Էքսպերտ ֆակտում» ՍՊԸ,23,9789000,0,1,02631263,ՀՀ քննչական կոմիտե,23,9789000,100,2025-08-05,2026-08-02
011341674,Հասմիկ Հրանտի Իգիթյան,257,9651000,0,3,02631263,ՀՀ քննչական կոմիտե,254,9450000,97.92,2023-03-09,2026-08-06
01346224,«ԵՎՐՈՎՈՒԴ ՊՐԵՄԻՈՒՄ» ՍՊԸ,25,9451750,0,1,02505511,Միասնական սոցիալական ծառայություն,25,9451750,100,2024-08-18,2025-06-22
04109358,«ՆՅՈԼԻԹԱ» ՍՊԸ,25,9445212,0,1,02505511,Միասնական սոցիալական ծառայություն,25,9445212,100,2024-07-21,2026-03-30
03017026,«ԱՌԵՎՏՐԻ ԿԵՆՏՐՈՆ N1» ՍՊԸ,19,9300000,96.77,2,03029935,ՀՀ Կոտայքի մարզպետի աշխատակազմ,18,9000000,96.77,2022-11-17,2023-11-09
07621085,Այրում համայնքի զարգացման և ներդրումների հիմնադրամ,12,8980000,100,2,01507079,ՀՀ ազգային անվտանգության ծառայություն,7,8700000,96.88,2020-06-30,2025-02-12
01348297,<<Վլադա Կոնցեռն>> ՍՊԸ,26,8933676,0,1,02505511,Միասնական սոցիալական ծառայություն,26,8933676,100,2024-03-24,2024-08-11
AM0861206,Գառնիկ Լյուդվիկի Մովսիսյան,40,8675500,0,1,02631263,ՀՀ քննչական կոմիտե,40,8675500,100,2022-02-27,2024-12-11
008653966,Լիանա Հովհաննիսյան,278,8580000,0,1,02631263,ՀՀ քննչական կոմիտե,278,8580000,100,2024-04-07,2026-07-15
03810633,«ՄԱՄԵ» ՍՊԸ,27,8258113,0,2,02505511,Միասնական սոցիալական ծառայություն,25,7761000,93.98,2025-10-30,2026-04-09
01338973,«ՏՈՒՆՏՈՒՆԻԿ»  ՍՊԸ,19,8092892,0,1,02505511,Միասնական սոցիալական ծառայություն,19,8092892,100,2024-08-27,2026-06-11
005677646,Նարինե Հարությունյան,237,7540000,0,3,02631263,ՀՀ քննչական կոմիտե,233,7330000,97.21,2024-07-31,2026-02-01
AS0546403,Անդրիասյան Վերգինե,12,7180560,100,1,01541435,«Հայաստանի հանրային ռադիոընկերություն» ՓԲԸ,12,7180560,100,2022-04-12,2026-08-18
AX0573769,Կարապետյան Աննա,230,7070000,0,2,02631263,ՀՀ քննչական կոմիտե,229,7040000,99.58,2025-01-02,2026-06-23
20163949,ԱՆՅՈՒՏԱ ՄԱՆՈՒԿՅԱՆ,24,6968710,100,1,02527728,ՀՀ արտաքին գործերի  նախարարություն,24,6968710,100,2025-02-16,2026-07-13
014173546,Ազիզյան Սյուզաննա,191,6965000,0,2,02631263,ՀՀ քննչական կոմիտե,190,6865000,98.56,2023-04-02,2026-07-06
7727739372,ՌԴ ՆԳՆ ԳԻԿ,11,6792000,0,1,01533334,ՀՀ ներքին գործերի նախարարություն,11,6792000,100,2018-06-14,2025-05-15
03549014,«ԷՄ ՋԻ ՍԵՔՅՈՒՐԻԹԻ» ՍՊԸ,18,6780000,0,1,02505511,Միասնական սոցիալական ծառայություն,18,6780000,100,2023-08-30,2025-02-20
AR0517364,Աննա Կնյազյան,195,6720000,0,2,02631263,ՀՀ քննչական կոմիտե,193,6670000,99.26,2023-02-14,2025-02-09
01063606,«Զ. ԱՌԱՔԵԼ» ՍՊԸ,12,6444250,0,1,02505511,Միասնական սոցիալական ծառայություն,12,6444250,100,2024-03-21,2025-10-22
01068083,«ՍՓԵՇԼ ԳՎԱՐԴԻՅԱ» ՍՊԸ,19,6334726,0,1,02505511,Միասնական սոցիալական ծառայություն,19,6334726,100,2024-07-30,2024-10-17
05025141,«ԱՎԱՆԳԱՐԴ  ՍԵՔՅՈՒՐԻԹԻ» ՍՊԸ,17,6334500,0,1,02505511,Միասնական սոցիալական ծառայություն,17,6334500,100,2024-11-28,2026-02-26
00450096,ԱՐՄԲՐՈԿ ԲԲԸ,11,6265761,100,4,06945592,«Վանաձորի բժշկական կենտրոն» ՓԲԸ,1,5650000,90.17,2014-01-08,2021-11-14
00896008,«Կամի Ակումբ» ՍՊԸ,11,6232990,100,2,01540062,«Հայաստանի հանրային Հեռուստաընկերություն» ՓԲԸ,10,6162500,98.87,2021-09-06,2025-10-21
02579983,«ԵՐԵՎԱՆԻ ՇՈԿՈԼԱԴԻ ԳՈՐԾԱՐԱՆ» ՓԲԸ,22,6084901,3.72,3,02505511,Միասնական սոցիալական ծառայություն,20,5858251,96.28,2021-12-22,2024-09-12
84416747,Մաքսիմ Մելիքսեթյան,10,6058696,100,2,06901936,«Վանաձորի համայնքապետարանի աշխատակազմ» ՀԿՀ,9,5578696,92.08,2019-01-10,2026-07-23
04444745,«ՄԱՅԱՅԹԻՍՈՖԹ» ՍՊԸ,20,5861966,0,1,02505511,Միասնական սոցիալական ծառայություն,20,5861966,100,2023-11-16,2024-06-09
05017309,«ՄԱՍՏԵՐ-ԳՐՈՒՊ» ՍՊԸ,10,5535000,0,2,05005705,Աշտարակի համայնքապետարան,8,5383000,97.25,2016-11-18,2020-03-24
AV0647148,Քրիստինե Չիլինգարյան,202,5525000,0,1,02631263,ՀՀ քննչական կոմիտե,202,5525000,100,2024-12-09,2026-06-26
05507549,ՍԵՎԱՉՈՒՆԻ ՍՊԸ,17,5386386,52.02,1,05507437,ՀՀ Շիրակի մարզպետի աշխատակազմ,17,5386386,100,2017-03-28,2021-08-25
005718549,Հասմիկ Գալստյան,195,5205000,0,2,02631263,ՀՀ քննչական կոմիտե,194,5185000,99.62,2024-07-25,2026-04-16
01510493,ՍԻԴՈՆ ԹՐԵՎԸԼ ԸՆԴ ՏՈՒՐԻԶՄ  ՍՊԸ,17,5184724,100,1,01204231,Քաղաքացիական ավիացիայի կոմիտե,17,5184724,100,2022-03-06,2026-07-26
05544509,«ՌՈՅԱԼ ՌՈՒՍ» ՍՊԸ,15,5016000,0,1,02505511,Միասնական սոցիալական ծառայություն,15,5016000,100,2024-12-03,2025-09-22
02212917,«Երևանի Լեոյի անվան թիվ 65 ավագ դպրոց» պետական ոչ առևտրային կազմակերպություն,12,4987310,6.91,2,02512868,"ՀՀ կրթության, գիտության, մշակույթի և սպորտի նախարարություն",5,4642540,93.09,2021-10-21,2025-07-03
03583696,«ՍՊԻՏԱԿԿ ԱՐՋՈՒԿ» ՍՊԸ,11,4949250,0,1,02505511,Միասնական սոցիալական ծառայություն,11,4949250,100,2025-11-25,2026-06-10
03025247,«ՖԻՆԻՇ»  ՍՊԸ,10,4939500,0,1,02505511,Միասնական սոցիալական ծառայություն,10,4939500,100,2022-07-19,2024-11-19
00183072,ԴԱԲԼ ԷՅՋ Քոնսալթինգ ՍՊԸ,11,4920000,0,1,02631263,ՀՀ քննչական կոմիտե,11,4920000,100,2018-12-27,2024-05-13
01345634,«ԱՆՏԱՌ ՌԵԶՈՐԹ»  ՍՊԸ,11,4909299,0,1,02505511,Միասնական սոցիալական ծառայություն,11,4909299,100,2025-03-11,2026-03-15
00010011,Երևանի Ինֆորմատիկայի պետական քոլեջ ՊՈԱԿ,11,4844000,0,1,01506515,ՀՀ  աշխատանքի և սոցիալական հարցերի նախարարություն,11,4844000,100,2016-08-17,2019-10-03
03564032,«ԽԱՏՈՒՏԻԿ ՔԻԴՍ ՍՔՈՒԼ» ՍՊԸ,11,4663750,0,1,02505511,Միասնական սոցիալական ծառայություն,11,4663750,100,2022-08-08,2025-04-02
02669023,«ԲԴ ռիթեյլ գրուպ» ՍՊԸ,35,4570930,100,1,01540062,«Հայաստանի հանրային Հեռուստաընկերություն» ՓԲԸ,35,4570930,100,2022-09-15,2026-03-08
02903823,ՄԵԳԱ ՍՏՐՈՅ 24 ՍՊԸ,14,4473000,0,1,02505511,Միասնական սոցիալական ծառայություն,14,4473000,100,2024-11-27,2024-12-01
01040765,«ՌԱՏԵՔ» ՍՊԸ,28,4410300,56.01,1,00006505,Հանրապետության նախագահի աշխատակազմ,28,4410300,100,2022-07-03,2026-08-04
05553696,«ՓԵՐԻՆԵ» ԿԱՆԱՆՑ ՀՆԱՐԱՎՈՐՈՒԹՅՈՒՆՆԵՐԻ ԶԱՐԳԱՑՄԱՆ ՀԿ,10,4355250,0,1,02505511,Միասնական սոցիալական ծառայություն,10,4355250,100,2024-03-12,2025-11-27
06972283,«ԵՍ» ԿՐԹԱԿԱՆ ՀԻՄՆԱԴՐԱՄ Հիմնադրամ,10,4346000,0,1,02505511,Միասնական սոցիալական ծառայություն,10,4346000,100,2024-05-29,2025-04-29
81739454,Ա/Զ Ծովինար Գևորգյան Լենդրուշի,12,4226422,73.8,1,09430281,ՀՀ Սյունիքի մարզպետի աշխատակազմ,12,4226422,100,2017-02-23,2024-02-12
03017258,Ս. վիրաբյան ՍՊԸ,10,4200700,93.38,1,03029935,ՀՀ Կոտայքի մարզպետի աշխատակազմ,10,4200700,100,2017-02-07,2026-01-22
003247756,Մանյա Իսկանդարյան,137,4180000,0,1,02631263,ՀՀ քննչական կոմիտե,137,4180000,100,2025-01-06,2025-11-01
08408251,«ՎԱՌ» Ա/Կ,10,4172000,64.69,2,08428824,ՀՀ Գեղարքունիքի մարզպետի աշխատակազմ,9,4162000,99.76,2017-02-24,2019-11-17
04725221,<<ԲՐԵՆԴ ԱԼԿՈ>> ՍՊԸ,13,4115284,100,1,02565518,ՀՀ բարձր տեխնոլոգիական արդյունաբերության նախարարություն,13,4115284,100,2019-10-02,2021-04-11
AP0359436,Մալաքյան Գևորգ,10,4095400,100,1,01541435,«Հայաստանի հանրային ռադիոընկերություն» ՓԲԸ,10,4095400,100,2023-03-02,2026-05-06
03547155,« Իլենիա »  ՍՊԸ,51,4055316,100,4,01540062,«Հայաստանի հանրային Հեռուստաընկերություն» ՓԲԸ,48,3961574,97.69,2020-12-28,2026-01-28
04207168,<Էլեկտրիկ> ԱԿ,14,4002450,97.5,2,04245019,ՀՀ Արարատի մարզպետի աշխատակազմ,13,3872450,96.75,2016-12-19,2025-03-24
01213189,Բալանս Կո ՍՊԸ,34,3981000,30.37,1,02527728,ՀՀ արտաքին գործերի  նախարարություն,34,3981000,100,2016-06-28,2019-04-25
08904871,Եղեգնաձորի սպիտակ տուն ԱԿ,13,3954110,90.42,1,08907717,ՀՀ Վայոց ձորի մարզպետի աշխատակազմ,13,3954110,100,2017-02-06,2026-01-29
AT0459907,Տոնիկյան Զարուհի,13,3854170,100,1,01541435,«Հայաստանի հանրային ռադիոընկերություն» ՓԲԸ,13,3854170,100,2024-03-04,2026-03-15
00230823,ՄԱՍՏԵՐ ԲՐՈԿ ՍՊԸ,10,3751400,100,1,02565518,ՀՀ բարձր տեխնոլոգիական արդյունաբերության նախարարություն,10,3751400,100,2023-01-31,2026-07-07
00898957,ԱՐՏ ԼԱՆՉ ՍՊԸ,43,3728250,67.27,2,02527728,ՀՀ արտաքին գործերի  նախարարություն,42,3678260,98.66,2016-11-08,2025-02-09
AN0719919,Արտակ Կասյայի Մովսեսյան,39,3701000,0,1,02631263,ՀՀ քննչական կոմիտե,39,3701000,100,2018-12-13,2024-09-04
02274152,ԻՌ-ՄԱ ՍՊԸ,13,3689000,100,1,02565518,ՀՀ բարձր տեխնոլոգիական արդյունաբերության նախարարություն,13,3689000,100,2022-12-13,2024-10-27
70911772,Արա Գասպարյան Ա.Ձ,13,3608300,100,1,07628257,ՀՀ Տավուշի մարզպետի աշխատակազմ,13,3608300,100,2020-02-04,2023-09-10
009736638,Արման Աղաքարյան,93,3420000,0,1,02631263,ՀՀ քննչական կոմիտե,93,3420000,100,2023-05-31,2025-02-17
011021060,Հարությունյան Անի,10,3419300,100,1,01541435,«Հայաստանի հանրային ռադիոընկերություն» ՓԲԸ,10,3419300,100,2022-09-30,2026-07-01
AM0547976,Վլադիմիր Սողոմոնյան,10,3400000,41.18,1,02527728,ՀՀ արտաքին գործերի  նախարարություն,10,3400000,100,2016-07-18,2018-05-08
AT0444433,Մինասյան Եվա Տիգրանի,13,3369610,100,1,01541435,«Հայաստանի հանրային ռադիոընկերություն» ՓԲԸ,13,3369610,100,2023-12-20,2026-04-01
04454902,«ՄԱՅԱՅԹԻՍՈՖԹ ԳՐՈՒՊ»  ՍՊԸ,11,3345750,0,1,02505511,Միասնական սոցիալական ծառայություն,11,3345750,100,2024-08-07,2024-10-30
08266168,«ԿԱՏԱԼԵՅԱ» ՍՊԸ,11,3303750,0,1,02505511,Միասնական սոցիալական ծառայություն,11,3303750,100,2024-07-17,2025-11-27
00486212,«ԴԻՋԻԹԱԼ ԲՐԱՅԵՆՍ» ՍՊԸ,12,3252112,0,1,02505511,Միասնական սոցիալական ծառայություն,12,3252112,100,2024-08-15,2025-07-29
015043201,Ալիկ Պետրոսյան,96,3230000,0,1,02631263,ՀՀ քննչական կոմիտե,96,3230000,100,2024-01-19,2026-03-11
08913916,«Ջերմ Գրախանութ» ՍՊԸ,12,3181800,100,1,09001192,Ջերմուկի համայնքապետարան,12,3181800,100,2020-07-14,2026-01-15
014849426,Սիրարփի Մուղդուսյան,69,3150000,0,1,02631263,ՀՀ քննչական կոմիտե,69,3150000,100,2023-03-14,2026-04-09
AL0222764,Դանիելյան Արմինե,12,3061200,100,1,01541435,«Հայաստանի հանրային ռադիոընկերություն» ՓԲԸ,12,3061200,100,2023-07-02,2026-04-01
AV0571095,Ղասաբյան Հակոբ,10,3035135,100,1,01541435,«Հայաստանի հանրային ռադիոընկերություն» ՓԲԸ,10,3035135,100,2025-09-17,2026-08-25
43032635,Արամ Միքայելյան Ռոբերթի,49,2965500,100,1,00243582,Հայաստանի Հանրապետության հակակոռուպցիոն կոմիտե,49,2965500,100,2023-03-14,2026-08-16
02626685,ՀԱՇ ԷՄ ՍԵՐՎԻՍ ՍՊԸ,11,2937000,6.84,8,02522157,ՀՀ  պաշտպանության  նախարարություն,3,2736000,93.16,2019-11-13,2026-04-12
00908829,ԷՄ ԴԻ ԷՍ ՍՊԸ,24,2904800,100,1,00003489,«Երևանի մաթեմատիկական մեքենաների գործարան» ՓԲԸ,24,2904800,100,2021-11-03,2026-07-21
00151284,ՌՈԲԻԱԴ ՍՊԸ,19,2661880,57.07,2,02527728,ՀՀ արտաքին գործերի  նախարարություն,18,2597430,97.58,2016-09-14,2018-03-16
08251944,«ԷՆԹՈՒՋԻ ԲՐԵՅՆՍ» ՍՊԸ,11,2612853,0,1,02505511,Միասնական սոցիալական ծառայություն,11,2612853,100,2023-07-31,2024-05-13
01000876,Պրինտմաստեր ՍՊԸ,15,2586850,41.9,1,00018357,ՀՀ սահմանադրական դատարան,15,2586850,100,2016-11-04,2021-11-01
02815276,«ՇԱՅՆ ԷՎԵՆԹ» ՍՊԸ,14,2541500,100,1,02505983,ՀՀ էկոնոմիկայի նախարարություն,14,2541500,100,2020-02-25,2023-11-29
01817333,Ռուբեն և եղբայրներ ՍՊԸ,11,2508150,100,1,00006796,ՀՀ պետական պահպանության ծառայություն,11,2508150,100,2020-02-24,2024-05-23
02551445,Լորենի հրատարակչատուն ՍՊԸ,13,2443250,3.38,1,02629081,ՀՀ ֆինանսների նախարարություն,13,2443250,100,2018-01-15,2023-07-18
07621335,«Սրճարան համար 2» ՍՊԸ,27,2333705,100,1,02505554,ՀՀ վարչապետի աշխատակազմ,27,2333705,100,2025-01-20,2026-07-21
02619243,ԳՐԱՆԴ ՖԱՐՄ ՍՊԸ,14,2206071,100,1,00006796,ՀՀ պետական պահպանության ծառայություն,14,2206071,100,2019-08-29,2021-01-28
02574534,ԱՔԼՍ ՍՊԸ,11,2156640,100,1,00006796,ՀՀ պետական պահպանության ծառայություն,11,2156640,100,2022-10-05,2026-07-29
00192485,ՁԵՐ ՓՈԽԱՐԵՆ ՍՊԸ,21,1871000,100,2,02506634,ՀՀ դատախազություն,19,1781000,95.19,2020-09-06,2026-07-14
00106353,ԷՆ ՊՐԵՍ ՍՊԸ,15,1865800,88.29,1,02705793,ՀՀ  միջուկային անվտանգության կարգավորման  կոմիտե,15,1865800,100,2016-11-17,2026-02-01
04230966,ԲԼՈՒՐ ՇԻՆ ՍՊԸ,10,1799000,32.3,1,03801428,Մասիսի համայնքապետարան,10,1799000,100,2022-08-02,2025-09-07
001850742,Թագուհի Կատվալյան,57,1730000,0,1,02631263,ՀՀ քննչական կոմիտե,57,1730000,100,2023-01-22,2023-12-25
01310382,«Նոութբուքսենթր» ՍՊԸ,11,1709998,97.66,5,01539597,«Հանրային հեռարձակողի խորհրդի աշխատակազմ» ՊՀ,7,1552900,90.81,2021-08-12,2023-11-09
07624067,«ԹԹԵՆԻ ՄԱՐԿԵՏ» ՍՊԸ,87,1691918,100,2,00476409,Էկոպարեկային ծառայություն,83,1653848,97.75,2022-06-28,2026-03-05
02597365,Քոֆի Քափ ՍՊԸ,46,1678070,100,1,01204231,Քաղաքացիական ավիացիայի կոմիտե,46,1678070,100,2019-12-16,2026-05-31
AL0517525,Մովսեսյան   Արտակ,15,1677750,0,2,02631263,ՀՀ քննչական կոմիտե,14,1657750,98.81,2023-12-26,2026-08-02
015497878,Զաքարյան Մարատ,35,1575000,0,2,02631263,ՀՀ քննչական կոմիտե,34,1530000,97.14,2024-10-06,2026-06-30
018323931,Իսկանդարյան Մանյա,48,1555000,0,2,02631263,ՀՀ քննչական կոմիտե,46,1400000,90.03,2025-10-10,2026-01-06
AN0729000,Արփինե Հայրապետովա,51,1530000,0,2,02631263,ՀՀ քննչական կոմիտե,50,1510000,98.69,2023-09-28,2024-03-04
02825132,«Արտ ֆիրմային խանութ» ՍՊԸ,10,1470830,100,1,02507198,ՀՀ շրջակա միջավայրի նախարարություն,10,1470830,100,2020-08-09,2022-06-20
01539117,ՆՅՈՒՎԵՆԴ ՍՊԸ,39,1464500,95.9,1,02545976,ՀՀ արտաքին գործերի նախարարության պետական արարողակարգի ծառայություն,39,1464500,100,2017-04-15,2026-02-15
009618323,Մարտուն Շահվերդյան,56,1460000,0,1,02631263,ՀՀ քննչական կոմիտե,56,1460000,100,2025-02-12,2025-08-11
00088252,Արահետ Դիվելըփմենթ ՍՊԸ,20,1367000,100,1,02527728,ՀՀ արտաքին գործերի  նախարարություն,20,1367000,100,2020-10-13,2026-07-05
005474242,Նինա Մովսիսյան,39,1250000,0,1,02631263,ՀՀ քննչական կոմիտե,39,1250000,100,2023-03-05,2024-06-24
AS0540305,Սյուզաննա Ազիզյան,12,1230000,0,1,02583241,Դատական դեպարտամենտ,12,1230000,100,2023-12-26,2025-09-16
00879893,ՓՐԻՆԹԻՆԳ ՀԱՈՒՍ ՍՊԸ,12,1200000,100,1,02512868,"ՀՀ կրթության, գիտության, մշակույթի և սպորտի նախարարություն",12,1200000,100,2020-03-22,2026-08-17
04108003,Արարատի Աբրիկոն ՍՊԸ,11,1190000,100,1,02505983,ՀՀ էկոնոմիկայի նախարարություն,11,1190000,100,2021-05-20,2022-12-18
03317089,ՄԵԳԱ ԱՎՏՈ ՄՈԹՈՐՍ ՍՊԸ,10,1174500,100,1,01548306,ՀՀ կենտրոնական ընտրական հանձնաժողով,10,1174500,100,2022-12-12,2024-08-01
00878522,«Բիարֆեյշընռիթեյլ» ՓԲԸ,10,1154200,100,1,01540062,«Հայաստանի հանրային Հեռուստաընկերություն» ՓԲԸ,10,1154200,100,2022-09-06,2025-09-15
006109409,Կարեն Թորոսյան,37,1140000,0,1,02631263,ՀՀ քննչական կոմիտե,37,1140000,100,2023-01-25,2023-03-08
01001165,«Երկիր մոլորակ» ՍՊԸ,25,1132000,100,1,01503576,«Մատենադարան» Մեսրոպ Մաշտոցի անվան հին ձեռագրերի գիտահետազոտական ինստիտուտ» հիմնադրամ,25,1132000,100,2025-01-06,2026-08-02
007526924,Վահե Հենրիկի Բաբայան,30,1100000,0,1,02631263,ՀՀ քննչական կոմիտե,30,1100000,100,2021-12-19,2026-02-19
AS0491068,Արփինե Քոչարյան,38,1050000,0,1,02631263,ՀՀ քննչական կոմիտե,38,1050000,100,2023-02-23,2026-01-15
00519379,Սերգո Շին ՍՊԸ,23,1038260,100,2,01540062,«Հայաստանի հանրային Հեռուստաընկերություն» ՓԲԸ,22,1017960,98.04,2023-07-09,2026-05-19
02649414,«ԲԻ ԷՆ ԷՍ» ՍՊԸ,18,1010000,100,1,02565518,ՀՀ բարձր տեխնոլոգիական արդյունաբերության նախարարություն,18,1010000,100,2022-10-10,2026-06-30
00899315,Յուվո ՍՊԸ,11,990300,100,2,02512868,"ՀՀ կրթության, գիտության, մշակույթի և սպորտի նախարարություն",10,916500,92.55,2024-06-29,2026-06-03
09404542,Կապանի կանխարգելիչ ախտահանում դուստր ՓԲԸ,11,974500,89.58,2,09430281,ՀՀ Սյունիքի մարզպետի աշխատակազմ,10,970000,99.54,2017-02-23,2026-01-25
00866394,Շին Անկյուն ՍՊԸ,34,957673,100,2,01540062,«Հայաստանի հանրային Հեռուստաընկերություն» ՓԲԸ,33,953173,99.53,2020-02-20,2026-07-16
02573206,<<Նյու Ատ Լոջիք>> ՍՊԸ,10,900000,100,1,"2558849,",«Միջուկային և ռադիացիոն անվտանգության գիտատեխնիկական կենտրոն» ՓԲԸ,10,900000,100,2017-10-20,2020-04-22
003846326,Սոնա Գրիգորյան,29,840000,0,1,02631263,ՀՀ քննչական կոմիտե,29,840000,100,2023-03-09,2024-06-23
00813738,«Դավիթ Անհաղթ ՍՎԱ» ՍՊԸ,30,775190,98.25,2,02589128,ՀՀ հատուկ քննչական ծառայություն,28,742690,95.81,2017-03-16,2023-03-02
000415588,Մարատ Զաքարյան,17,765000,0,1,02631263,ՀՀ քննչական կոմիտե,17,765000,100,2021-09-05,2025-03-18
002112548,Վերժինե Տեր-Գասպարյան,26,760000,0,2,02631263,ՀՀ քննչական կոմիտե,25,740000,97.37,2023-03-06,2024-06-24
00128999,«Արմ-Դավ» ՍՊԸ,16,719400,47.82,1,01533334,ՀՀ ներքին գործերի նախարարություն,16,719400,100,2016-12-15,2018-12-27
08415453,Գ․Ա․Լ․-Գ․Ո․Գ․Ա․ ՍՊԸ,14,683707,74.93,1,08417304,«Գավառի բժշկական կենտրոն» ՓԲԸ,14,683707,100,2018-07-11,2022-03-24
07612601,Գործարար Կապեր Բիզնեսի Աջակցության Միջազգային Կենտրոն ՍՊԸ,14,672000,0,1,01533334,ՀՀ ներքին գործերի նախարարություն,14,672000,100,2018-10-02,2019-09-30
AP0369290,Աննա Կարապետյան,23,640000,0,1,02631263,ՀՀ քննչական կոմիտե,23,640000,100,2024-08-15,2025-01-07
014759385,Մելքոնյան Սուրեն,10,596300,100,1,01541435,«Հայաստանի հանրային ռադիոընկերություն» ՓԲԸ,10,596300,100,2023-06-07,2026-08-19
02926782,«Տեխնիկաներ» ՍՊԸ,12,562500,100,1,01540062,«Հայաստանի հանրային Հեռուստաընկերություն» ՓԲԸ,12,562500,100,2025-07-09,2026-07-22
03019786,Տարոն Ֆարմ ՍՊԸ,11,536958,100,1,03006183,«Ծաղկաձորի բժշկական ամբուլատորիա» ՊՓԲԸ,11,536958,100,2018-05-07,2021-08-19
05507642,«Գյումրիի կանխարգելիչ ախտահանում դուստր» ՓԲԸ,11,459000,90.46,2,05507437,ՀՀ Շիրակի մարզպետի աշխատակազմ,10,438000,95.42,2017-03-16,2026-02-19
AL0330109,Էլեն Դավթյան,15,430000,0,1,02631263,ՀՀ քննչական կոմիտե,15,430000,100,2025-04-04,2026-06-19
016510604,Լաուրա Հարությունյան,15,425000,0,1,02631263,ՀՀ քննչական կոմիտե,15,425000,100,2026-03-22,2026-07-02
AU0587936,Սոնա Ասլանյան,12,390000,0,1,02631263,ՀՀ քննչական կոմիտե,12,390000,100,2023-02-22,2026-08-02
01502437,Բիզնես-Ա ՍՊԸ,18,359000,100,1,"2558849,",«Միջուկային և ռադիացիոն անվտանգության գիտատեխնիկական կենտրոն» ՓԲԸ,18,359000,100,2017-11-17,2020-08-19
04400658,Արմավիրի Կանխարգելիչ ախտահանում դուստր ՓԲԸ,10,344100,89.97,1,04447253,ՀՀ  Արմավիրի մարզպետի աշխատակազմ,10,344100,100,2017-03-01,2026-01-18
05547627,ԼԻԴԵՐ-1,17,320000,100,1,01804548,«Հայատոմ» ԳՀԻ ՓԲԸ,17,320000,100,2020-01-29,2023-12-18
07603197,ՙՙԻջևանի կանխարգելիչ ախտահանում դուստր՚՚ ՓԲԸ,10,301900,90.03,1,07628257,ՀՀ Տավուշի մարզպետի աշխատակազմ,10,301900,100,2017-02-01,2026-02-19
AS0451421,Մարիյա Մարկոսյան,11,260000,0,1,02631263,ՀՀ քննչական կոմիտե,11,260000,100,2023-09-29,2023-12-05
02594977,Մապլանտ ՍՊԸ,10,175785,100,2,02527728,ՀՀ արտաքին գործերի  նախարարություն,9,165285,94.03,2018-07-10,2022-06-15
01330414,Տուրբոլայն պլյուս  ՍՊԸ,12,159000,100,1,00018357,ՀՀ սահմանադրական դատարան,12,159000,100,2022-11-13,2023-09-14
