buyer_tax_id,buyer_name,buyer_name_en,buyer_type,year,contracts,value_amd,single_source_contracts,single_source_value_amd,single_source_share_of_count_pct,single_source_share_of_value_pct,buyer_total_value_2018_2026_amd,buyer_single_source_value_2018_2026_amd,buyer_single_source_share_2018_2026_pct,rank_by_single_source_value_2024_2026
01539597,«Հանրային հեռարձակողի խորհրդի աշխատակազմ» ՊՀ,SI “ADMINISTRATION OF THE COUNCIL OF PUBLIC BROADCASTER”,GOVERNMENTAL,2018,11,5794649,9,3187160,81.82,55,63623329410,61810559475,97.15,1
01539597,«Հանրային հեռարձակողի խորհրդի աշխատակազմ» ՊՀ,SI “ADMINISTRATION OF THE COUNCIL OF PUBLIC BROADCASTER”,GOVERNMENTAL,2019,24,7159507021,23,7156801126,95.83,99.96,63623329410,61810559475,97.15,1
01539597,«Հանրային հեռարձակողի խորհրդի աշխատակազմ» ՊՀ,SI “ADMINISTRATION OF THE COUNCIL OF PUBLIC BROADCASTER”,GOVERNMENTAL,2020,36,14049501632,30,14047014980,83.33,99.98,63623329410,61810559475,97.15,1
01539597,«Հանրային հեռարձակողի խորհրդի աշխատակազմ» ՊՀ,SI “ADMINISTRATION OF THE COUNCIL OF PUBLIC BROADCASTER”,GOVERNMENTAL,2021,33,7894836563,29,7888007783,87.88,99.91,63623329410,61810559475,97.15,1
01539597,«Հանրային հեռարձակողի խորհրդի աշխատակազմ» ՊՀ,SI “ADMINISTRATION OF THE COUNCIL OF PUBLIC BROADCASTER”,GOVERNMENTAL,2022,33,9808549601,29,9801796601,87.88,99.93,63623329410,61810559475,97.15,1
01539597,«Հանրային հեռարձակողի խորհրդի աշխատակազմ» ՊՀ,SI “ADMINISTRATION OF THE COUNCIL OF PUBLIC BROADCASTER”,GOVERNMENTAL,2023,34,75961041,30,4821041,88.24,6.35,63623329410,61810559475,97.15,1
01539597,«Հանրային հեռարձակողի խորհրդի աշխատակազմ» ՊՀ,SI “ADMINISTRATION OF THE COUNCIL OF PUBLIC BROADCASTER”,GOVERNMENTAL,2024,34,8232747027,29,7592663527,85.29,92.23,63623329410,61810559475,97.15,1
01539597,«Հանրային հեռարձակողի խորհրդի աշխատակազմ» ՊՀ,SI “ADMINISTRATION OF THE COUNCIL OF PUBLIC BROADCASTER”,GOVERNMENTAL,2025,47,8300297193,42,7765245873,89.36,93.55,63623329410,61810559475,97.15,1
01539597,«Հանրային հեռարձակողի խորհրդի աշխատակազմ» ՊՀ,SI “ADMINISTRATION OF THE COUNCIL OF PUBLIC BROADCASTER”,GOVERNMENTAL,2026,28,8096134683,21,7551021383,75,93.27,63623329410,61810559475,97.15,1
02593108,Երևանի քաղաքապետարան,Yerevan municipality,URBAN,2018,901,10554003724,184,901026597,20.42,8.54,255562533496,21588832715,8.45,2
02593108,Երևանի քաղաքապետարան,Yerevan municipality,URBAN,2019,748,5518530905,27,257331200,3.61,4.66,255562533496,21588832715,8.45,2
02593108,Երևանի քաղաքապետարան,Yerevan municipality,URBAN,2020,711,12027241753,11,77927600,1.55,0.65,255562533496,21588832715,8.45,2
02593108,Երևանի քաղաքապետարան,Yerevan municipality,URBAN,2021,1195,25582234574,15,36832000,1.26,0.14,255562533496,21588832715,8.45,2
02593108,Երևանի քաղաքապետարան,Yerevan municipality,URBAN,2022,1701,30953101495,265,1283871054,15.58,4.15,255562533496,21588832715,8.45,2
02593108,Երևանի քաղաքապետարան,Yerevan municipality,URBAN,2023,1827,47886859518,260,2435908427,14.23,5.09,255562533496,21588832715,8.45,2
02593108,Երևանի քաղաքապետարան,Yerevan municipality,URBAN,2024,1967,37842780129,319,3435042983,16.22,9.08,255562533496,21588832715,8.45,2
02593108,Երևանի քաղաքապետարան,Yerevan municipality,URBAN,2025,2035,47853728469,245,8118547880,12.04,16.97,255562533496,21588832715,8.45,2
02593108,Երևանի քաղաքապետարան,Yerevan municipality,URBAN,2026,1622,37344052930,239,5042344974,14.73,13.5,255562533496,21588832715,8.45,2
02565518,ՀՀ բարձր տեխնոլոգիական արդյունաբերության նախարարություն,Ministry of High-Tech Industry of the Republic of Armenia,GOVERNMENTAL,2018,160,10217536749,46,176520571,28.75,1.73,85534932136,14673913749,17.16,3
02565518,ՀՀ բարձր տեխնոլոգիական արդյունաբերության նախարարություն,Ministry of High-Tech Industry of the Republic of Armenia,GOVERNMENTAL,2019,222,6272256991,129,245690756,58.11,3.92,85534932136,14673913749,17.16,3
02565518,ՀՀ բարձր տեխնոլոգիական արդյունաբերության նախարարություն,Ministry of High-Tech Industry of the Republic of Armenia,GOVERNMENTAL,2020,184,1026047493,137,162397661,74.46,15.83,85534932136,14673913749,17.16,3
02565518,ՀՀ բարձր տեխնոլոգիական արդյունաբերության նախարարություն,Ministry of High-Tech Industry of the Republic of Armenia,GOVERNMENTAL,2021,402,1774681324,240,269614953,59.7,15.19,85534932136,14673913749,17.16,3
02565518,ՀՀ բարձր տեխնոլոգիական արդյունաբերության նախարարություն,Ministry of High-Tech Industry of the Republic of Armenia,GOVERNMENTAL,2022,364,9892145672,186,338873400,51.1,3.43,85534932136,14673913749,17.16,3
02565518,ՀՀ բարձր տեխնոլոգիական արդյունաբերության նախարարություն,Ministry of High-Tech Industry of the Republic of Armenia,GOVERNMENTAL,2023,709,15458108987,195,378080233,27.5,2.45,85534932136,14673913749,17.16,3
02565518,ՀՀ բարձր տեխնոլոգիական արդյունաբերության նախարարություն,Ministry of High-Tech Industry of the Republic of Armenia,GOVERNMENTAL,2024,513,12573150465,243,368012342,47.37,2.93,85534932136,14673913749,17.16,3
02565518,ՀՀ բարձր տեխնոլոգիական արդյունաբերության նախարարություն,Ministry of High-Tech Industry of the Republic of Armenia,GOVERNMENTAL,2025,963,13938185597,239,2931825136,24.82,21.03,85534932136,14673913749,17.16,3
02565518,ՀՀ բարձր տեխնոլոգիական արդյունաբերության նախարարություն,Ministry of High-Tech Industry of the Republic of Armenia,GOVERNMENTAL,2026,583,14382818858,201,9802898698,34.48,68.16,85534932136,14673913749,17.16,3
02507171,ՀՀ  առողջապահության  նախարարություն,Ministry Of health of the Republic of Armenia,GOVERNMENTAL,2018,1214,65734386049,1148,62907744766,94.56,95.7,620244607081,479111333956,77.25,4
02507171,ՀՀ  առողջապահության  նախարարություն,Ministry Of health of the Republic of Armenia,GOVERNMENTAL,2019,1715,83441766724,1129,74631603080,65.83,89.44,620244607081,479111333956,77.25,4
02507171,ՀՀ  առողջապահության  նախարարություն,Ministry Of health of the Republic of Armenia,GOVERNMENTAL,2020,2335,149669496965,1846,142393476063,79.06,95.14,620244607081,479111333956,77.25,4
02507171,ՀՀ  առողջապահության  նախարարություն,Ministry Of health of the Republic of Armenia,GOVERNMENTAL,2021,192,35610671268,118,10290724287,61.46,28.9,620244607081,479111333956,77.25,4
02507171,ՀՀ  առողջապահության  նախարարություն,Ministry Of health of the Republic of Armenia,GOVERNMENTAL,2022,1512,102309261608,1019,88623119327,67.39,86.62,620244607081,479111333956,77.25,4
02507171,ՀՀ  առողջապահության  նախարարություն,Ministry Of health of the Republic of Armenia,GOVERNMENTAL,2023,1520,102468978263,1220,87796057830,80.26,85.68,620244607081,479111333956,77.25,4
02507171,ՀՀ  առողջապահության  նախարարություն,Ministry Of health of the Republic of Armenia,GOVERNMENTAL,2024,428,29649790399,101,9256533511,23.6,31.22,620244607081,479111333956,77.25,4
02507171,ՀՀ  առողջապահության  նախարարություն,Ministry Of health of the Republic of Armenia,GOVERNMENTAL,2025,495,37670029310,92,2393854562,18.59,6.35,620244607081,479111333956,77.25,4
02507171,ՀՀ  առողջապահության  նախարարություն,Ministry Of health of the Republic of Armenia,GOVERNMENTAL,2026,249,13690226494,53,818220530,21.29,5.98,620244607081,479111333956,77.25,4
02902959,Պրոբացիայի ծառայություն,Probation Service,GOVERNMENTAL,2019,2,645069,2,645069,100,100,12517899771,11748912589,93.86,5
02902959,Պրոբացիայի ծառայություն,Probation Service,GOVERNMENTAL,2021,5,3870900,5,3870900,100,100,12517899771,11748912589,93.86,5
02902959,Պրոբացիայի ծառայություն,Probation Service,GOVERNMENTAL,2022,6,1265238,6,1265238,100,100,12517899771,11748912589,93.86,5
02902959,Պրոբացիայի ծառայություն,Probation Service,GOVERNMENTAL,2023,12,114812767,7,1656423,58.33,1.44,12517899771,11748912589,93.86,5
02902959,Պրոբացիայի ծառայություն,Probation Service,GOVERNMENTAL,2024,66,49848992,37,17535940,56.06,35.18,12517899771,11748912589,93.86,5
02902959,Պրոբացիայի ծառայություն,Probation Service,GOVERNMENTAL,2025,90,660457732,39,79011972,43.33,11.96,12517899771,11748912589,93.86,5
02902959,Պրոբացիայի ծառայություն,Probation Service,GOVERNMENTAL,2026,55,11686999073,37,11644927047,67.27,99.64,12517899771,11748912589,93.86,5
02522157,ՀՀ  պաշտպանության  նախարարություն,Ministry of defense of the Republic of Armenia,GOVERNMENTAL,2018,989,56003814266,73,18095865489,7.38,32.31,250507090990,52991893976,21.15,6
02522157,ՀՀ  պաշտպանության  նախարարություն,Ministry of defense of the Republic of Armenia,GOVERNMENTAL,2019,1229,44327912178,151,9511048416,12.29,21.46,250507090990,52991893976,21.15,6
02522157,ՀՀ  պաշտպանության  նախարարություն,Ministry of defense of the Republic of Armenia,GOVERNMENTAL,2020,789,26807103182,70,4428444041,8.87,16.52,250507090990,52991893976,21.15,6
02522157,ՀՀ  պաշտպանության  նախարարություն,Ministry of defense of the Republic of Armenia,GOVERNMENTAL,2021,827,29181733895,78,4161223556,9.43,14.26,250507090990,52991893976,21.15,6
02522157,ՀՀ  պաշտպանության  նախարարություն,Ministry of defense of the Republic of Armenia,GOVERNMENTAL,2022,706,26986607896,157,4094130118,22.24,15.17,250507090990,52991893976,21.15,6
02522157,ՀՀ  պաշտպանության  նախարարություն,Ministry of defense of the Republic of Armenia,GOVERNMENTAL,2023,809,10475002075,152,1726402909,18.79,16.48,250507090990,52991893976,21.15,6
02522157,ՀՀ  պաշտպանության  նախարարություն,Ministry of defense of the Republic of Armenia,GOVERNMENTAL,2024,809,16954924666,246,2198115533,30.41,12.96,250507090990,52991893976,21.15,6
02522157,ՀՀ  պաշտպանության  նախարարություն,Ministry of defense of the Republic of Armenia,GOVERNMENTAL,2025,709,15970962342,243,2177568577,34.27,13.63,250507090990,52991893976,21.15,6
02522157,ՀՀ  պաշտպանության  նախարարություն,Ministry of defense of the Republic of Armenia,GOVERNMENTAL,2026,589,23799030491,196,6599095338,33.28,27.73,250507090990,52991893976,21.15,6
02578338,ՀՀ տարածքային կառավարման և ենթակառուցվածքների նախարարություն,Ministry Territorial Administration and Infrastructure of the Republic of Armenia,GOVERNMENTAL,2018,88,264873123,53,22503406,60.23,8.5,712504056586,84269523035,11.83,7
02578338,ՀՀ տարածքային կառավարման և ենթակառուցվածքների նախարարություն,Ministry Territorial Administration and Infrastructure of the Republic of Armenia,GOVERNMENTAL,2019,264,21313155316,104,9275931642,39.39,43.52,712504056586,84269523035,11.83,7
02578338,ՀՀ տարածքային կառավարման և ենթակառուցվածքների նախարարություն,Ministry Territorial Administration and Infrastructure of the Republic of Armenia,GOVERNMENTAL,2020,218,31838492864,101,1746799533,46.33,5.49,712504056586,84269523035,11.83,7
02578338,ՀՀ տարածքային կառավարման և ենթակառուցվածքների նախարարություն,Ministry Territorial Administration and Infrastructure of the Republic of Armenia,GOVERNMENTAL,2021,519,73594691145,134,22162790219,25.82,30.11,712504056586,84269523035,11.83,7
02578338,ՀՀ տարածքային կառավարման և ենթակառուցվածքների նախարարություն,Ministry Territorial Administration and Infrastructure of the Republic of Armenia,GOVERNMENTAL,2022,459,96944472987,188,24754265789,40.96,25.53,712504056586,84269523035,11.83,7
02578338,ՀՀ տարածքային կառավարման և ենթակառուցվածքների նախարարություն,Ministry Territorial Administration and Infrastructure of the Republic of Armenia,GOVERNMENTAL,2023,606,163269168692,214,15754694564,35.31,9.65,712504056586,84269523035,11.83,7
02578338,ՀՀ տարածքային կառավարման և ենթակառուցվածքների նախարարություն,Ministry Territorial Administration and Infrastructure of the Republic of Armenia,GOVERNMENTAL,2024,674,190212484432,237,7331088271,35.16,3.85,712504056586,84269523035,11.83,7
02578338,ՀՀ տարածքային կառավարման և ենթակառուցվածքների նախարարություն,Ministry Territorial Administration and Infrastructure of the Republic of Armenia,GOVERNMENTAL,2025,667,117384924508,233,1652566712,34.93,1.41,712504056586,84269523035,11.83,7
02578338,ՀՀ տարածքային կառավարման և ենթակառուցվածքների նախարարություն,Ministry Territorial Administration and Infrastructure of the Republic of Armenia,GOVERNMENTAL,2026,251,17681793518,87,1568882899,34.66,8.87,712504056586,84269523035,11.83,7
02704199,Բարձրագույն կրթության և գիտության կոմիտե,Higher Education and Science Committee,GOVERNMENTAL,2018,27,40933427,23,34071000,85.19,83.24,24965722940,10434993188,41.8,8
02704199,Բարձրագույն կրթության և գիտության կոմիտե,Higher Education and Science Committee,GOVERNMENTAL,2019,18,8102765,18,8102765,100,100,24965722940,10434993188,41.8,8
02704199,Բարձրագույն կրթության և գիտության կոմիտե,Higher Education and Science Committee,GOVERNMENTAL,2020,11,4468118,11,4468118,100,100,24965722940,10434993188,41.8,8
02704199,Բարձրագույն կրթության և գիտության կոմիտե,Higher Education and Science Committee,GOVERNMENTAL,2021,14,10249054,13,5149054,92.86,50.24,24965722940,10434993188,41.8,8
02704199,Բարձրագույն կրթության և գիտության կոմիտե,Higher Education and Science Committee,GOVERNMENTAL,2022,13,5766200,13,5766200,100,100,24965722940,10434993188,41.8,8
02704199,Բարձրագույն կրթության և գիտության կոմիտե,Higher Education and Science Committee,GOVERNMENTAL,2023,63,2370562791,31,568468199,49.21,23.98,24965722940,10434993188,41.8,8
02704199,Բարձրագույն կրթության և գիտության կոմիտե,Higher Education and Science Committee,GOVERNMENTAL,2024,126,8357591051,33,890945363,26.19,10.66,24965722940,10434993188,41.8,8
02704199,Բարձրագույն կրթության և գիտության կոմիտե,Higher Education and Science Committee,GOVERNMENTAL,2025,67,12551490040,32,8320544026,47.76,66.29,24965722940,10434993188,41.8,8
02704199,Բարձրագույն կրթության և գիտության կոմիտե,Higher Education and Science Committee,GOVERNMENTAL,2026,31,1616559495,22,597478463,70.97,36.96,24965722940,10434993188,41.8,8
02507198,ՀՀ շրջակա միջավայրի նախարարություն,Ministry of environment of the Republic of Armenia,GOVERNMENTAL,2018,158,249435357,76,161680513,48.1,64.82,31338429412,9584600339,30.58,9
02507198,ՀՀ շրջակա միջավայրի նախարարություն,Ministry of environment of the Republic of Armenia,GOVERNMENTAL,2019,149,1205029694,86,22690314,57.72,1.88,31338429412,9584600339,30.58,9
02507198,ՀՀ շրջակա միջավայրի նախարարություն,Ministry of environment of the Republic of Armenia,GOVERNMENTAL,2020,106,28081369,82,14500260,77.36,51.64,31338429412,9584600339,30.58,9
02507198,ՀՀ շրջակա միջավայրի նախարարություն,Ministry of environment of the Republic of Armenia,GOVERNMENTAL,2021,145,210948396,72,15431152,49.66,7.32,31338429412,9584600339,30.58,9
02507198,ՀՀ շրջակա միջավայրի նախարարություն,Ministry of environment of the Republic of Armenia,GOVERNMENTAL,2022,154,3700648400,88,22137472,57.14,0.6,31338429412,9584600339,30.58,9
02507198,ՀՀ շրջակա միջավայրի նախարարություն,Ministry of environment of the Republic of Armenia,GOVERNMENTAL,2023,146,3811453343,92,224880502,63.01,5.9,31338429412,9584600339,30.58,9
02507198,ՀՀ շրջակա միջավայրի նախարարություն,Ministry of environment of the Republic of Armenia,GOVERNMENTAL,2024,151,6237406240,82,871553854,54.3,13.97,31338429412,9584600339,30.58,9
02507198,ՀՀ շրջակա միջավայրի նախարարություն,Ministry of environment of the Republic of Armenia,GOVERNMENTAL,2025,175,4830622474,129,1023772326,73.71,21.19,31338429412,9584600339,30.58,9
02507198,ՀՀ շրջակա միջավայրի նախարարություն,Ministry of environment of the Republic of Armenia,GOVERNMENTAL,2026,124,11064804141,103,7227953946,83.06,65.32,31338429412,9584600339,30.58,9
02565827,ՀՀ քաղաքաշինության կոմիտե,City planning Committee of the Republic of Armenia,GOVERNMENTAL,2018,117,1778604610,62,115242410,52.99,6.48,455568604568,16975037867,3.73,10
02565827,ՀՀ քաղաքաշինության կոմիտե,City planning Committee of the Republic of Armenia,GOVERNMENTAL,2019,194,4470004594,64,28770510,32.99,0.64,455568604568,16975037867,3.73,10
02565827,ՀՀ քաղաքաշինության կոմիտե,City planning Committee of the Republic of Armenia,GOVERNMENTAL,2020,254,79939192009,68,638037084,26.77,0.8,455568604568,16975037867,3.73,10
02565827,ՀՀ քաղաքաշինության կոմիտե,City planning Committee of the Republic of Armenia,GOVERNMENTAL,2021,323,52019861556,133,4427200957,41.18,8.51,455568604568,16975037867,3.73,10
02565827,ՀՀ քաղաքաշինության կոմիտե,City planning Committee of the Republic of Armenia,GOVERNMENTAL,2022,362,100621136475,129,2347886834,35.64,2.33,455568604568,16975037867,3.73,10
02565827,ՀՀ քաղաքաշինության կոմիտե,City planning Committee of the Republic of Armenia,GOVERNMENTAL,2023,224,47841670893,61,359411198,27.23,0.75,455568604568,16975037867,3.73,10
02565827,ՀՀ քաղաքաշինության կոմիտե,City planning Committee of the Republic of Armenia,GOVERNMENTAL,2024,285,110010578676,77,744822685,27.02,0.68,455568604568,16975037867,3.73,10
02565827,ՀՀ քաղաքաշինության կոմիտե,City planning Committee of the Republic of Armenia,GOVERNMENTAL,2025,303,41170727322,98,7940858365,32.34,19.29,455568604568,16975037867,3.73,10
02565827,ՀՀ քաղաքաշինության կոմիտե,City planning Committee of the Republic of Armenia,GOVERNMENTAL,2026,118,17716828434,37,372807825,31.36,2.1,455568604568,16975037867,3.73,10
01533334,ՀՀ ներքին գործերի նախարարություն,Ministry of Internal Affairs of the Republic of Armenia,GOVERNMENTAL,2018,820,19345895450,156,9686051252,19.02,50.07,140658807204,42021271651,29.87,11
01533334,ՀՀ ներքին գործերի նախարարություն,Ministry of Internal Affairs of the Republic of Armenia,GOVERNMENTAL,2019,1004,13639377790,166,4853007210,16.53,35.58,140658807204,42021271651,29.87,11
01533334,ՀՀ ներքին գործերի նախարարություն,Ministry of Internal Affairs of the Republic of Armenia,GOVERNMENTAL,2020,851,13632275566,181,4823972038,21.27,35.39,140658807204,42021271651,29.87,11
01533334,ՀՀ ներքին գործերի նախարարություն,Ministry of Internal Affairs of the Republic of Armenia,GOVERNMENTAL,2021,929,17207054541,158,2537569659,17.01,14.75,140658807204,42021271651,29.87,11
01533334,ՀՀ ներքին գործերի նախարարություն,Ministry of Internal Affairs of the Republic of Armenia,GOVERNMENTAL,2022,864,18853159193,193,6963251546,22.34,36.93,140658807204,42021271651,29.87,11
01533334,ՀՀ ներքին գործերի նախարարություն,Ministry of Internal Affairs of the Republic of Armenia,GOVERNMENTAL,2023,938,18073545562,247,4129425073,26.33,22.85,140658807204,42021271651,29.87,11
01533334,ՀՀ ներքին գործերի նախարարություն,Ministry of Internal Affairs of the Republic of Armenia,GOVERNMENTAL,2024,851,18898363166,313,5824268486,36.78,30.82,140658807204,42021271651,29.87,11
01533334,ՀՀ ներքին գործերի նախարարություն,Ministry of Internal Affairs of the Republic of Armenia,GOVERNMENTAL,2025,1045,10082409633,482,1586960615,46.12,15.74,140658807204,42021271651,29.87,11
01533334,ՀՀ ներքին գործերի նախարարություն,Ministry of Internal Affairs of the Republic of Armenia,GOVERNMENTAL,2026,652,10926726302,318,1616765772,48.77,14.8,140658807204,42021271651,29.87,11
02528489,ՀՀ տարածքային կառավարման և ենթակառուցվածքների  նախարարության  պետական գույքի կառավարման կոմիտե,State Property management Committee of the Ministry of territorial administration and infrastructure of the Republic of Armenia,GOVERNMENTAL,2018,34,86375215,30,74087990,88.24,85.77,16911084862,9721309322,57.48,12
02528489,ՀՀ տարածքային կառավարման և ենթակառուցվածքների  նախարարության  պետական գույքի կառավարման կոմիտե,State Property management Committee of the Ministry of territorial administration and infrastructure of the Republic of Armenia,GOVERNMENTAL,2019,56,112189822,29,96957570,51.79,86.42,16911084862,9721309322,57.48,12
02528489,ՀՀ տարածքային կառավարման և ենթակառուցվածքների  նախարարության  պետական գույքի կառավարման կոմիտե,State Property management Committee of the Ministry of territorial administration and infrastructure of the Republic of Armenia,GOVERNMENTAL,2020,51,85986117,30,44434600,58.82,51.68,16911084862,9721309322,57.48,12
02528489,ՀՀ տարածքային կառավարման և ենթակառուցվածքների  նախարարության  պետական գույքի կառավարման կոմիտե,State Property management Committee of the Ministry of territorial administration and infrastructure of the Republic of Armenia,GOVERNMENTAL,2021,57,808948676,43,744234200,75.44,92,16911084862,9721309322,57.48,12
02528489,ՀՀ տարածքային կառավարման և ենթակառուցվածքների  նախարարության  պետական գույքի կառավարման կոմիտե,State Property management Committee of the Ministry of territorial administration and infrastructure of the Republic of Armenia,GOVERNMENTAL,2022,49,1292745513,32,27928140,65.31,2.16,16911084862,9721309322,57.48,12
02528489,ՀՀ տարածքային կառավարման և ենթակառուցվածքների  նախարարության  պետական գույքի կառավարման կոմիտե,State Property management Committee of the Ministry of territorial administration and infrastructure of the Republic of Armenia,GOVERNMENTAL,2023,44,916825972,33,228111288,75,24.88,16911084862,9721309322,57.48,12
02528489,ՀՀ տարածքային կառավարման և ենթակառուցվածքների  նախարարության  պետական գույքի կառավարման կոմիտե,State Property management Committee of the Ministry of territorial administration and infrastructure of the Republic of Armenia,GOVERNMENTAL,2024,66,3432495877,30,12251025,45.45,0.36,16911084862,9721309322,57.48,12
02528489,ՀՀ տարածքային կառավարման և ենթակառուցվածքների  նախարարության  պետական գույքի կառավարման կոմիտե,State Property management Committee of the Ministry of territorial administration and infrastructure of the Republic of Armenia,GOVERNMENTAL,2025,54,6635584270,25,5783894135,46.3,87.16,16911084862,9721309322,57.48,12
02528489,ՀՀ տարածքային կառավարման և ենթակառուցվածքների  նախարարության  պետական գույքի կառավարման կոմիտե,State Property management Committee of the Ministry of territorial administration and infrastructure of the Republic of Armenia,GOVERNMENTAL,2026,39,3539933400,27,2709410374,69.23,76.54,16911084862,9721309322,57.48,12
01540062,«Հայաստանի հանրային Հեռուստաընկերություն» ՓԲԸ,,OTHER,2018,31,293135485,2,74077200,6.45,25.27,15396951880,10620517237,68.98,13
01540062,«Հայաստանի հանրային Հեռուստաընկերություն» ՓԲԸ,,OTHER,2019,135,163739336,82,40160270,60.74,24.53,15396951880,10620517237,68.98,13
01540062,«Հայաստանի հանրային Հեռուստաընկերություն» ՓԲԸ,,OTHER,2020,299,227563389,238,170080631,79.6,74.74,15396951880,10620517237,68.98,13
01540062,«Հայաստանի հանրային Հեռուստաընկերություն» ՓԲԸ,,OTHER,2021,523,951522021,432,734895702,82.6,77.23,15396951880,10620517237,68.98,13
01540062,«Հայաստանի հանրային Հեռուստաընկերություն» ՓԲԸ,,OTHER,2022,714,5739514735,543,4629360376,76.05,80.66,15396951880,10620517237,68.98,13
01540062,«Հայաստանի հանրային Հեռուստաընկերություն» ՓԲԸ,,OTHER,2023,775,2112023831,661,1183610593,85.29,56.04,15396951880,10620517237,68.98,13
01540062,«Հայաստանի հանրային Հեռուստաընկերություն» ՓԲԸ,,OTHER,2024,868,2451581304,752,1248095271,86.64,50.91,15396951880,10620517237,68.98,13
01540062,«Հայաստանի հանրային Հեռուստաընկերություն» ՓԲԸ,,OTHER,2025,1097,2411374138,972,1788738256,88.61,74.18,15396951880,10620517237,68.98,13
01540062,«Հայաստանի հանրային Հեռուստաընկերություն» ՓԲԸ,,OTHER,2026,475,1046497640,416,751498939,87.58,71.81,15396951880,10620517237,68.98,13
02583241,Դատական դեպարտամենտ,Judicial Department,GOVERNMENTAL,2018,252,1351578282,114,871354435,45.24,64.47,17386576089,7984970004,45.93,14
02583241,Դատական դեպարտամենտ,Judicial Department,GOVERNMENTAL,2019,283,1760009119,115,558427829,40.64,31.73,17386576089,7984970004,45.93,14
02583241,Դատական դեպարտամենտ,Judicial Department,GOVERNMENTAL,2020,300,1399813979,78,488908406,26,34.93,17386576089,7984970004,45.93,14
02583241,Դատական դեպարտամենտ,Judicial Department,GOVERNMENTAL,2021,258,663776579,108,275946330,41.86,41.57,17386576089,7984970004,45.93,14
02583241,Դատական դեպարտամենտ,Judicial Department,GOVERNMENTAL,2022,582,2715323589,144,1559788937,24.74,57.44,17386576089,7984970004,45.93,14
02583241,Դատական դեպարտամենտ,Judicial Department,GOVERNMENTAL,2023,305,2271180994,111,1036945359,36.39,45.66,17386576089,7984970004,45.93,14
02583241,Դատական դեպարտամենտ,Judicial Department,GOVERNMENTAL,2024,337,2990284502,74,1725750324,21.96,57.71,17386576089,7984970004,45.93,14
02583241,Դատական դեպարտամենտ,Judicial Department,GOVERNMENTAL,2025,426,2043334432,58,741742590,13.62,36.3,17386576089,7984970004,45.93,14
02583241,Դատական դեպարտամենտ,Judicial Department,GOVERNMENTAL,2026,416,2191274613,62,726105795,14.9,33.14,17386576089,7984970004,45.93,14
00846441,«Հայաստանի տարածքային զարգացման հիմնադրամ»,Armenian Territorial Development Fund,OTHER,2018,109,1230274878,30,34129742,27.52,2.77,536899779000,2844428515,0.53,15
00846441,«Հայաստանի տարածքային զարգացման հիմնադրամ»,Armenian Territorial Development Fund,OTHER,2019,317,2953025235,131,30235656,41.32,1.02,536899779000,2844428515,0.53,15
00846441,«Հայաստանի տարածքային զարգացման հիմնադրամ»,Armenian Territorial Development Fund,OTHER,2020,107,1193643201,9,5200068,8.41,0.44,536899779000,2844428515,0.53,15
00846441,«Հայաստանի տարածքային զարգացման հիմնադրամ»,Armenian Territorial Development Fund,OTHER,2021,36,306383443,3,980295,8.33,0.32,536899779000,2844428515,0.53,15
00846441,«Հայաստանի տարածքային զարգացման հիմնադրամ»,Armenian Territorial Development Fund,OTHER,2022,18,500976251,0,0,0,0,536899779000,2844428515,0.53,15
00846441,«Հայաստանի տարածքային զարգացման հիմնադրամ»,Armenian Territorial Development Fund,OTHER,2023,32,646188260,1,26805,3.13,0,536899779000,2844428515,0.53,15
00846441,«Հայաստանի տարածքային զարգացման հիմնադրամ»,Armenian Territorial Development Fund,OTHER,2024,260,157188763453,50,106267480,19.23,0.07,536899779000,2844428515,0.53,15
00846441,«Հայաստանի տարածքային զարգացման հիմնադրամ»,Armenian Territorial Development Fund,OTHER,2025,536,173486759489,176,1821794604,32.84,1.05,536899779000,2844428515,0.53,15
00846441,«Հայաստանի տարածքային զարգացման հիմնադրամ»,Armenian Territorial Development Fund,OTHER,2026,415,199393764789,141,845793865,33.98,0.42,536899779000,2844428515,0.53,15
01507079,ՀՀ ազգային անվտանգության ծառայություն,National security service of the Republic of Armenia,GOVERNMENTAL,2018,272,2556505112,27,1262669033,9.93,49.39,26501249457,6474655876,24.43,16
01507079,ՀՀ ազգային անվտանգության ծառայություն,National security service of the Republic of Armenia,GOVERNMENTAL,2019,328,2449216453,31,79815821,9.45,3.26,26501249457,6474655876,24.43,16
01507079,ՀՀ ազգային անվտանգության ծառայություն,National security service of the Republic of Armenia,GOVERNMENTAL,2020,276,2354120269,18,645363182,6.52,27.41,26501249457,6474655876,24.43,16
01507079,ՀՀ ազգային անվտանգության ծառայություն,National security service of the Republic of Armenia,GOVERNMENTAL,2021,251,4775634692,14,134045269,5.58,2.81,26501249457,6474655876,24.43,16
01507079,ՀՀ ազգային անվտանգության ծառայություն,National security service of the Republic of Armenia,GOVERNMENTAL,2022,239,1552520839,15,858902336,6.28,55.32,26501249457,6474655876,24.43,16
01507079,ՀՀ ազգային անվտանգության ծառայություն,National security service of the Republic of Armenia,GOVERNMENTAL,2023,279,2376915444,36,877461071,12.9,36.92,26501249457,6474655876,24.43,16
01507079,ՀՀ ազգային անվտանգության ծառայություն,National security service of the Republic of Armenia,GOVERNMENTAL,2024,417,4290340852,27,855214672,6.47,19.93,26501249457,6474655876,24.43,16
01507079,ՀՀ ազգային անվտանգության ծառայություն,National security service of the Republic of Armenia,GOVERNMENTAL,2025,329,3124714319,35,923804111,10.64,29.56,26501249457,6474655876,24.43,16
01507079,ՀՀ ազգային անվտանգության ծառայություն,National security service of the Republic of Armenia,GOVERNMENTAL,2026,250,3021281476,19,837380381,7.6,27.72,26501249457,6474655876,24.43,16
06901936,«Վանաձորի համայնքապետարանի աշխատակազմ» ՀԿՀ,"""Vanadzor Municipality staff"" CAO",URBAN,2018,74,745175603,11,13056074,14.86,1.75,18323188283,3827552401,20.89,17
06901936,«Վանաձորի համայնքապետարանի աշխատակազմ» ՀԿՀ,"""Vanadzor Municipality staff"" CAO",URBAN,2019,115,1113097852,41,138566971,35.65,12.45,18323188283,3827552401,20.89,17
06901936,«Վանաձորի համայնքապետարանի աշխատակազմ» ՀԿՀ,"""Vanadzor Municipality staff"" CAO",URBAN,2020,120,1430249045,33,97245526,27.5,6.8,18323188283,3827552401,20.89,17
06901936,«Վանաձորի համայնքապետարանի աշխատակազմ» ՀԿՀ,"""Vanadzor Municipality staff"" CAO",URBAN,2021,106,1541437203,38,190789484,35.85,12.38,18323188283,3827552401,20.89,17
06901936,«Վանաձորի համայնքապետարանի աշխատակազմ» ՀԿՀ,"""Vanadzor Municipality staff"" CAO",URBAN,2022,109,1279282807,41,851338109,37.61,66.55,18323188283,3827552401,20.89,17
06901936,«Վանաձորի համայնքապետարանի աշխատակազմ» ՀԿՀ,"""Vanadzor Municipality staff"" CAO",URBAN,2023,140,3278285986,32,79860865,22.86,2.44,18323188283,3827552401,20.89,17
06901936,«Վանաձորի համայնքապետարանի աշխատակազմ» ՀԿՀ,"""Vanadzor Municipality staff"" CAO",URBAN,2024,142,3075786250,32,768282739,22.54,24.98,18323188283,3827552401,20.89,17
06901936,«Վանաձորի համայնքապետարանի աշխատակազմ» ՀԿՀ,"""Vanadzor Municipality staff"" CAO",URBAN,2025,133,2396029129,45,1320825527,33.83,55.13,18323188283,3827552401,20.89,17
06901936,«Վանաձորի համայնքապետարանի աշխատակազմ» ՀԿՀ,"""Vanadzor Municipality staff"" CAO",URBAN,2026,101,3463844408,28,367587106,27.72,10.61,18323188283,3827552401,20.89,17
04401874,«Հայկական ատոմային էլեկտրակայան» ՓԲԸ,,OTHER,2018,263,1244411611,38,217629226,14.45,17.49,94102881996,17075121750,18.15,18
04401874,«Հայկական ատոմային էլեկտրակայան» ՓԲԸ,,OTHER,2019,379,5106361623,37,491786252,9.76,9.63,94102881996,17075121750,18.15,18
04401874,«Հայկական ատոմային էլեկտրակայան» ՓԲԸ,,OTHER,2020,361,8600407439,33,5042146229,9.14,58.63,94102881996,17075121750,18.15,18
04401874,«Հայկական ատոմային էլեկտրակայան» ՓԲԸ,,OTHER,2021,333,14771818966,22,5723628668,6.61,38.75,94102881996,17075121750,18.15,18
04401874,«Հայկական ատոմային էլեկտրակայան» ՓԲԸ,,OTHER,2022,318,4964813279,21,1403378881,6.6,28.27,94102881996,17075121750,18.15,18
04401874,«Հայկական ատոմային էլեկտրակայան» ՓԲԸ,,OTHER,2023,492,6751355140,30,1840077747,6.1,27.25,94102881996,17075121750,18.15,18
04401874,«Հայկական ատոմային էլեկտրակայան» ՓԲԸ,,OTHER,2024,529,36849443495,33,911383845,6.24,2.47,94102881996,17075121750,18.15,18
04401874,«Հայկական ատոմային էլեկտրակայան» ՓԲԸ,,OTHER,2025,412,12695067659,38,783768658,9.22,6.17,94102881996,17075121750,18.15,18
04401874,«Հայկական ատոմային էլեկտրակայան» ՓԲԸ,,OTHER,2026,374,3119202784,25,661322243,6.68,21.2,94102881996,17075121750,18.15,18
02629081,ՀՀ ֆինանսների նախարարություն,Ministry of Finance of the Republic of Armenia,GOVERNMENTAL,2018,137,552103678,60,213903785,43.8,38.74,15699441930,3028787574,19.29,19
02629081,ՀՀ ֆինանսների նախարարություն,Ministry of Finance of the Republic of Armenia,GOVERNMENTAL,2019,122,914800323,52,484421267,42.62,52.95,15699441930,3028787574,19.29,19
02629081,ՀՀ ֆինանսների նախարարություն,Ministry of Finance of the Republic of Armenia,GOVERNMENTAL,2020,94,621991970,50,55877095,53.19,8.98,15699441930,3028787574,19.29,19
02629081,ՀՀ ֆինանսների նախարարություն,Ministry of Finance of the Republic of Armenia,GOVERNMENTAL,2021,99,1197503781,56,60430665,56.57,5.05,15699441930,3028787574,19.29,19
02629081,ՀՀ ֆինանսների նախարարություն,Ministry of Finance of the Republic of Armenia,GOVERNMENTAL,2022,161,345986556,102,84485025,63.35,24.42,15699441930,3028787574,19.29,19
02629081,ՀՀ ֆինանսների նախարարություն,Ministry of Finance of the Republic of Armenia,GOVERNMENTAL,2023,172,1135928113,131,80733168,76.16,7.11,15699441930,3028787574,19.29,19
02629081,ՀՀ ֆինանսների նախարարություն,Ministry of Finance of the Republic of Armenia,GOVERNMENTAL,2024,138,3418982989,122,1113334438,88.41,32.56,15699441930,3028787574,19.29,19
02629081,ՀՀ ֆինանսների նախարարություն,Ministry of Finance of the Republic of Armenia,GOVERNMENTAL,2025,124,2352018138,87,423452471,70.16,18,15699441930,3028787574,19.29,19
02629081,ՀՀ ֆինանսների նախարարություն,Ministry of Finance of the Republic of Armenia,GOVERNMENTAL,2026,92,5160126384,65,512149660,70.65,9.93,15699441930,3028787574,19.29,19
02555816,ՀՀ  տարածքային կառավարման և ենթակառուցվածքների նախարարության ջրային կոմիտե,Water Committee of the Ministry of territorial administration and infrastructure of the Republic of Armenia,GOVERNMENTAL,2018,53,2078207617,27,10338406,50.94,0.5,58565264312,6434208491,10.99,20
02555816,ՀՀ  տարածքային կառավարման և ենթակառուցվածքների նախարարության ջրային կոմիտե,Water Committee of the Ministry of territorial administration and infrastructure of the Republic of Armenia,GOVERNMENTAL,2019,82,3049832334,37,2349542606,45.12,77.04,58565264312,6434208491,10.99,20
02555816,ՀՀ  տարածքային կառավարման և ենթակառուցվածքների նախարարության ջրային կոմիտե,Water Committee of the Ministry of territorial administration and infrastructure of the Republic of Armenia,GOVERNMENTAL,2020,85,1546333019,41,355264784,48.24,22.97,58565264312,6434208491,10.99,20
02555816,ՀՀ  տարածքային կառավարման և ենթակառուցվածքների նախարարության ջրային կոմիտե,Water Committee of the Ministry of territorial administration and infrastructure of the Republic of Armenia,GOVERNMENTAL,2021,78,1848762649,55,702903149,70.51,38.02,58565264312,6434208491,10.99,20
02555816,ՀՀ  տարածքային կառավարման և ենթակառուցվածքների նախարարության ջրային կոմիտե,Water Committee of the Ministry of territorial administration and infrastructure of the Republic of Armenia,GOVERNMENTAL,2022,151,13515272674,63,529999397,41.72,3.92,58565264312,6434208491,10.99,20
02555816,ՀՀ  տարածքային կառավարման և ենթակառուցվածքների նախարարության ջրային կոմիտե,Water Committee of the Ministry of territorial administration and infrastructure of the Republic of Armenia,GOVERNMENTAL,2023,131,7465346850,43,445280868,32.82,5.96,58565264312,6434208491,10.99,20
02555816,ՀՀ  տարածքային կառավարման և ենթակառուցվածքների նախարարության ջրային կոմիտե,Water Committee of the Ministry of territorial administration and infrastructure of the Republic of Armenia,GOVERNMENTAL,2024,121,7822482091,40,412416832,33.06,5.27,58565264312,6434208491,10.99,20
02555816,ՀՀ  տարածքային կառավարման և ենթակառուցվածքների նախարարության ջրային կոմիտե,Water Committee of the Ministry of territorial administration and infrastructure of the Republic of Armenia,GOVERNMENTAL,2025,152,12332302567,57,669703552,37.5,5.43,58565264312,6434208491,10.99,20
02555816,ՀՀ  տարածքային կառավարման և ենթակառուցվածքների նախարարության ջրային կոմիտե,Water Committee of the Ministry of territorial administration and infrastructure of the Republic of Armenia,GOVERNMENTAL,2026,136,8906724512,66,958758897,48.53,10.76,58565264312,6434208491,10.99,20
01216144,«Հայաէրոնավիգացիա» ՓԲԸ,,OTHER,2018,171,873969372,41,73009317,23.98,8.35,9910644335,2666282615,26.9,21
01216144,«Հայաէրոնավիգացիա» ՓԲԸ,,OTHER,2019,168,898274135,37,357976411,22.02,39.85,9910644335,2666282615,26.9,21
01216144,«Հայաէրոնավիգացիա» ՓԲԸ,,OTHER,2020,96,1319848465,28,22568169,29.17,1.71,9910644335,2666282615,26.9,21
01216144,«Հայաէրոնավիգացիա» ՓԲԸ,,OTHER,2021,90,1133253772,23,97763582,25.56,8.63,9910644335,2666282615,26.9,21
01216144,«Հայաէրոնավիգացիա» ՓԲԸ,,OTHER,2022,80,768991043,9,128372005,11.25,16.69,9910644335,2666282615,26.9,21
01216144,«Հայաէրոնավիգացիա» ՓԲԸ,,OTHER,2023,83,248986059,4,7040000,4.82,2.83,9910644335,2666282615,26.9,21
01216144,«Հայաէրոնավիգացիա» ՓԲԸ,,OTHER,2024,103,1429280424,14,87835138,13.59,6.15,9910644335,2666282615,26.9,21
01216144,«Հայաէրոնավիգացիա» ՓԲԸ,,OTHER,2025,109,563158641,19,139743428,17.43,24.81,9910644335,2666282615,26.9,21
01216144,«Հայաէրոնավիգացիա» ՓԲԸ,,OTHER,2026,75,2674882424,15,1751974565,20,65.5,9910644335,2666282615,26.9,21
02506264,ՀՀ  արդարադատության նախարարություն,Ministry of justice of the Republic of Armenia,GOVERNMENTAL,2018,145,673676700,86,348978091,59.31,51.8,25197762422,4859784852,19.29,22
02506264,ՀՀ  արդարադատության նախարարություն,Ministry of justice of the Republic of Armenia,GOVERNMENTAL,2019,145,969152453,83,607897294,57.24,62.72,25197762422,4859784852,19.29,22
02506264,ՀՀ  արդարադատության նախարարություն,Ministry of justice of the Republic of Armenia,GOVERNMENTAL,2020,145,795742397,88,471090866,60.69,59.2,25197762422,4859784852,19.29,22
02506264,ՀՀ  արդարադատության նախարարություն,Ministry of justice of the Republic of Armenia,GOVERNMENTAL,2021,163,2007286034,86,511479641,52.76,25.48,25197762422,4859784852,19.29,22
02506264,ՀՀ  արդարադատության նախարարություն,Ministry of justice of the Republic of Armenia,GOVERNMENTAL,2022,248,5602663622,122,550018600,49.19,9.82,25197762422,4859784852,19.29,22
02506264,ՀՀ  արդարադատության նախարարություն,Ministry of justice of the Republic of Armenia,GOVERNMENTAL,2023,198,5015732633,110,651753248,55.56,12.99,25197762422,4859784852,19.29,22
02506264,ՀՀ  արդարադատության նախարարություն,Ministry of justice of the Republic of Armenia,GOVERNMENTAL,2024,122,3708090084,83,586466685,68.03,15.82,25197762422,4859784852,19.29,22
02506264,ՀՀ  արդարադատության նախարարություն,Ministry of justice of the Republic of Armenia,GOVERNMENTAL,2025,121,3235884621,63,554295787,52.07,17.13,25197762422,4859784852,19.29,22
02506264,ՀՀ  արդարադատության նախարարություն,Ministry of justice of the Republic of Armenia,GOVERNMENTAL,2026,69,3189533878,30,577804640,43.48,18.12,25197762422,4859784852,19.29,22
01503448,«Երևանի Մխիթար Հերացու անվան պետական բժշկական համալսարան» հիմնադրամ,,OTHER,2018,450,1740822377,45,32485272,10,1.87,25231328815,3024238717,11.99,23
01503448,«Երևանի Մխիթար Հերացու անվան պետական բժշկական համալսարան» հիմնադրամ,,OTHER,2019,727,2529840811,90,236182469,12.38,9.34,25231328815,3024238717,11.99,23
01503448,«Երևանի Մխիթար Հերացու անվան պետական բժշկական համալսարան» հիմնադրամ,,OTHER,2020,621,2680391544,121,214428009,19.48,8,25231328815,3024238717,11.99,23
01503448,«Երևանի Մխիթար Հերացու անվան պետական բժշկական համալսարան» հիմնադրամ,,OTHER,2021,720,2918466014,63,245713252,8.75,8.42,25231328815,3024238717,11.99,23
01503448,«Երևանի Մխիթար Հերացու անվան պետական բժշկական համալսարան» հիմնադրամ,,OTHER,2022,609,2336265120,89,353711565,14.61,15.14,25231328815,3024238717,11.99,23
01503448,«Երևանի Մխիթար Հերացու անվան պետական բժշկական համալսարան» հիմնադրամ,,OTHER,2023,618,4974801931,71,283031681,11.49,5.69,25231328815,3024238717,11.99,23
01503448,«Երևանի Մխիթար Հերացու անվան պետական բժշկական համալսարան» հիմնադրամ,,OTHER,2024,740,2394337142,104,485463613,14.05,20.28,25231328815,3024238717,11.99,23
01503448,«Երևանի Մխիթար Հերացու անվան պետական բժշկական համալսարան» հիմնադրամ,,OTHER,2025,689,3239749452,79,681184273,11.47,21.03,25231328815,3024238717,11.99,23
01503448,«Երևանի Մխիթար Հերացու անվան պետական բժշկական համալսարան» հիմնադրամ,,OTHER,2026,606,2416654424,87,492038583,14.36,20.36,25231328815,3024238717,11.99,23
02204739,ՀՀ արդարադատության նախարարության քրեակատարողական ծառայություն,Criminal Executive service of the Ministry of justice of the Republic of Armenia,GOVERNMENTAL,2018,183,2546946831,35,1570068791,19.13,61.65,34746668017,4316486021,12.42,24
02204739,ՀՀ արդարադատության նախարարության քրեակատարողական ծառայություն,Criminal Executive service of the Ministry of justice of the Republic of Armenia,GOVERNMENTAL,2019,157,1998490896,35,336772192,22.29,16.85,34746668017,4316486021,12.42,24
02204739,ՀՀ արդարադատության նախարարության քրեակատարողական ծառայություն,Criminal Executive service of the Ministry of justice of the Republic of Armenia,GOVERNMENTAL,2020,82,2930057786,15,49224340,18.29,1.68,34746668017,4316486021,12.42,24
02204739,ՀՀ արդարադատության նախարարության քրեակատարողական ծառայություն,Criminal Executive service of the Ministry of justice of the Republic of Armenia,GOVERNMENTAL,2021,74,3691574954,14,12531734,18.92,0.34,34746668017,4316486021,12.42,24
02204739,ՀՀ արդարադատության նախարարության քրեակատարողական ծառայություն,Criminal Executive service of the Ministry of justice of the Republic of Armenia,GOVERNMENTAL,2022,132,5894953640,31,442753707,23.48,7.51,34746668017,4316486021,12.42,24
02204739,ՀՀ արդարադատության նախարարության քրեակատարողական ծառայություն,Criminal Executive service of the Ministry of justice of the Republic of Armenia,GOVERNMENTAL,2023,148,4232815731,29,496492700,19.59,11.73,34746668017,4316486021,12.42,24
02204739,ՀՀ արդարադատության նախարարության քրեակատարողական ծառայություն,Criminal Executive service of the Ministry of justice of the Republic of Armenia,GOVERNMENTAL,2024,166,3931242056,49,501750433,29.52,12.76,34746668017,4316486021,12.42,24
02204739,ՀՀ արդարադատության նախարարության քրեակատարողական ծառայություն,Criminal Executive service of the Ministry of justice of the Republic of Armenia,GOVERNMENTAL,2025,240,5824965882,63,590604956,26.25,10.14,34746668017,4316486021,12.42,24
02204739,ՀՀ արդարադատության նախարարության քրեակատարողական ծառայություն,Criminal Executive service of the Ministry of justice of the Republic of Armenia,GOVERNMENTAL,2026,211,3695620240,53,316287168,25.12,8.56,34746668017,4316486021,12.42,24
02505983,ՀՀ էկոնոմիկայի նախարարություն,Ministry of economy of the Republic of Armenia,GOVERNMENTAL,2018,188,166027124,133,44772584,70.74,26.97,56484911940,9171082891,16.24,25
02505983,ՀՀ էկոնոմիկայի նախարարություն,Ministry of economy of the Republic of Armenia,GOVERNMENTAL,2019,236,242487984,181,132961104,76.69,54.83,56484911940,9171082891,16.24,25
02505983,ՀՀ էկոնոմիկայի նախարարություն,Ministry of economy of the Republic of Armenia,GOVERNMENTAL,2020,760,5302582822,683,5126863221,89.87,96.69,56484911940,9171082891,16.24,25
02505983,ՀՀ էկոնոմիկայի նախարարություն,Ministry of economy of the Republic of Armenia,GOVERNMENTAL,2021,505,3380240821,328,2044576173,64.95,60.49,56484911940,9171082891,16.24,25
02505983,ՀՀ էկոնոմիկայի նախարարություն,Ministry of economy of the Republic of Armenia,GOVERNMENTAL,2022,442,15222322905,221,157532120,50,1.03,56484911940,9171082891,16.24,25
02505983,ՀՀ էկոնոմիկայի նախարարություն,Ministry of economy of the Republic of Armenia,GOVERNMENTAL,2023,462,11224342393,239,345831528,51.73,3.08,56484911940,9171082891,16.24,25
02505983,ՀՀ էկոնոմիկայի նախարարություն,Ministry of economy of the Republic of Armenia,GOVERNMENTAL,2024,569,9887050315,169,804134277,29.7,8.13,56484911940,9171082891,16.24,25
02505983,ՀՀ էկոնոմիկայի նախարարություն,Ministry of economy of the Republic of Armenia,GOVERNMENTAL,2025,568,6770015401,161,381721719,28.35,5.64,56484911940,9171082891,16.24,25
02505983,ՀՀ էկոնոմիկայի նախարարություն,Ministry of economy of the Republic of Armenia,GOVERNMENTAL,2026,227,4289842175,75,132690165,33.04,3.09,56484911940,9171082891,16.24,25
02527728,ՀՀ արտաքին գործերի  նախարարություն,Ministry of foreign affairs of the Republic of Armenia,GOVERNMENTAL,2018,454,2206108705,441,2187019131,97.14,99.13,6816185817,4310827490,63.24,26
02527728,ՀՀ արտաքին գործերի  նախարարություն,Ministry of foreign affairs of the Republic of Armenia,GOVERNMENTAL,2019,493,228568880,468,129188876,94.93,56.52,6816185817,4310827490,63.24,26
02527728,ՀՀ արտաքին գործերի  նախարարություն,Ministry of foreign affairs of the Republic of Armenia,GOVERNMENTAL,2020,226,139027555,202,72954225,89.38,52.47,6816185817,4310827490,63.24,26
02527728,ՀՀ արտաքին գործերի  նախարարություն,Ministry of foreign affairs of the Republic of Armenia,GOVERNMENTAL,2021,363,206661381,337,135878106,92.84,65.75,6816185817,4310827490,63.24,26
02527728,ՀՀ արտաքին գործերի  նախարարություն,Ministry of foreign affairs of the Republic of Armenia,GOVERNMENTAL,2022,437,1014967563,396,261495579,90.62,25.76,6816185817,4310827490,63.24,26
02527728,ՀՀ արտաքին գործերի  նախարարություն,Ministry of foreign affairs of the Republic of Armenia,GOVERNMENTAL,2023,480,571233169,441,223114674,91.88,39.06,6816185817,4310827490,63.24,26
02527728,ՀՀ արտաքին գործերի  նախարարություն,Ministry of foreign affairs of the Republic of Armenia,GOVERNMENTAL,2024,418,870587272,380,502133830,90.91,57.68,6816185817,4310827490,63.24,26
02527728,ՀՀ արտաքին գործերի  նախարարություն,Ministry of foreign affairs of the Republic of Armenia,GOVERNMENTAL,2025,426,875063256,401,415011737,94.13,47.43,6816185817,4310827490,63.24,26
02527728,ՀՀ արտաքին գործերի  նախարարություն,Ministry of foreign affairs of the Republic of Armenia,GOVERNMENTAL,2026,310,703968037,295,384031332,95.16,54.55,6816185817,4310827490,63.24,26
01223338,ՀՀ արդարադատության նախարարության հարկադիր կատարումն ապահովող ծառայություն,Compulsory enforcement service of the Ministry of justice of the Republic of Armenia,GOVERNMENTAL,2018,173,1102396575,81,736066175,46.82,66.77,6372564824,3644357724,57.19,27
01223338,ՀՀ արդարադատության նախարարության հարկադիր կատարումն ապահովող ծառայություն,Compulsory enforcement service of the Ministry of justice of the Republic of Armenia,GOVERNMENTAL,2019,147,388660746,80,191722464,54.42,49.33,6372564824,3644357724,57.19,27
01223338,ՀՀ արդարադատության նախարարության հարկադիր կատարումն ապահովող ծառայություն,Compulsory enforcement service of the Ministry of justice of the Republic of Armenia,GOVERNMENTAL,2020,351,429942909,69,161506581,19.66,37.56,6372564824,3644357724,57.19,27
01223338,ՀՀ արդարադատության նախարարության հարկադիր կատարումն ապահովող ծառայություն,Compulsory enforcement service of the Ministry of justice of the Republic of Armenia,GOVERNMENTAL,2021,307,419494914,69,179205597,22.48,42.72,6372564824,3644357724,57.19,27
01223338,ՀՀ արդարադատության նախարարության հարկադիր կատարումն ապահովող ծառայություն,Compulsory enforcement service of the Ministry of justice of the Republic of Armenia,GOVERNMENTAL,2022,275,874260504,66,561966587,24,64.28,6372564824,3644357724,57.19,27
01223338,ՀՀ արդարադատության նախարարության հարկադիր կատարումն ապահովող ծառայություն,Compulsory enforcement service of the Ministry of justice of the Republic of Armenia,GOVERNMENTAL,2023,189,1104896316,46,678807326,24.34,61.44,6372564824,3644357724,57.19,27
01223338,ՀՀ արդարադատության նախարարության հարկադիր կատարումն ապահովող ծառայություն,Compulsory enforcement service of the Ministry of justice of the Republic of Armenia,GOVERNMENTAL,2024,167,943060189,35,591876958,20.96,62.76,6372564824,3644357724,57.19,27
01223338,ՀՀ արդարադատության նախարարության հարկադիր կատարումն ապահովող ծառայություն,Compulsory enforcement service of the Ministry of justice of the Republic of Armenia,GOVERNMENTAL,2025,169,731986461,16,306947706,9.47,41.93,6372564824,3644357724,57.19,27
01223338,ՀՀ արդարադատության նախարարության հարկադիր կատարումն ապահովող ծառայություն,Compulsory enforcement service of the Ministry of justice of the Republic of Armenia,GOVERNMENTAL,2026,85,377866208,30,236258330,35.29,62.52,6372564824,3644357724,57.19,27
02512868,"ՀՀ կրթության, գիտության, մշակույթի և սպորտի նախարարություն","Ministry of education, science, culture and sports of the Republic of Armenia",GOVERNMENTAL,2018,92,1139225720,62,983136620,67.39,86.3,221091125193,7499528530,3.39,28
02512868,"ՀՀ կրթության, գիտության, մշակույթի և սպորտի նախարարություն","Ministry of education, science, culture and sports of the Republic of Armenia",GOVERNMENTAL,2019,122,1852192618,68,1145282512,55.74,61.83,221091125193,7499528530,3.39,28
02512868,"ՀՀ կրթության, գիտության, մշակույթի և սպորտի նախարարություն","Ministry of education, science, culture and sports of the Republic of Armenia",GOVERNMENTAL,2020,275,2841382401,100,1118750061,36.36,39.37,221091125193,7499528530,3.39,28
02512868,"ՀՀ կրթության, գիտության, մշակույթի և սպորտի նախարարություն","Ministry of education, science, culture and sports of the Republic of Armenia",GOVERNMENTAL,2021,509,3078225836,66,1248938987,12.97,40.57,221091125193,7499528530,3.39,28
02512868,"ՀՀ կրթության, գիտության, մշակույթի և սպորտի նախարարություն","Ministry of education, science, culture and sports of the Republic of Armenia",GOVERNMENTAL,2022,924,34774347322,88,1273363359,9.52,3.66,221091125193,7499528530,3.39,28
02512868,"ՀՀ կրթության, գիտության, մշակույթի և սպորտի նախարարություն","Ministry of education, science, culture and sports of the Republic of Armenia",GOVERNMENTAL,2023,1023,39050813462,99,619118985,9.68,1.59,221091125193,7499528530,3.39,28
02512868,"ՀՀ կրթության, գիտության, մշակույթի և սպորտի նախարարություն","Ministry of education, science, culture and sports of the Republic of Armenia",GOVERNMENTAL,2024,1042,38544816553,106,373146050,10.17,0.97,221091125193,7499528530,3.39,28
02512868,"ՀՀ կրթության, գիտության, մշակույթի և սպորտի նախարարություն","Ministry of education, science, culture and sports of the Republic of Armenia",GOVERNMENTAL,2025,1281,50957093363,115,225547073,8.98,0.44,221091125193,7499528530,3.39,28
02512868,"ՀՀ կրթության, գիտության, մշակույթի և սպորտի նախարարություն","Ministry of education, science, culture and sports of the Republic of Armenia",GOVERNMENTAL,2026,813,48853027918,91,512244884,11.19,1.05,221091125193,7499528530,3.39,28
02647057,ՀՀ պետական եկամուտների կոմիտե,State Revenue Committee State Revenue Committee of the Republic of Armenia,GOVERNMENTAL,2018,244,7087479613,48,2202267869,19.67,31.07,117204914277,12630601375,10.78,29
02647057,ՀՀ պետական եկամուտների կոմիտե,State Revenue Committee State Revenue Committee of the Republic of Armenia,GOVERNMENTAL,2019,397,14781918842,82,5537047341,20.65,37.46,117204914277,12630601375,10.78,29
02647057,ՀՀ պետական եկամուտների կոմիտե,State Revenue Committee State Revenue Committee of the Republic of Armenia,GOVERNMENTAL,2020,424,14182476671,102,2198599586,24.06,15.5,117204914277,12630601375,10.78,29
02647057,ՀՀ պետական եկամուտների կոմիտե,State Revenue Committee State Revenue Committee of the Republic of Armenia,GOVERNMENTAL,2021,437,13138971525,78,229344389,17.85,1.75,117204914277,12630601375,10.78,29
02647057,ՀՀ պետական եկամուտների կոմիտե,State Revenue Committee State Revenue Committee of the Republic of Armenia,GOVERNMENTAL,2022,403,16064037068,89,63481720,22.08,0.4,117204914277,12630601375,10.78,29
02647057,ՀՀ պետական եկամուտների կոմիտե,State Revenue Committee State Revenue Committee of the Republic of Armenia,GOVERNMENTAL,2023,407,34399673249,122,1357720684,29.98,3.95,117204914277,12630601375,10.78,29
02647057,ՀՀ պետական եկամուտների կոմիտե,State Revenue Committee State Revenue Committee of the Republic of Armenia,GOVERNMENTAL,2024,354,7288097034,133,350717882,37.57,4.81,117204914277,12630601375,10.78,29
02647057,ՀՀ պետական եկամուտների կոմիտե,State Revenue Committee State Revenue Committee of the Republic of Armenia,GOVERNMENTAL,2025,349,7089835109,168,573170981,48.14,8.08,117204914277,12630601375,10.78,29
02647057,ՀՀ պետական եկամուտների կոմիտե,State Revenue Committee State Revenue Committee of the Republic of Armenia,GOVERNMENTAL,2026,251,3172425167,91,118250923,36.25,3.73,117204914277,12630601375,10.78,29
02205028,«Երևանի Ջերմաէլեկտրակենտրոն» ՓԲԸ,,OTHER,2018,33,227628848,0,0,0,0,4267978104,1407100188,32.97,30
02205028,«Երևանի Ջերմաէլեկտրակենտրոն» ՓԲԸ,,OTHER,2019,103,268390475,8,30614160,7.77,11.41,4267978104,1407100188,32.97,30
02205028,«Երևանի Ջերմաէլեկտրակենտրոն» ՓԲԸ,,OTHER,2020,100,262347869,0,0,0,0,4267978104,1407100188,32.97,30
02205028,«Երևանի Ջերմաէլեկտրակենտրոն» ՓԲԸ,,OTHER,2021,90,370932755,0,0,0,0,4267978104,1407100188,32.97,30
02205028,«Երևանի Ջերմաէլեկտրակենտրոն» ՓԲԸ,,OTHER,2022,67,401757709,0,0,0,0,4267978104,1407100188,32.97,30
02205028,«Երևանի Ջերմաէլեկտրակենտրոն» ՓԲԸ,,OTHER,2023,83,629670919,2,354040750,2.41,56.23,4267978104,1407100188,32.97,30
02205028,«Երևանի Ջերմաէլեկտրակենտրոն» ՓԲԸ,,OTHER,2024,135,995851234,44,398588630,32.59,40.02,4267978104,1407100188,32.97,30
02205028,«Երևանի Ջերմաէլեկտրակենտրոն» ՓԲԸ,,OTHER,2025,128,573676911,64,305677610,50,53.28,4267978104,1407100188,32.97,30
02205028,«Երևանի Ջերմաէլեկտրակենտրոն» ՓԲԸ,,OTHER,2026,128,537721386,67,318179038,52.34,59.17,4267978104,1407100188,32.97,30
02507464,«Հայփոստ» ՓԲԸ,«Haypost» CJSC,OTHER,2018,2,1173334,2,1173334,100,100,2465274860,1008255192,40.9,31
02507464,«Հայփոստ» ՓԲԸ,«Haypost» CJSC,OTHER,2019,2,1466668,2,1466668,100,100,2465274860,1008255192,40.9,31
02507464,«Հայփոստ» ՓԲԸ,«Haypost» CJSC,OTHER,2020,4,12053334,4,12053334,100,100,2465274860,1008255192,40.9,31
02507464,«Հայփոստ» ՓԲԸ,«Haypost» CJSC,OTHER,2021,8,8266667,8,8266667,100,100,2465274860,1008255192,40.9,31
02507464,«Հայփոստ» ՓԲԸ,«Haypost» CJSC,OTHER,2022,12,81026665,12,81026665,100,100,2465274860,1008255192,40.9,31
02507464,«Հայփոստ» ՓԲԸ,«Haypost» CJSC,OTHER,2023,2,3306027,2,3306027,100,100,2465274860,1008255192,40.9,31
02507464,«Հայփոստ» ՓԲԸ,«Haypost» CJSC,OTHER,2024,297,1161651978,144,666850803,48.48,57.41,2465274860,1008255192,40.9,31
02507464,«Հայփոստ» ՓԲԸ,«Haypost» CJSC,OTHER,2025,355,817462736,166,121575210,46.76,14.87,2465274860,1008255192,40.9,31
02507464,«Հայփոստ» ՓԲԸ,«Haypost» CJSC,OTHER,2026,143,378867451,84,112536484,58.74,29.7,2465274860,1008255192,40.9,31
00008519,ՀՀ Ազգային ժողովի աշխատակազմ,Staff of the National Assembly of the Republic of Armenia,GOVERNMENTAL,2018,190,703119019,83,185436220,43.68,26.37,5452419722,2319520309,42.54,32
00008519,ՀՀ Ազգային ժողովի աշխատակազմ,Staff of the National Assembly of the Republic of Armenia,GOVERNMENTAL,2019,219,1114087011,103,635926472,47.03,57.08,5452419722,2319520309,42.54,32
00008519,ՀՀ Ազգային ժողովի աշխատակազմ,Staff of the National Assembly of the Republic of Armenia,GOVERNMENTAL,2020,134,654447481,39,84258800,29.1,12.87,5452419722,2319520309,42.54,32
00008519,ՀՀ Ազգային ժողովի աշխատակազմ,Staff of the National Assembly of the Republic of Armenia,GOVERNMENTAL,2021,122,373329011,32,150561350,26.23,40.33,5452419722,2319520309,42.54,32
00008519,ՀՀ Ազգային ժողովի աշխատակազմ,Staff of the National Assembly of the Republic of Armenia,GOVERNMENTAL,2022,106,344410886,55,173807461,51.89,50.47,5452419722,2319520309,42.54,32
00008519,ՀՀ Ազգային ժողովի աշխատակազմ,Staff of the National Assembly of the Republic of Armenia,GOVERNMENTAL,2023,196,638651863,71,258460930,36.22,40.47,5452419722,2319520309,42.54,32
00008519,ՀՀ Ազգային ժողովի աշխատակազմ,Staff of the National Assembly of the Republic of Armenia,GOVERNMENTAL,2024,119,723853862,48,466684464,40.34,64.47,5452419722,2319520309,42.54,32
00008519,ՀՀ Ազգային ժողովի աշխատակազմ,Staff of the National Assembly of the Republic of Armenia,GOVERNMENTAL,2025,111,615563049,54,288987595,48.65,46.95,5452419722,2319520309,42.54,32
00008519,ՀՀ Ազգային ժողովի աշխատակազմ,Staff of the National Assembly of the Republic of Armenia,GOVERNMENTAL,2026,73,284957540,24,75397016,32.88,26.46,5452419722,2319520309,42.54,32
02545976,ՀՀ արտաքին գործերի նախարարության պետական արարողակարգի ծառայություն,State Protocol service of the Ministry of foreign Affairs of the Republic of Armenia,GOVERNMENTAL,2018,214,46482793,212,44521143,99.07,95.78,1864266223,1844970769,98.96,33
02545976,ՀՀ արտաքին գործերի նախարարության պետական արարողակարգի ծառայություն,State Protocol service of the Ministry of foreign Affairs of the Republic of Armenia,GOVERNMENTAL,2019,219,247270485,213,243349025,97.26,98.41,1864266223,1844970769,98.96,33
02545976,ՀՀ արտաքին գործերի նախարարության պետական արարողակարգի ծառայություն,State Protocol service of the Ministry of foreign Affairs of the Republic of Armenia,GOVERNMENTAL,2020,96,58439528,92,56476294,95.83,96.64,1864266223,1844970769,98.96,33
02545976,ՀՀ արտաքին գործերի նախարարության պետական արարողակարգի ծառայություն,State Protocol service of the Ministry of foreign Affairs of the Republic of Armenia,GOVERNMENTAL,2021,250,163417956,246,159978367,98.4,97.9,1864266223,1844970769,98.96,33
02545976,ՀՀ արտաքին գործերի նախարարության պետական արարողակարգի ծառայություն,State Protocol service of the Ministry of foreign Affairs of the Republic of Armenia,GOVERNMENTAL,2022,263,306707096,262,305751096,99.62,99.69,1864266223,1844970769,98.96,33
02545976,ՀՀ արտաքին գործերի նախարարության պետական արարողակարգի ծառայություն,State Protocol service of the Ministry of foreign Affairs of the Republic of Armenia,GOVERNMENTAL,2023,345,213305939,344,212103509,99.71,99.44,1864266223,1844970769,98.96,33
02545976,ՀՀ արտաքին գործերի նախարարության պետական արարողակարգի ծառայություն,State Protocol service of the Ministry of foreign Affairs of the Republic of Armenia,GOVERNMENTAL,2024,275,462776997,269,456925905,97.82,98.74,1864266223,1844970769,98.96,33
02545976,ՀՀ արտաքին գործերի նախարարության պետական արարողակարգի ծառայություն,State Protocol service of the Ministry of foreign Affairs of the Republic of Armenia,GOVERNMENTAL,2025,296,94620568,296,94620568,100,100,1864266223,1844970769,98.96,33
02545976,ՀՀ արտաքին գործերի նախարարության պետական արարողակարգի ծառայություն,State Protocol service of the Ministry of foreign Affairs of the Republic of Armenia,GOVERNMENTAL,2026,164,271244861,164,271244861,100,100,1864266223,1844970769,98.96,33
02631263,ՀՀ քննչական կոմիտե,Investigative Committee of the Republic of Armenia,GOVERNMENTAL,2018,302,1204033299,86,617763750,28.48,51.31,15373428777,3265552133,21.24,34
02631263,ՀՀ քննչական կոմիտե,Investigative Committee of the Republic of Armenia,GOVERNMENTAL,2019,482,1040972139,115,98479181,23.86,9.46,15373428777,3265552133,21.24,34
02631263,ՀՀ քննչական կոմիտե,Investigative Committee of the Republic of Armenia,GOVERNMENTAL,2020,720,620876287,122,83874586,16.94,13.51,15373428777,3265552133,21.24,34
02631263,ՀՀ քննչական կոմիտե,Investigative Committee of the Republic of Armenia,GOVERNMENTAL,2021,1157,629246430,102,75891049,8.82,12.06,15373428777,3265552133,21.24,34
02631263,ՀՀ քննչական կոմիտե,Investigative Committee of the Republic of Armenia,GOVERNMENTAL,2022,1638,1002468078,71,95605633,4.33,9.54,15373428777,3265552133,21.24,34
02631263,ՀՀ քննչական կոմիտե,Investigative Committee of the Republic of Armenia,GOVERNMENTAL,2023,3010,2667898118,100,1552086261,3.32,58.18,15373428777,3265552133,21.24,34
02631263,ՀՀ քննչական կոմիտե,Investigative Committee of the Republic of Armenia,GOVERNMENTAL,2024,4792,2375163051,134,438928684,2.8,18.48,15373428777,3265552133,21.24,34
02631263,ՀՀ քննչական կոմիտե,Investigative Committee of the Republic of Armenia,GOVERNMENTAL,2025,5666,3345734898,116,173614742,2.05,5.19,15373428777,3265552133,21.24,34
02631263,ՀՀ քննչական կոմիտե,Investigative Committee of the Republic of Armenia,GOVERNMENTAL,2026,3480,2487036477,76,129308247,2.18,5.2,15373428777,3265552133,21.24,34
02534328,ՀՀ կադաստրի կոմիտե,Committee of cadastre of the Republic of Armenia,GOVERNMENTAL,2018,144,1550053267,62,341704858,43.06,22.04,7805220214,1812461350,23.22,35
02534328,ՀՀ կադաստրի կոմիտե,Committee of cadastre of the Republic of Armenia,GOVERNMENTAL,2019,199,744512623,78,84166280,39.2,11.3,7805220214,1812461350,23.22,35
02534328,ՀՀ կադաստրի կոմիտե,Committee of cadastre of the Republic of Armenia,GOVERNMENTAL,2020,253,927626495,146,134040836,57.71,14.45,7805220214,1812461350,23.22,35
02534328,ՀՀ կադաստրի կոմիտե,Committee of cadastre of the Republic of Armenia,GOVERNMENTAL,2021,158,729325429,75,136742553,47.47,18.75,7805220214,1812461350,23.22,35
02534328,ՀՀ կադաստրի կոմիտե,Committee of cadastre of the Republic of Armenia,GOVERNMENTAL,2022,207,996749389,107,184376940,51.69,18.5,7805220214,1812461350,23.22,35
02534328,ՀՀ կադաստրի կոմիտե,Committee of cadastre of the Republic of Armenia,GOVERNMENTAL,2023,113,815476004,49,225645512,43.36,27.67,7805220214,1812461350,23.22,35
02534328,ՀՀ կադաստրի կոմիտե,Committee of cadastre of the Republic of Armenia,GOVERNMENTAL,2024,159,1192408412,64,277180258,40.25,23.25,7805220214,1812461350,23.22,35
02534328,ՀՀ կադաստրի կոմիտե,Committee of cadastre of the Republic of Armenia,GOVERNMENTAL,2025,110,400992377,68,254964907,61.82,63.58,7805220214,1812461350,23.22,35
02534328,ՀՀ կադաստրի կոմիտե,Committee of cadastre of the Republic of Armenia,GOVERNMENTAL,2026,81,448076216,50,173639206,61.73,38.75,7805220214,1812461350,23.22,35
05005705,Աշտարակի համայնքապետարան,Ashtarak community municipality,URBAN,2018,57,104630305,36,11396430,63.16,10.89,24930240160,700427456,2.81,36
05005705,Աշտարակի համայնքապետարան,Ashtarak community municipality,URBAN,2019,49,155875391,33,9913191,67.35,6.36,24930240160,700427456,2.81,36
05005705,Աշտարակի համայնքապետարան,Ashtarak community municipality,URBAN,2020,60,659004043,36,25403094,60,3.85,24930240160,700427456,2.81,36
05005705,Աշտարակի համայնքապետարան,Ashtarak community municipality,URBAN,2021,22,438206640,7,1529000,31.82,0.35,24930240160,700427456,2.81,36
05005705,Աշտարակի համայնքապետարան,Ashtarak community municipality,URBAN,2022,83,1067713111,31,17784248,37.35,1.67,24930240160,700427456,2.81,36
05005705,Աշտարակի համայնքապետարան,Ashtarak community municipality,URBAN,2023,90,4128065647,21,14690095,23.33,0.36,24930240160,700427456,2.81,36
05005705,Աշտարակի համայնքապետարան,Ashtarak community municipality,URBAN,2024,88,4555637274,20,10508440,22.73,0.23,24930240160,700427456,2.81,36
05005705,Աշտարակի համայնքապետարան,Ashtarak community municipality,URBAN,2025,101,5294600358,12,608042958,11.88,11.48,24930240160,700427456,2.81,36
05005705,Աշտարակի համայնքապետարան,Ashtarak community municipality,URBAN,2026,87,8526507391,2,1160000,2.3,0.01,24930240160,700427456,2.81,36
02505511,Միասնական սոցիալական ծառայություն,UNIFIED SOCIAL SERVICE,GOVERNMENTAL,2018,134,3099462950,86,2983976942,64.18,96.27,8745507111,4326990946,49.48,37
02505511,Միասնական սոցիալական ծառայություն,UNIFIED SOCIAL SERVICE,GOVERNMENTAL,2019,102,444966411,29,77376116,28.43,17.39,8745507111,4326990946,49.48,37
02505511,Միասնական սոցիալական ծառայություն,UNIFIED SOCIAL SERVICE,GOVERNMENTAL,2020,92,257213661,51,122886965,55.43,47.78,8745507111,4326990946,49.48,37
02505511,Միասնական սոցիալական ծառայություն,UNIFIED SOCIAL SERVICE,GOVERNMENTAL,2021,687,648103998,91,331971361,13.25,51.22,8745507111,4326990946,49.48,37
02505511,Միասնական սոցիալական ծառայություն,UNIFIED SOCIAL SERVICE,GOVERNMENTAL,2022,666,409164724,66,81297806,9.91,19.87,8745507111,4326990946,49.48,37
02505511,Միասնական սոցիալական ծառայություն,UNIFIED SOCIAL SERVICE,GOVERNMENTAL,2023,793,674932781,90,150960961,11.35,22.37,8745507111,4326990946,49.48,37
02505511,Միասնական սոցիալական ծառայություն,UNIFIED SOCIAL SERVICE,GOVERNMENTAL,2024,2985,1672680711,124,231985550,4.15,13.87,8745507111,4326990946,49.48,37
02505511,Միասնական սոցիալական ծառայություն,UNIFIED SOCIAL SERVICE,GOVERNMENTAL,2025,1738,921886402,114,94839353,6.56,10.29,8745507111,4326990946,49.48,37
02505511,Միասնական սոցիալական ծառայություն,UNIFIED SOCIAL SERVICE,GOVERNMENTAL,2026,528,617095473,61,251695892,11.55,40.79,8745507111,4326990946,49.48,37
01541435,«Հայաստանի հանրային ռադիոընկերություն» ՓԲԸ,,OTHER,2018,47,73559856,2,721500,4.26,0.98,1408683518,1066896052,75.74,38
01541435,«Հայաստանի հանրային ռադիոընկերություն» ՓԲԸ,,OTHER,2019,39,14304035,6,1142680,15.38,7.99,1408683518,1066896052,75.74,38
01541435,«Հայաստանի հանրային ռադիոընկերություն» ՓԲԸ,,OTHER,2020,78,125247591,65,100191838,83.33,80,1408683518,1066896052,75.74,38
01541435,«Հայաստանի հանրային ռադիոընկերություն» ՓԲԸ,,OTHER,2021,55,137718953,25,92223345,45.45,66.96,1408683518,1066896052,75.74,38
01541435,«Հայաստանի հանրային ռադիոընկերություն» ՓԲԸ,,OTHER,2022,129,190456005,89,121480004,68.99,63.78,1408683518,1066896052,75.74,38
01541435,«Հայաստանի հանրային ռադիոընկերություն» ՓԲԸ,,OTHER,2023,343,234711124,312,209439067,90.96,89.23,1408683518,1066896052,75.74,38
01541435,«Հայաստանի հանրային ռադիոընկերություն» ՓԲԸ,,OTHER,2024,360,216434220,327,197805775,90.83,91.39,1408683518,1066896052,75.74,38
01541435,«Հայաստանի հանրային ռադիոընկերություն» ՓԲԸ,,OTHER,2025,348,228545081,314,198354478,90.23,86.79,1408683518,1066896052,75.74,38
01541435,«Հայաստանի հանրային ռադիոընկերություն» ՓԲԸ,,OTHER,2026,267,187706653,259,145537365,97,77.53,1408683518,1066896052,75.74,38
02505554,ՀՀ վարչապետի աշխատակազմ,Office of the Prime Minister of the Republic of Armenia,GOVERNMENTAL,2018,171,2087290026,109,1363204086,63.74,65.31,37796461762,7737784146,20.47,39
02505554,ՀՀ վարչապետի աշխատակազմ,Office of the Prime Minister of the Republic of Armenia,GOVERNMENTAL,2019,627,3273334522,385,1326234111,61.4,40.52,37796461762,7737784146,20.47,39
02505554,ՀՀ վարչապետի աշխատակազմ,Office of the Prime Minister of the Republic of Armenia,GOVERNMENTAL,2020,533,3778437397,279,2540426986,52.35,67.23,37796461762,7737784146,20.47,39
02505554,ՀՀ վարչապետի աշխատակազմ,Office of the Prime Minister of the Republic of Armenia,GOVERNMENTAL,2021,549,2391957685,236,970282318,42.99,40.56,37796461762,7737784146,20.47,39
02505554,ՀՀ վարչապետի աշխատակազմ,Office of the Prime Minister of the Republic of Armenia,GOVERNMENTAL,2022,780,5594578666,273,722339072,35,12.91,37796461762,7737784146,20.47,39
02505554,ՀՀ վարչապետի աշխատակազմ,Office of the Prime Minister of the Republic of Armenia,GOVERNMENTAL,2023,444,4071693632,224,280678972,50.45,6.89,37796461762,7737784146,20.47,39
02505554,ՀՀ վարչապետի աշխատակազմ,Office of the Prime Minister of the Republic of Armenia,GOVERNMENTAL,2024,657,5325401539,233,177569982,35.46,3.33,37796461762,7737784146,20.47,39
02505554,ՀՀ վարչապետի աշխատակազմ,Office of the Prime Minister of the Republic of Armenia,GOVERNMENTAL,2025,711,5720601902,254,236898113,35.72,4.14,37796461762,7737784146,20.47,39
02505554,ՀՀ վարչապետի աշխատակազմ,Office of the Prime Minister of the Republic of Armenia,GOVERNMENTAL,2026,479,5553166392,181,120150505,37.79,2.16,37796461762,7737784146,20.47,39
06969135,ՀՀ Լոռու մարզպետի աշխատակազմ,Staff of Lori marzpet of the Republic of Armenia,GOVERNMENTAL,2018,42,30397674,27,4719080,64.29,15.52,6463507849,882331609,13.65,40
06969135,ՀՀ Լոռու մարզպետի աշխատակազմ,Staff of Lori marzpet of the Republic of Armenia,GOVERNMENTAL,2019,63,57515154,47,16988980,74.6,29.54,6463507849,882331609,13.65,40
06969135,ՀՀ Լոռու մարզպետի աշխատակազմ,Staff of Lori marzpet of the Republic of Armenia,GOVERNMENTAL,2020,69,76829668,60,53620864,86.96,69.79,6463507849,882331609,13.65,40
06969135,ՀՀ Լոռու մարզպետի աշխատակազմ,Staff of Lori marzpet of the Republic of Armenia,GOVERNMENTAL,2021,273,1543706090,48,11457490,17.58,0.74,6463507849,882331609,13.65,40
06969135,ՀՀ Լոռու մարզպետի աշխատակազմ,Staff of Lori marzpet of the Republic of Armenia,GOVERNMENTAL,2022,196,244202610,38,12662010,19.39,5.19,6463507849,882331609,13.65,40
06969135,ՀՀ Լոռու մարզպետի աշխատակազմ,Staff of Lori marzpet of the Republic of Armenia,GOVERNMENTAL,2023,343,475057858,171,293133958,49.85,61.7,6463507849,882331609,13.65,40
06969135,ՀՀ Լոռու մարզպետի աշխատակազմ,Staff of Lori marzpet of the Republic of Armenia,GOVERNMENTAL,2024,325,1016715622,106,433357152,32.62,42.62,6463507849,882331609,13.65,40
06969135,ՀՀ Լոռու մարզպետի աշխատակազմ,Staff of Lori marzpet of the Republic of Armenia,GOVERNMENTAL,2025,136,2077014404,73,38473935,53.68,1.85,6463507849,882331609,13.65,40
06969135,ՀՀ Լոռու մարզպետի աշխատակազմ,Staff of Lori marzpet of the Republic of Armenia,GOVERNMENTAL,2026,63,942068770,44,17918140,69.84,1.9,6463507849,882331609,13.65,40
03801428,Մասիսի համայնքապետարան,Masis community municipality,URBAN,2018,48,118308365,38,21089150,79.17,17.83,13129963938,926371282,7.06,41
03801428,Մասիսի համայնքապետարան,Masis community municipality,URBAN,2019,8,25766900,5,4016900,62.5,15.59,13129963938,926371282,7.06,41
03801428,Մասիսի համայնքապետարան,Masis community municipality,URBAN,2020,6,1712499,1,899999,16.67,52.55,13129963938,926371282,7.06,41
03801428,Մասիսի համայնքապետարան,Masis community municipality,URBAN,2022,162,364063502,89,57837041,54.94,15.89,13129963938,926371282,7.06,41
03801428,Մասիսի համայնքապետարան,Masis community municipality,URBAN,2023,286,5865356594,53,483179846,18.53,8.24,13129963938,926371282,7.06,41
03801428,Մասիսի համայնքապետարան,Masis community municipality,URBAN,2024,279,1398954824,123,108808476,44.09,7.78,13129963938,926371282,7.06,41
03801428,Մասիսի համայնքապետարան,Masis community municipality,URBAN,2025,366,4162438028,100,234692453,27.32,5.64,13129963938,926371282,7.06,41
03801428,Մասիսի համայնքապետարան,Masis community municipality,URBAN,2026,177,1193363226,25,15847417,14.12,1.33,13129963938,926371282,7.06,41
02506634,ՀՀ դատախազություն,Prosecutors office Of The Republic of Armenia,GOVERNMENTAL,2018,147,1283827251,77,614866460,52.38,47.89,10267461785,2122460425,20.67,42
02506634,ՀՀ դատախազություն,Prosecutors office Of The Republic of Armenia,GOVERNMENTAL,2019,176,703258929,71,50678765,40.34,7.21,10267461785,2122460425,20.67,42
02506634,ՀՀ դատախազություն,Prosecutors office Of The Republic of Armenia,GOVERNMENTAL,2020,166,705539250,93,110062495,56.02,15.6,10267461785,2122460425,20.67,42
02506634,ՀՀ դատախազություն,Prosecutors office Of The Republic of Armenia,GOVERNMENTAL,2021,185,579567297,89,66602076,48.11,11.49,10267461785,2122460425,20.67,42
02506634,ՀՀ դատախազություն,Prosecutors office Of The Republic of Armenia,GOVERNMENTAL,2022,252,1133304042,141,101297005,55.95,8.94,10267461785,2122460425,20.67,42
02506634,ՀՀ դատախազություն,Prosecutors office Of The Republic of Armenia,GOVERNMENTAL,2023,267,1929335592,179,821076224,67.04,42.56,10267461785,2122460425,20.67,42
02506634,ՀՀ դատախազություն,Prosecutors office Of The Republic of Armenia,GOVERNMENTAL,2024,288,1410046966,181,136125452,62.85,9.65,10267461785,2122460425,20.67,42
02506634,ՀՀ դատախազություն,Prosecutors office Of The Republic of Armenia,GOVERNMENTAL,2025,293,1220904452,183,117781913,62.46,9.65,10267461785,2122460425,20.67,42
02506634,ՀՀ դատախազություն,Prosecutors office Of The Republic of Armenia,GOVERNMENTAL,2026,156,1301678005,96,103970035,61.54,7.99,10267461785,2122460425,20.67,42
07628257,ՀՀ Տավուշի մարզպետի աշխատակազմ,Staff of Tavush Marzpet of the Republic of Armenia,GOVERNMENTAL,2018,37,10105874,15,3801200,40.54,37.61,7222908104,1330403785,18.42,43
07628257,ՀՀ Տավուշի մարզպետի աշխատակազմ,Staff of Tavush Marzpet of the Republic of Armenia,GOVERNMENTAL,2019,50,27768650,21,5667815,42,20.41,7222908104,1330403785,18.42,43
07628257,ՀՀ Տավուշի մարզպետի աշխատակազմ,Staff of Tavush Marzpet of the Republic of Armenia,GOVERNMENTAL,2020,65,497782757,61,485380757,93.85,97.51,7222908104,1330403785,18.42,43
07628257,ՀՀ Տավուշի մարզպետի աշխատակազմ,Staff of Tavush Marzpet of the Republic of Armenia,GOVERNMENTAL,2021,106,403489299,37,242260266,34.91,60.04,7222908104,1330403785,18.42,43
07628257,ՀՀ Տավուշի մարզպետի աշխատակազմ,Staff of Tavush Marzpet of the Republic of Armenia,GOVERNMENTAL,2022,144,474772623,40,36235661,27.78,7.63,7222908104,1330403785,18.42,43
07628257,ՀՀ Տավուշի մարզպետի աշխատակազմ,Staff of Tavush Marzpet of the Republic of Armenia,GOVERNMENTAL,2023,296,785551694,202,263447691,68.24,33.54,7222908104,1330403785,18.42,43
07628257,ՀՀ Տավուշի մարզպետի աշխատակազմ,Staff of Tavush Marzpet of the Republic of Armenia,GOVERNMENTAL,2024,162,940638931,50,189078354,30.86,20.1,7222908104,1330403785,18.42,43
07628257,ՀՀ Տավուշի մարզպետի աշխատակազմ,Staff of Tavush Marzpet of the Republic of Armenia,GOVERNMENTAL,2025,105,2604997408,42,74134287,40,2.85,7222908104,1330403785,18.42,43
07628257,ՀՀ Տավուշի մարզպետի աշխատակազմ,Staff of Tavush Marzpet of the Republic of Armenia,GOVERNMENTAL,2026,77,1477800867,37,30397754,48.05,2.06,7222908104,1330403785,18.42,43
01503576,«Մատենադարան» Մեսրոպ Մաշտոցի անվան հին ձեռագրերի գիտահետազոտական ինստիտուտ» հիմնադրամ,,OTHER,2018,6,4637410,1,696000,16.67,15.01,552004466,263424890,47.72,44
01503576,«Մատենադարան» Մեսրոպ Մաշտոցի անվան հին ձեռագրերի գիտահետազոտական ինստիտուտ» հիմնադրամ,,OTHER,2019,13,78979027,0,0,0,0,552004466,263424890,47.72,44
01503576,«Մատենադարան» Մեսրոպ Մաշտոցի անվան հին ձեռագրերի գիտահետազոտական ինստիտուտ» հիմնադրամ,,OTHER,2021,6,3745480,0,0,0,0,552004466,263424890,47.72,44
01503576,«Մատենադարան» Մեսրոպ Մաշտոցի անվան հին ձեռագրերի գիտահետազոտական ինստիտուտ» հիմնադրամ,,OTHER,2022,12,30361828,0,0,0,0,552004466,263424890,47.72,44
01503576,«Մատենադարան» Մեսրոպ Մաշտոցի անվան հին ձեռագրերի գիտահետազոտական ինստիտուտ» հիմնադրամ,,OTHER,2023,14,58375540,0,0,0,0,552004466,263424890,47.72,44
01503576,«Մատենադարան» Մեսրոպ Մաշտոցի անվան հին ձեռագրերի գիտահետազոտական ինստիտուտ» հիմնադրամ,,OTHER,2024,305,92818759,290,66204355,95.08,71.33,552004466,263424890,47.72,44
01503576,«Մատենադարան» Մեսրոպ Մաշտոցի անվան հին ձեռագրերի գիտահետազոտական ինստիտուտ» հիմնադրամ,,OTHER,2025,415,168531484,396,100774733,95.42,59.8,552004466,263424890,47.72,44
01503576,«Մատենադարան» Մեսրոպ Մաշտոցի անվան հին ձեռագրերի գիտահետազոտական ինստիտուտ» հիմնադրամ,,OTHER,2026,259,114554938,251,95749802,96.91,83.58,552004466,263424890,47.72,44
00476409,Էկոպարեկային ծառայություն,Ecopatrol service,GOVERNMENTAL,2018,20,29199964,0,0,0,0,10000633220,1636246482,16.36,45
00476409,Էկոպարեկային ծառայություն,Ecopatrol service,GOVERNMENTAL,2019,27,35875737,11,1916570,40.74,5.34,10000633220,1636246482,16.36,45
00476409,Էկոպարեկային ծառայություն,Ecopatrol service,GOVERNMENTAL,2020,40,138362622,31,2911830,77.5,2.1,10000633220,1636246482,16.36,45
00476409,Էկոպարեկային ծառայություն,Ecopatrol service,GOVERNMENTAL,2021,24,108911209,21,60119405,87.5,55.2,10000633220,1636246482,16.36,45
00476409,Էկոպարեկային ծառայություն,Ecopatrol service,GOVERNMENTAL,2022,144,2004834815,132,477298075,91.67,23.81,10000633220,1636246482,16.36,45
00476409,Էկոպարեկային ծառայություն,Ecopatrol service,GOVERNMENTAL,2023,160,2686682963,145,838760987,90.63,31.22,10000633220,1636246482,16.36,45
00476409,Էկոպարեկային ծառայություն,Ecopatrol service,GOVERNMENTAL,2024,195,2139673110,168,30436473,86.15,1.42,10000633220,1636246482,16.36,45
00476409,Էկոպարեկային ծառայություն,Ecopatrol service,GOVERNMENTAL,2025,352,1649050122,224,153886887,63.64,9.33,10000633220,1636246482,16.36,45
00476409,Էկոպարեկային ծառայություն,Ecopatrol service,GOVERNMENTAL,2026,139,1208042677,111,70916255,79.86,5.87,10000633220,1636246482,16.36,45
04463138,Վաղարշապատի համայնքապետարան,Municipality of Vagharshapat,URBAN,2018,3,5034424,0,0,0,0,4747578053,251713653,5.3,46
04463138,Վաղարշապատի համայնքապետարան,Municipality of Vagharshapat,URBAN,2019,5,7357490,0,0,0,0,4747578053,251713653,5.3,46
04463138,Վաղարշապատի համայնքապետարան,Municipality of Vagharshapat,URBAN,2020,24,13616693,0,0,0,0,4747578053,251713653,5.3,46
04463138,Վաղարշապատի համայնքապետարան,Municipality of Vagharshapat,URBAN,2021,11,7072438,1,826000,9.09,11.68,4747578053,251713653,5.3,46
04463138,Վաղարշապատի համայնքապետարան,Municipality of Vagharshapat,URBAN,2022,16,287395383,1,242337,6.25,0.08,4747578053,251713653,5.3,46
04463138,Վաղարշապատի համայնքապետարան,Municipality of Vagharshapat,URBAN,2023,20,1487960697,2,4763208,10,0.32,4747578053,251713653,5.3,46
04463138,Վաղարշապատի համայնքապետարան,Municipality of Vagharshapat,URBAN,2024,42,763058267,6,36463944,14.29,4.78,4747578053,251713653,5.3,46
04463138,Վաղարշապատի համայնքապետարան,Municipality of Vagharshapat,URBAN,2025,247,1367600803,225,131333397,91.09,9.6,4747578053,251713653,5.3,46
04463138,Վաղարշապատի համայնքապետարան,Municipality of Vagharshapat,URBAN,2026,219,808481859,155,78084767,70.78,9.66,4747578053,251713653,5.3,46
00243582,Հայաստանի Հանրապետության հակակոռուպցիոն կոմիտե,Anticorruption committee the Republic of Armenia,GOVERNMENTAL,2021,30,53229253,24,41643919,80,78.24,1780742900,382298085,21.47,47
00243582,Հայաստանի Հանրապետության հակակոռուպցիոն կոմիտե,Anticorruption committee the Republic of Armenia,GOVERNMENTAL,2022,195,431418616,97,55037250,49.74,12.76,1780742900,382298085,21.47,47
00243582,Հայաստանի Հանրապետության հակակոռուպցիոն կոմիտե,Anticorruption committee the Republic of Armenia,GOVERNMENTAL,2023,147,399883119,96,60901561,65.31,15.23,1780742900,382298085,21.47,47
00243582,Հայաստանի Հանրապետության հակակոռուպցիոն կոմիտե,Anticorruption committee the Republic of Armenia,GOVERNMENTAL,2024,184,293926290,93,64835593,50.54,22.06,1780742900,382298085,21.47,47
00243582,Հայաստանի Հանրապետության հակակոռուպցիոն կոմիտե,Anticorruption committee the Republic of Armenia,GOVERNMENTAL,2025,240,289529951,141,76080498,58.75,26.28,1780742900,382298085,21.47,47
00243582,Հայաստանի Հանրապետության հակակոռուպցիոն կոմիտե,Anticorruption committee the Republic of Armenia,GOVERNMENTAL,2026,215,312755671,123,83799265,57.21,26.79,1780742900,382298085,21.47,47
01522459,«Բարձրավոլտ Էլեկտրացանցեր» ՓԲԸ,,OTHER,2018,48,332702738,2,46956000,4.17,14.11,4478104425,270596816,6.04,48
01522459,«Բարձրավոլտ Էլեկտրացանցեր» ՓԲԸ,,OTHER,2019,83,242991687,5,2113000,6.02,0.87,4478104425,270596816,6.04,48
01522459,«Բարձրավոլտ Էլեկտրացանցեր» ՓԲԸ,,OTHER,2020,97,213102693,0,0,0,0,4478104425,270596816,6.04,48
01522459,«Բարձրավոլտ Էլեկտրացանցեր» ՓԲԸ,,OTHER,2021,101,805990006,0,0,0,0,4478104425,270596816,6.04,48
01522459,«Բարձրավոլտ Էլեկտրացանցեր» ՓԲԸ,,OTHER,2022,120,285918324,0,0,0,0,4478104425,270596816,6.04,48
01522459,«Բարձրավոլտ Էլեկտրացանցեր» ՓԲԸ,,OTHER,2023,138,286312002,0,0,0,0,4478104425,270596816,6.04,48
01522459,«Բարձրավոլտ Էլեկտրացանցեր» ՓԲԸ,,OTHER,2024,83,477971161,3,215500377,3.61,45.09,4478104425,270596816,6.04,48
01522459,«Բարձրավոլտ Էլեկտրացանցեր» ՓԲԸ,,OTHER,2025,84,1714441363,0,0,0,0,4478104425,270596816,6.04,48
01522459,«Բարձրավոլտ Էլեկտրացանցեր» ՓԲԸ,,OTHER,2026,64,118674451,13,6027439,20.31,5.08,4478104425,270596816,6.04,48
02705793,ՀՀ  միջուկային անվտանգության կարգավորման  կոմիտե,Committee for regulation of nuclear safety of the Republic of Armenia,GOVERNMENTAL,2018,25,74055625,22,70412335,88,95.08,683864729,642878078,94.01,49
02705793,ՀՀ  միջուկային անվտանգության կարգավորման  կոմիտե,Committee for regulation of nuclear safety of the Republic of Armenia,GOVERNMENTAL,2019,31,80567634,28,71324417,90.32,88.53,683864729,642878078,94.01,49
02705793,ՀՀ  միջուկային անվտանգության կարգավորման  կոմիտե,Committee for regulation of nuclear safety of the Republic of Armenia,GOVERNMENTAL,2020,29,74066041,25,70776441,86.21,95.56,683864729,642878078,94.01,49
02705793,ՀՀ  միջուկային անվտանգության կարգավորման  կոմիտե,Committee for regulation of nuclear safety of the Republic of Armenia,GOVERNMENTAL,2021,30,83848014,25,71302064,83.33,85.04,683864729,642878078,94.01,49
02705793,ՀՀ  միջուկային անվտանգության կարգավորման  կոմիտե,Committee for regulation of nuclear safety of the Republic of Armenia,GOVERNMENTAL,2022,29,74757063,27,70548106,93.1,94.37,683864729,642878078,94.01,49
02705793,ՀՀ  միջուկային անվտանգության կարգավորման  կոմիտե,Committee for regulation of nuclear safety of the Republic of Armenia,GOVERNMENTAL,2023,27,76726563,25,71905723,92.59,93.72,683864729,642878078,94.01,49
02705793,ՀՀ  միջուկային անվտանգության կարգավորման  կոմիտե,Committee for regulation of nuclear safety of the Republic of Armenia,GOVERNMENTAL,2024,21,75805264,19,74662064,90.48,98.49,683864729,642878078,94.01,49
02705793,ՀՀ  միջուկային անվտանգության կարգավորման  կոմիտե,Committee for regulation of nuclear safety of the Republic of Armenia,GOVERNMENTAL,2025,20,72428738,18,71337138,90,98.49,683864729,642878078,94.01,49
02705793,ՀՀ  միջուկային անվտանգության կարգավորման  կոմիտե,Committee for regulation of nuclear safety of the Republic of Armenia,GOVERNMENTAL,2026,15,71609786,14,70609790,93.33,98.6,683864729,642878078,94.01,49
01538354,Մրցակցության և սպառողների շահերի պաշտպանության հանձնաժողով,Competition and Consumer Protection Commission,GOVERNMENTAL,2018,62,37110411,42,12156151,67.74,32.76,590481818,459260392,77.78,50
01538354,Մրցակցության և սպառողների շահերի պաշտպանության հանձնաժողով,Competition and Consumer Protection Commission,GOVERNMENTAL,2019,58,31641340,40,9209720,68.97,29.11,590481818,459260392,77.78,50
01538354,Մրցակցության և սպառողների շահերի պաշտպանության հանձնաժողով,Competition and Consumer Protection Commission,GOVERNMENTAL,2020,81,52469787,69,42311158,85.19,80.64,590481818,459260392,77.78,50
01538354,Մրցակցության և սպառողների շահերի պաշտպանության հանձնաժողով,Competition and Consumer Protection Commission,GOVERNMENTAL,2021,75,74802794,60,60579172,80,80.99,590481818,459260392,77.78,50
01538354,Մրցակցության և սպառողների շահերի պաշտպանության հանձնաժողով,Competition and Consumer Protection Commission,GOVERNMENTAL,2022,61,69235802,51,62063202,83.61,89.64,590481818,459260392,77.78,50
01538354,Մրցակցության և սպառողների շահերի պաշտպանության հանձնաժողով,Competition and Consumer Protection Commission,GOVERNMENTAL,2023,58,88892478,42,70739638,72.41,79.58,590481818,459260392,77.78,50
01538354,Մրցակցության և սպառողների շահերի պաշտպանության հանձնաժողով,Competition and Consumer Protection Commission,GOVERNMENTAL,2024,55,76634574,45,67399854,81.82,87.95,590481818,459260392,77.78,50
01538354,Մրցակցության և սպառողների շահերի պաշտպանության հանձնաժողով,Competition and Consumer Protection Commission,GOVERNMENTAL,2025,50,82050692,41,62801357,82,76.54,590481818,459260392,77.78,50
01538354,Մրցակցության և սպառողների շահերի պաշտպանության հանձնաժողով,Competition and Consumer Protection Commission,GOVERNMENTAL,2026,49,77643939,41,72000139,83.67,92.73,590481818,459260392,77.78,50
05507437,ՀՀ Շիրակի մարզպետի աշխատակազմ,Staﬀ of Shirak Marzpet of tհe Republic of Armenia,GOVERNMENTAL,2018,39,59496462,28,39564200,71.79,66.5,5455054815,554487472,10.16,51
05507437,ՀՀ Շիրակի մարզպետի աշխատակազմ,Staﬀ of Shirak Marzpet of tհe Republic of Armenia,GOVERNMENTAL,2019,53,45338153,24,21582300,45.28,47.6,5455054815,554487472,10.16,51
05507437,ՀՀ Շիրակի մարզպետի աշխատակազմ,Staﬀ of Shirak Marzpet of tհe Republic of Armenia,GOVERNMENTAL,2020,44,95307452,41,47061052,93.18,49.38,5455054815,554487472,10.16,51
05507437,ՀՀ Շիրակի մարզպետի աշխատակազմ,Staﬀ of Shirak Marzpet of tհe Republic of Armenia,GOVERNMENTAL,2021,240,286723887,52,30099986,21.67,10.5,5455054815,554487472,10.16,51
05507437,ՀՀ Շիրակի մարզպետի աշխատակազմ,Staﬀ of Shirak Marzpet of tհe Republic of Armenia,GOVERNMENTAL,2022,210,494900545,57,35450395,27.14,7.16,5455054815,554487472,10.16,51
05507437,ՀՀ Շիրակի մարզպետի աշխատակազմ,Staﬀ of Shirak Marzpet of tհe Republic of Armenia,GOVERNMENTAL,2023,440,1284978535,127,186233759,28.86,14.49,5455054815,554487472,10.16,51
05507437,ՀՀ Շիրակի մարզպետի աշխատակազմ,Staﬀ of Shirak Marzpet of tհe Republic of Armenia,GOVERNMENTAL,2024,301,1250615631,44,52570031,14.62,4.2,5455054815,554487472,10.16,51
05507437,ՀՀ Շիրակի մարզպետի աշխատակազմ,Staﬀ of Shirak Marzpet of tհe Republic of Armenia,GOVERNMENTAL,2025,107,840958616,54,111537259,50.47,13.26,5455054815,554487472,10.16,51
05507437,ՀՀ Շիրակի մարզպետի աշխատակազմ,Staﬀ of Shirak Marzpet of tհe Republic of Armenia,GOVERNMENTAL,2026,63,1096735534,46,30388490,73.02,2.77,5455054815,554487472,10.16,51
05031479,ՀՀ Արագածոտնի մարզպետի աշխատակազմ,Staff of Aragatsotn Marzpet of tհe Republic of Armenia,GOVERNMENTAL,2018,19,13195138,14,2848300,73.68,21.59,4166882402,603304023,14.48,52
05031479,ՀՀ Արագածոտնի մարզպետի աշխատակազմ,Staff of Aragatsotn Marzpet of tհe Republic of Armenia,GOVERNMENTAL,2019,49,80513529,29,54594100,59.18,67.81,4166882402,603304023,14.48,52
05031479,ՀՀ Արագածոտնի մարզպետի աշխատակազմ,Staff of Aragatsotn Marzpet of tհe Republic of Armenia,GOVERNMENTAL,2020,40,51239987,27,26973860,67.5,52.64,4166882402,603304023,14.48,52
05031479,ՀՀ Արագածոտնի մարզպետի աշխատակազմ,Staff of Aragatsotn Marzpet of tհe Republic of Armenia,GOVERNMENTAL,2021,164,33337996,16,3809000,9.76,11.43,4166882402,603304023,14.48,52
05031479,ՀՀ Արագածոտնի մարզպետի աշխատակազմ,Staff of Aragatsotn Marzpet of tհe Republic of Armenia,GOVERNMENTAL,2022,171,698074806,20,6213600,11.7,0.89,4166882402,603304023,14.48,52
05031479,ՀՀ Արագածոտնի մարզպետի աշխատակազմ,Staff of Aragatsotn Marzpet of tհe Republic of Armenia,GOVERNMENTAL,2023,250,461605328,114,317552352,45.6,68.79,4166882402,603304023,14.48,52
05031479,ՀՀ Արագածոտնի մարզպետի աշխատակազմ,Staff of Aragatsotn Marzpet of tհe Republic of Armenia,GOVERNMENTAL,2024,189,970518305,21,85302200,11.11,8.79,4166882402,603304023,14.48,52
05031479,ՀՀ Արագածոտնի մարզպետի աշխատակազմ,Staff of Aragatsotn Marzpet of tհe Republic of Armenia,GOVERNMENTAL,2025,107,974096321,32,36906739,29.91,3.79,4166882402,603304023,14.48,52
05031479,ՀՀ Արագածոտնի մարզպետի աշխատակազմ,Staff of Aragatsotn Marzpet of tհe Republic of Armenia,GOVERNMENTAL,2026,46,884300992,28,69103872,60.87,7.81,4166882402,603304023,14.48,52
01204231,Քաղաքացիական ավիացիայի կոմիտե,Civil aviation committee,GOVERNMENTAL,2018,87,73706576,28,5253595,32.18,7.13,660506837,471705712,71.42,53
01204231,Քաղաքացիական ավիացիայի կոմիտե,Civil aviation committee,GOVERNMENTAL,2019,66,24952356,48,20946782,72.73,83.95,660506837,471705712,71.42,53
01204231,Քաղաքացիական ավիացիայի կոմիտե,Civil aviation committee,GOVERNMENTAL,2020,142,109179475,113,88327961,79.58,80.9,660506837,471705712,71.42,53
01204231,Քաղաքացիական ավիացիայի կոմիտե,Civil aviation committee,GOVERNMENTAL,2021,120,84580353,97,29224143,80.83,34.55,660506837,471705712,71.42,53
01204231,Քաղաքացիական ավիացիայի կոմիտե,Civil aviation committee,GOVERNMENTAL,2022,112,55677368,98,45754872,87.5,82.18,660506837,471705712,71.42,53
01204231,Քաղաքացիական ավիացիայի կոմիտե,Civil aviation committee,GOVERNMENTAL,2023,134,112058132,113,105052321,84.33,93.75,660506837,471705712,71.42,53
01204231,Քաղաքացիական ավիացիայի կոմիտե,Civil aviation committee,GOVERNMENTAL,2024,176,107038098,149,96327421,84.66,89.99,660506837,471705712,71.42,53
01204231,Քաղաքացիական ավիացիայի կոմիտե,Civil aviation committee,GOVERNMENTAL,2025,138,59240752,111,47334585,80.43,79.9,660506837,471705712,71.42,53
01204231,Քաղաքացիական ավիացիայի կոմիտե,Civil aviation committee,GOVERNMENTAL,2026,62,34073728,60,33484032,96.77,98.27,660506837,471705712,71.42,53
01547732,«Էլեկտրաէներգետիկական համակարգի օպերատոր» ՓԲԸ,,OTHER,2024,1,795210,0,0,0,0,209153340,174444100,83.4,54
01547732,«Էլեկտրաէներգետիկական համակարգի օպերատոր» ՓԲԸ,,OTHER,2025,21,30769890,7,2284000,33.33,7.42,209153340,174444100,83.4,54
01547732,«Էլեկտրաէներգետիկական համակարգի օպերատոր» ՓԲԸ,,OTHER,2026,9,177588240,5,172160100,55.56,96.94,209153340,174444100,83.4,54
01506928,«Երևանի պետական համալսարան» հիմնադրամ,,OTHER,2018,32,32723219,0,0,0,0,7468970162,488733778,6.54,55
01506928,«Երևանի պետական համալսարան» հիմնադրամ,,OTHER,2019,89,273466707,1,25848000,1.12,9.45,7468970162,488733778,6.54,55
01506928,«Երևանի պետական համալսարան» հիմնադրամ,,OTHER,2020,93,487401531,0,0,0,0,7468970162,488733778,6.54,55
01506928,«Երևանի պետական համալսարան» հիմնադրամ,,OTHER,2021,100,727861487,0,0,0,0,7468970162,488733778,6.54,55
01506928,«Երևանի պետական համալսարան» հիմնադրամ,,OTHER,2022,229,1280518942,17,38774347,7.42,3.03,7468970162,488733778,6.54,55
01506928,«Երևանի պետական համալսարան» հիմնադրամ,,OTHER,2023,329,2022469244,90,254962531,27.36,12.61,7468970162,488733778,6.54,55
01506928,«Երևանի պետական համալսարան» հիմնադրամ,,OTHER,2024,348,1042859506,69,83224434,19.83,7.98,7468970162,488733778,6.54,55
01506928,«Երևանի պետական համալսարան» հիմնադրամ,,OTHER,2025,286,628642525,48,82747388,16.78,13.16,7468970162,488733778,6.54,55
01506928,«Երևանի պետական համալսարան» հիմնադրամ,,OTHER,2026,351,973027001,6,3177078,1.71,0.33,7468970162,488733778,6.54,55
09430281,ՀՀ Սյունիքի մարզպետի աշխատակազմ,Staff of Syunik Marzpet of tհe Republic of Armenia,GOVERNMENTAL,2018,25,14098241,19,4827716,76,34.24,7404293026,1434627402,19.38,56
09430281,ՀՀ Սյունիքի մարզպետի աշխատակազմ,Staff of Syunik Marzpet of tհe Republic of Armenia,GOVERNMENTAL,2019,31,38919215,22,9375106,70.97,24.09,7404293026,1434627402,19.38,56
09430281,ՀՀ Սյունիքի մարզպետի աշխատակազմ,Staff of Syunik Marzpet of tհe Republic of Armenia,GOVERNMENTAL,2020,47,55522576,39,37454316,82.98,67.46,7404293026,1434627402,19.38,56
09430281,ՀՀ Սյունիքի մարզպետի աշխատակազմ,Staff of Syunik Marzpet of tհe Republic of Armenia,GOVERNMENTAL,2021,162,780342267,33,151191196,20.37,19.37,7404293026,1434627402,19.38,56
09430281,ՀՀ Սյունիքի մարզպետի աշխատակազմ,Staff of Syunik Marzpet of tհe Republic of Armenia,GOVERNMENTAL,2022,167,1333799099,38,16699268,22.75,1.25,7404293026,1434627402,19.38,56
09430281,ՀՀ Սյունիքի մարզպետի աշխատակազմ,Staff of Syunik Marzpet of tհe Republic of Armenia,GOVERNMENTAL,2023,373,2513837811,245,1047396094,65.68,41.67,7404293026,1434627402,19.38,56
09430281,ՀՀ Սյունիքի մարզպետի աշխատակազմ,Staff of Syunik Marzpet of tհe Republic of Armenia,GOVERNMENTAL,2024,203,1194745378,25,17105236,12.32,1.43,7404293026,1434627402,19.38,56
09430281,ՀՀ Սյունիքի մարզպետի աշխատակազմ,Staff of Syunik Marzpet of tհe Republic of Armenia,GOVERNMENTAL,2025,79,749417034,34,142102121,43.04,18.96,7404293026,1434627402,19.38,56
09430281,ՀՀ Սյունիքի մարզպետի աշխատակազմ,Staff of Syunik Marzpet of tհe Republic of Armenia,GOVERNMENTAL,2026,33,723611404,15,8476349,45.45,1.17,7404293026,1434627402,19.38,56
00171676,Կոռուպցիայի կանխարգելման հանձնաժողով,Corruption Prevention Commission,GOVERNMENTAL,2018,26,4558333,12,2457622,46.15,53.91,302924314,225369159,74.4,57
00171676,Կոռուպցիայի կանխարգելման հանձնաժողով,Corruption Prevention Commission,GOVERNMENTAL,2019,11,2637571,7,1069492,63.64,40.55,302924314,225369159,74.4,57
00171676,Կոռուպցիայի կանխարգելման հանձնաժողով,Corruption Prevention Commission,GOVERNMENTAL,2020,33,8394740,33,8394740,100,100,302924314,225369159,74.4,57
00171676,Կոռուպցիայի կանխարգելման հանձնաժողով,Corruption Prevention Commission,GOVERNMENTAL,2021,70,14043223,67,13469413,95.71,95.91,302924314,225369159,74.4,57
00171676,Կոռուպցիայի կանխարգելման հանձնաժողով,Corruption Prevention Commission,GOVERNMENTAL,2022,83,30905380,73,14450239,87.95,46.76,302924314,225369159,74.4,57
00171676,Կոռուպցիայի կանխարգելման հանձնաժողով,Corruption Prevention Commission,GOVERNMENTAL,2023,50,29522658,50,29522658,100,100,302924314,225369159,74.4,57
00171676,Կոռուպցիայի կանխարգելման հանձնաժողով,Corruption Prevention Commission,GOVERNMENTAL,2024,55,32259347,54,31059347,98.18,96.28,302924314,225369159,74.4,57
00171676,Կոռուպցիայի կանխարգելման հանձնաժողով,Corruption Prevention Commission,GOVERNMENTAL,2025,41,21339599,40,20889599,97.56,97.89,302924314,225369159,74.4,57
00171676,Կոռուպցիայի կանխարգելման հանձնաժողով,Corruption Prevention Commission,GOVERNMENTAL,2026,27,159263463,22,104056050,81.48,65.34,302924314,225369159,74.4,57
00061508,ՀՀ հաշվեքննիչ պալատ,Audit chamber of the Republic of Armenia,GOVERNMENTAL,2018,84,42615126,50,9264610,59.52,21.74,508001485,229647802,45.21,58
00061508,ՀՀ հաշվեքննիչ պալատ,Audit chamber of the Republic of Armenia,GOVERNMENTAL,2019,75,62081083,49,32758527,65.33,52.77,508001485,229647802,45.21,58
00061508,ՀՀ հաշվեքննիչ պալատ,Audit chamber of the Republic of Armenia,GOVERNMENTAL,2020,59,73604460,39,30370420,66.1,41.26,508001485,229647802,45.21,58
00061508,ՀՀ հաշվեքննիչ պալատ,Audit chamber of the Republic of Armenia,GOVERNMENTAL,2021,52,45914330,35,9314340,67.31,20.29,508001485,229647802,45.21,58
00061508,ՀՀ հաշվեքննիչ պալատ,Audit chamber of the Republic of Armenia,GOVERNMENTAL,2022,44,20366943,30,8165930,68.18,40.09,508001485,229647802,45.21,58
00061508,ՀՀ հաշվեքննիչ պալատ,Audit chamber of the Republic of Armenia,GOVERNMENTAL,2023,55,28413765,46,15278770,83.64,53.77,508001485,229647802,45.21,58
00061508,ՀՀ հաշվեքննիչ պալատ,Audit chamber of the Republic of Armenia,GOVERNMENTAL,2024,62,124913994,45,27254370,72.58,21.82,508001485,229647802,45.21,58
00061508,ՀՀ հաշվեքննիչ պալատ,Audit chamber of the Republic of Armenia,GOVERNMENTAL,2025,77,40986615,66,34060305,85.71,83.1,508001485,229647802,45.21,58
00061508,ՀՀ հաշվեքննիչ պալատ,Audit chamber of the Republic of Armenia,GOVERNMENTAL,2026,56,69105170,52,63180530,92.86,91.43,508001485,229647802,45.21,58
05539526,«Գյումրու բժշկական կենտրոն» ՓԲԸ,,OTHER,2018,98,170119685,28,6937600,28.57,4.08,4461479135,131219225,2.94,59
05539526,«Գյումրու բժշկական կենտրոն» ՓԲԸ,,OTHER,2019,32,15146360,21,4738550,65.63,31.29,4461479135,131219225,2.94,59
05539526,«Գյումրու բժշկական կենտրոն» ՓԲԸ,,OTHER,2020,6,5419245,4,816000,66.67,15.06,4461479135,131219225,2.94,59
05539526,«Գյումրու բժշկական կենտրոն» ՓԲԸ,,OTHER,2021,63,105104682,24,6476460,38.1,6.16,4461479135,131219225,2.94,59
05539526,«Գյումրու բժշկական կենտրոն» ՓԲԸ,,OTHER,2022,60,565928478,0,0,0,0,4461479135,131219225,2.94,59
05539526,«Գյումրու բժշկական կենտրոն» ՓԲԸ,,OTHER,2023,3,1121640,0,0,0,0,4461479135,131219225,2.94,59
05539526,«Գյումրու բժշկական կենտրոն» ՓԲԸ,,OTHER,2024,142,875474314,1,42480000,0.7,4.85,4461479135,131219225,2.94,59
05539526,«Գյումրու բժշկական կենտրոն» ՓԲԸ,,OTHER,2025,290,1241842394,94,26763090,32.41,2.16,4461479135,131219225,2.94,59
05539526,«Գյումրու բժշկական կենտրոն» ՓԲԸ,,OTHER,2026,283,1481322337,55,43007525,19.43,2.9,4461479135,131219225,2.94,59
00183253,ՀՀ պետական վերահսկողական ծառայություն,State Supervision Service of the Republic of Armenia,GOVERNMENTAL,2018,46,38346543,32,15291980,69.57,39.88,504644976,312105963,61.85,60
00183253,ՀՀ պետական վերահսկողական ծառայություն,State Supervision Service of the Republic of Armenia,GOVERNMENTAL,2019,120,63850606,95,37224157,79.17,58.3,504644976,312105963,61.85,60
00183253,ՀՀ պետական վերահսկողական ծառայություն,State Supervision Service of the Republic of Armenia,GOVERNMENTAL,2020,92,64029543,76,39813445,82.61,62.18,504644976,312105963,61.85,60
00183253,ՀՀ պետական վերահսկողական ծառայություն,State Supervision Service of the Republic of Armenia,GOVERNMENTAL,2021,73,51505842,61,33599420,83.56,65.23,504644976,312105963,61.85,60
00183253,ՀՀ պետական վերահսկողական ծառայություն,State Supervision Service of the Republic of Armenia,GOVERNMENTAL,2022,86,59574979,72,36420334,83.72,61.13,504644976,312105963,61.85,60
00183253,ՀՀ պետական վերահսկողական ծառայություն,State Supervision Service of the Republic of Armenia,GOVERNMENTAL,2023,92,61836467,65,41831238,70.65,67.65,504644976,312105963,61.85,60
00183253,ՀՀ պետական վերահսկողական ծառայություն,State Supervision Service of the Republic of Armenia,GOVERNMENTAL,2024,87,61450663,63,41848840,72.41,68.1,504644976,312105963,61.85,60
00183253,ՀՀ պետական վերահսկողական ծառայություն,State Supervision Service of the Republic of Armenia,GOVERNMENTAL,2025,66,61881031,43,38207628,65.15,61.74,504644976,312105963,61.85,60
00183253,ՀՀ պետական վերահսկողական ծառայություն,State Supervision Service of the Republic of Armenia,GOVERNMENTAL,2026,38,42169303,22,27868921,57.89,66.09,504644976,312105963,61.85,60
01501898,«Հայաստանի հեռուստատեսային և ռադիոհաղորդիչ ցանց» ՓԲԸ,,OTHER,2018,177,233412653,129,25730402,72.88,11.02,2878641136,716966795,24.91,61
01501898,«Հայաստանի հեռուստատեսային և ռադիոհաղորդիչ ցանց» ՓԲԸ,,OTHER,2019,231,188810132,161,19859311,69.7,10.52,2878641136,716966795,24.91,61
01501898,«Հայաստանի հեռուստատեսային և ռադիոհաղորդիչ ցանց» ՓԲԸ,,OTHER,2020,230,121096048,193,25615732,83.91,21.15,2878641136,716966795,24.91,61
01501898,«Հայաստանի հեռուստատեսային և ռադիոհաղորդիչ ցանց» ՓԲԸ,,OTHER,2021,183,608111026,158,482706998,86.34,79.38,2878641136,716966795,24.91,61
01501898,«Հայաստանի հեռուստատեսային և ռադիոհաղորդիչ ցանց» ՓԲԸ,,OTHER,2022,144,106812449,113,31312101,78.47,29.32,2878641136,716966795,24.91,61
01501898,«Հայաստանի հեռուստատեսային և ռադիոհաղորդիչ ցանց» ՓԲԸ,,OTHER,2023,145,166746280,102,25631015,70.34,15.37,2878641136,716966795,24.91,61
01501898,«Հայաստանի հեռուստատեսային և ռադիոհաղորդիչ ցանց» ՓԲԸ,,OTHER,2024,151,101920563,123,19654864,81.46,19.28,2878641136,716966795,24.91,61
01501898,«Հայաստանի հեռուստատեսային և ռադիոհաղորդիչ ցանց» ՓԲԸ,,OTHER,2025,192,1003384985,140,40532223,72.92,4.04,2878641136,716966795,24.91,61
01501898,«Հայաստանի հեռուստատեսային և ռադիոհաղորդիչ ցանց» ՓԲԸ,,OTHER,2026,168,348347001,148,45924149,88.1,13.18,2878641136,716966795,24.91,61
00542809,Առողջության համընդհանուր ապահովագրության հիմնադրամ,Universal Health Insurance Fund,OTHER,2025,3,73487729,2,70584950,66.67,96.05,288808742,99287031,34.38,62
00542809,Առողջության համընդհանուր ապահովագրության հիմնադրամ,Universal Health Insurance Fund,OTHER,2026,111,215321013,51,28702081,45.95,13.33,288808742,99287031,34.38,62
06601125,Ալավերդու համայնքապետարան,Alaverdi community municipality,URBAN,2018,8,49489500,1,304500,12.5,0.62,3315734512,109666451,3.31,63
06601125,Ալավերդու համայնքապետարան,Alaverdi community municipality,URBAN,2019,11,82119540,0,0,0,0,3315734512,109666451,3.31,63
06601125,Ալավերդու համայնքապետարան,Alaverdi community municipality,URBAN,2020,3,4675000,0,0,0,0,3315734512,109666451,3.31,63
06601125,Ալավերդու համայնքապետարան,Alaverdi community municipality,URBAN,2021,29,380310847,5,10028333,17.24,2.64,3315734512,109666451,3.31,63
06601125,Ալավերդու համայնքապետարան,Alaverdi community municipality,URBAN,2022,11,346308685,1,670000,9.09,0.19,3315734512,109666451,3.31,63
06601125,Ալավերդու համայնքապետարան,Alaverdi community municipality,URBAN,2023,24,1198226318,0,0,0,0,3315734512,109666451,3.31,63
06601125,Ալավերդու համայնքապետարան,Alaverdi community municipality,URBAN,2024,68,204699385,27,95487420,39.71,46.65,3315734512,109666451,3.31,63
06601125,Ալավերդու համայնքապետարան,Alaverdi community municipality,URBAN,2025,26,399251197,3,3176198,11.54,0.8,3315734512,109666451,3.31,63
06601125,Ալավերդու համայնքապետարան,Alaverdi community municipality,URBAN,2026,8,650654040,0,0,0,0,3315734512,109666451,3.31,63
01506515,ՀՀ  աշխատանքի և սոցիալական հարցերի նախարարություն,Ministry of labor and social Affairs of the Republic of Armenia,GOVERNMENTAL,2018,159,1694371231,66,791540750,41.51,46.72,49559482635,1613772702,3.26,64
01506515,ՀՀ  աշխատանքի և սոցիալական հարցերի նախարարություն,Ministry of labor and social Affairs of the Republic of Armenia,GOVERNMENTAL,2019,180,487926738,74,224916771,41.11,46.1,49559482635,1613772702,3.26,64
01506515,ՀՀ  աշխատանքի և սոցիալական հարցերի նախարարություն,Ministry of labor and social Affairs of the Republic of Armenia,GOVERNMENTAL,2020,103,253809127,35,9029701,33.98,3.56,49559482635,1613772702,3.26,64
01506515,ՀՀ  աշխատանքի և սոցիալական հարցերի նախարարություն,Ministry of labor and social Affairs of the Republic of Armenia,GOVERNMENTAL,2021,94,209329520,42,51474278,44.68,24.59,49559482635,1613772702,3.26,64
01506515,ՀՀ  աշխատանքի և սոցիալական հարցերի նախարարություն,Ministry of labor and social Affairs of the Republic of Armenia,GOVERNMENTAL,2022,233,7032754271,34,170874204,14.59,2.43,49559482635,1613772702,3.26,64
01506515,ՀՀ  աշխատանքի և սոցիալական հարցերի նախարարություն,Ministry of labor and social Affairs of the Republic of Armenia,GOVERNMENTAL,2023,232,8641105583,62,272902531,26.72,3.16,49559482635,1613772702,3.26,64
01506515,ՀՀ  աշխատանքի և սոցիալական հարցերի նախարարություն,Ministry of labor and social Affairs of the Republic of Armenia,GOVERNMENTAL,2024,240,9149580112,41,18703380,17.08,0.2,49559482635,1613772702,3.26,64
01506515,ՀՀ  աշխատանքի և սոցիալական հարցերի նախարարություն,Ministry of labor and social Affairs of the Republic of Armenia,GOVERNMENTAL,2025,241,11465486993,65,40616661,26.97,0.35,49559482635,1613772702,3.26,64
01506515,ՀՀ  աշխատանքի և սոցիալական հարցերի նախարարություն,Ministry of labor and social Affairs of the Republic of Armenia,GOVERNMENTAL,2026,225,10625119061,31,33714425,13.78,0.32,49559482635,1613772702,3.26,64
09001192,Ջերմուկի համայնքապետարան,Jermuk community municipality,URBAN,2018,2,48360000,0,0,0,0,1418806210,183541375,12.94,65
09001192,Ջերմուկի համայնքապետարան,Jermuk community municipality,URBAN,2019,25,106983510,16,6561710,64,6.13,1418806210,183541375,12.94,65
09001192,Ջերմուկի համայնքապետարան,Jermuk community municipality,URBAN,2020,86,286260805,59,17160125,68.6,5.99,1418806210,183541375,12.94,65
09001192,Ջերմուկի համայնքապետարան,Jermuk community municipality,URBAN,2021,84,110028582,72,22536199,85.71,20.48,1418806210,183541375,12.94,65
09001192,Ջերմուկի համայնքապետարան,Jermuk community municipality,URBAN,2022,80,111335017,56,22493777,70,20.2,1418806210,183541375,12.94,65
09001192,Ջերմուկի համայնքապետարան,Jermuk community municipality,URBAN,2023,96,271999139,66,23446448,68.75,8.62,1418806210,183541375,12.94,65
09001192,Ջերմուկի համայնքապետարան,Jermuk community municipality,URBAN,2024,60,109028682,51,21557488,85,19.77,1418806210,183541375,12.94,65
09001192,Ջերմուկի համայնքապետարան,Jermuk community municipality,URBAN,2025,37,115630668,22,7207128,59.46,6.23,1418806210,183541375,12.94,65
09001192,Ջերմուկի համայնքապետարան,Jermuk community municipality,URBAN,2026,24,259179808,12,62578500,50,24.14,1418806210,183541375,12.94,65
00018357,ՀՀ սահմանադրական դատարան,constitutional court Of The Republic of Armenia,GOVERNMENTAL,2018,125,66092926,103,20773430,82.4,31.43,457928120,203657095,44.47,66
00018357,ՀՀ սահմանադրական դատարան,constitutional court Of The Republic of Armenia,GOVERNMENTAL,2019,150,64974688,109,25493959,72.67,39.24,457928120,203657095,44.47,66
00018357,ՀՀ սահմանադրական դատարան,constitutional court Of The Republic of Armenia,GOVERNMENTAL,2020,101,27300322,93,10911942,92.08,39.97,457928120,203657095,44.47,66
00018357,ՀՀ սահմանադրական դատարան,constitutional court Of The Republic of Armenia,GOVERNMENTAL,2021,212,35882767,203,18830667,95.75,52.48,457928120,203657095,44.47,66
00018357,ՀՀ սահմանադրական դատարան,constitutional court Of The Republic of Armenia,GOVERNMENTAL,2022,183,39409714,171,18912980,93.44,47.99,457928120,203657095,44.47,66
00018357,ՀՀ սահմանադրական դատարան,constitutional court Of The Republic of Armenia,GOVERNMENTAL,2023,177,53246645,160,17819803,90.4,33.47,457928120,203657095,44.47,66
00018357,ՀՀ սահմանադրական դատարան,constitutional court Of The Republic of Armenia,GOVERNMENTAL,2024,191,64369344,177,35136954,92.67,54.59,457928120,203657095,44.47,66
00018357,ՀՀ սահմանադրական դատարան,constitutional court Of The Republic of Armenia,GOVERNMENTAL,2025,152,84648418,136,48199620,89.47,56.94,457928120,203657095,44.47,66
00018357,ՀՀ սահմանադրական դատարան,constitutional court Of The Republic of Armenia,GOVERNMENTAL,2026,97,22003295,76,7577740,78.35,34.44,457928120,203657095,44.47,66
01229936,«Գառնի-Լեռ» ԳԱՄ ԲԲԸ,OPEN J-S Company <<GARNI-LER>>,OTHER,2023,15,4338213,11,3493123,73.33,80.52,251631927,90917850,36.13,67
01229936,«Գառնի-Լեռ» ԳԱՄ ԲԲԸ,OPEN J-S Company <<GARNI-LER>>,OTHER,2024,69,192349244,27,73781311,39.13,38.36,251631927,90917850,36.13,67
01229936,«Գառնի-Լեռ» ԳԱՄ ԲԲԸ,OPEN J-S Company <<GARNI-LER>>,OTHER,2025,45,47413869,8,10438872,17.78,22.02,251631927,90917850,36.13,67
01229936,«Գառնի-Լեռ» ԳԱՄ ԲԲԸ,OPEN J-S Company <<GARNI-LER>>,OTHER,2026,12,7530601,4,3204544,33.33,42.55,251631927,90917850,36.13,67
08100711,Ճամբարակի համայնքապետարան,Chambarak community municipality,URBAN,2018,2,6012899,0,0,0,0,1222762967,75421147,6.17,68
08100711,Ճամբարակի համայնքապետարան,Chambarak community municipality,URBAN,2019,16,168294002,0,0,0,0,1222762967,75421147,6.17,68
08100711,Ճամբարակի համայնքապետարան,Chambarak community municipality,URBAN,2020,21,40935290,0,0,0,0,1222762967,75421147,6.17,68
08100711,Ճամբարակի համայնքապետարան,Chambarak community municipality,URBAN,2021,14,12448740,0,0,0,0,1222762967,75421147,6.17,68
08100711,Ճամբարակի համայնքապետարան,Chambarak community municipality,URBAN,2022,3,8538400,0,0,0,0,1222762967,75421147,6.17,68
08100711,Ճամբարակի համայնքապետարան,Chambarak community municipality,URBAN,2023,18,352275950,0,0,0,0,1222762967,75421147,6.17,68
08100711,Ճամբարակի համայնքապետարան,Chambarak community municipality,URBAN,2024,35,344612005,1,5260000,2.86,1.53,1222762967,75421147,6.17,68
08100711,Ճամբարակի համայնքապետարան,Chambarak community municipality,URBAN,2025,29,138669907,4,34163937,13.79,24.64,1222762967,75421147,6.17,68
08100711,Ճամբարակի համայնքապետարան,Chambarak community municipality,URBAN,2026,30,150975774,7,35997210,23.33,23.84,1222762967,75421147,6.17,68
02562459,«ՆԵՐԴՐՈՒՄՆԵՐԻ ԱՋԱԿՑՄԱՆ ԿԵՆՏՐՈՆ» ՀԻՄՆԱԴՐԱՄ,"""INVESTMENT SUPPORT CENTER"" FUND",OTHER,2018,45,142104420,14,7648350,31.11,5.38,413340047,124959982,30.23,69
02562459,«ՆԵՐԴՐՈՒՄՆԵՐԻ ԱՋԱԿՑՄԱՆ ԿԵՆՏՐՈՆ» ՀԻՄՆԱԴՐԱՄ,"""INVESTMENT SUPPORT CENTER"" FUND",OTHER,2020,12,8228870,0,0,0,0,413340047,124959982,30.23,69
02562459,«ՆԵՐԴՐՈՒՄՆԵՐԻ ԱՋԱԿՑՄԱՆ ԿԵՆՏՐՈՆ» ՀԻՄՆԱԴՐԱՄ,"""INVESTMENT SUPPORT CENTER"" FUND",OTHER,2021,61,32260773,43,11799033,70.49,36.57,413340047,124959982,30.23,69
02562459,«ՆԵՐԴՐՈՒՄՆԵՐԻ ԱՋԱԿՑՄԱՆ ԿԵՆՏՐՈՆ» ՀԻՄՆԱԴՐԱՄ,"""INVESTMENT SUPPORT CENTER"" FUND",OTHER,2022,45,18572637,36,11795210,80,63.51,413340047,124959982,30.23,69
02562459,«ՆԵՐԴՐՈՒՄՆԵՐԻ ԱՋԱԿՑՄԱՆ ԿԵՆՏՐՈՆ» ՀԻՄՆԱԴՐԱՄ,"""INVESTMENT SUPPORT CENTER"" FUND",OTHER,2023,66,41869950,53,18335014,80.3,43.79,413340047,124959982,30.23,69
02562459,«ՆԵՐԴՐՈՒՄՆԵՐԻ ԱՋԱԿՑՄԱՆ ԿԵՆՏՐՈՆ» ՀԻՄՆԱԴՐԱՄ,"""INVESTMENT SUPPORT CENTER"" FUND",OTHER,2024,47,31642241,42,18353247,89.36,58,413340047,124959982,30.23,69
02562459,«ՆԵՐԴՐՈՒՄՆԵՐԻ ԱՋԱԿՑՄԱՆ ԿԵՆՏՐՈՆ» ՀԻՄՆԱԴՐԱՄ,"""INVESTMENT SUPPORT CENTER"" FUND",OTHER,2025,37,123974308,27,46248280,72.97,37.3,413340047,124959982,30.23,69
02562459,«ՆԵՐԴՐՈՒՄՆԵՐԻ ԱՋԱԿՑՄԱՆ ԿԵՆՏՐՈՆ» ՀԻՄՆԱԴՐԱՄ,"""INVESTMENT SUPPORT CENTER"" FUND",OTHER,2026,2,14686848,1,10780848,50,73.4,413340047,124959982,30.23,69
04402328,Մեծամորի համայնքապետարան,Mecamor community municipality,URBAN,2019,3,37260000,0,0,0,0,20569867800,104288741,0.51,70
04402328,Մեծամորի համայնքապետարան,Mecamor community municipality,URBAN,2020,7,43375566,0,0,0,0,20569867800,104288741,0.51,70
04402328,Մեծամորի համայնքապետարան,Mecamor community municipality,URBAN,2021,5,17860958,0,0,0,0,20569867800,104288741,0.51,70
04402328,Մեծամորի համայնքապետարան,Mecamor community municipality,URBAN,2022,92,11443767359,1,2625000,1.09,0.02,20569867800,104288741,0.51,70
04402328,Մեծամորի համայնքապետարան,Mecamor community municipality,URBAN,2023,99,2610870737,4,26413200,4.04,1.01,20569867800,104288741,0.51,70
04402328,Մեծամորի համայնքապետարան,Mecamor community municipality,URBAN,2024,142,1834037609,2,550000,1.41,0.03,20569867800,104288741,0.51,70
04402328,Մեծամորի համայնքապետարան,Mecamor community municipality,URBAN,2025,148,3134030021,2,18236545,1.35,0.58,20569867800,104288741,0.51,70
04402328,Մեծամորի համայնքապետարան,Mecamor community municipality,URBAN,2026,130,1448665550,8,56463996,6.15,3.9,20569867800,104288741,0.51,70
03022497,Չարենցավանի համայնքապետարան,Municipality of Charencavan,URBAN,2018,36,183412693,14,8576000,38.89,4.68,4276459838,200537249,4.69,71
03022497,Չարենցավանի համայնքապետարան,Municipality of Charencavan,URBAN,2019,45,266294910,15,82760480,33.33,31.08,4276459838,200537249,4.69,71
03022497,Չարենցավանի համայնքապետարան,Municipality of Charencavan,URBAN,2020,32,302903428,13,7137268,40.63,2.36,4276459838,200537249,4.69,71
03022497,Չարենցավանի համայնքապետարան,Municipality of Charencavan,URBAN,2021,64,165143634,24,9313740,37.5,5.64,4276459838,200537249,4.69,71
03022497,Չարենցավանի համայնքապետարան,Municipality of Charencavan,URBAN,2022,66,391838129,24,12379460,36.36,3.16,4276459838,200537249,4.69,71
03022497,Չարենցավանի համայնքապետարան,Municipality of Charencavan,URBAN,2023,81,627026175,24,10506432,29.63,1.68,4276459838,200537249,4.69,71
03022497,Չարենցավանի համայնքապետարան,Municipality of Charencavan,URBAN,2024,69,426279177,21,15379010,30.43,3.61,4276459838,200537249,4.69,71
03022497,Չարենցավանի համայնքապետարան,Municipality of Charencavan,URBAN,2025,141,1612679557,32,44238125,22.7,2.74,4276459838,200537249,4.69,71
03022497,Չարենցավանի համայնքապետարան,Municipality of Charencavan,URBAN,2026,54,300882134,22,10246734,40.74,3.41,4276459838,200537249,4.69,71
00003489,«Երևանի մաթեմատիկական մեքենաների գործարան» ՓԲԸ,,OTHER,2018,29,187660367,28,186485867,96.55,99.37,950505703,293598031,30.89,72
00003489,«Երևանի մաթեմատիկական մեքենաների գործարան» ՓԲԸ,,OTHER,2019,1,1476300,0,0,0,0,950505703,293598031,30.89,72
00003489,«Երևանի մաթեմատիկական մեքենաների գործարան» ՓԲԸ,,OTHER,2020,10,38912870,7,1032390,70,2.65,950505703,293598031,30.89,72
00003489,«Երևանի մաթեմատիկական մեքենաների գործարան» ՓԲԸ,,OTHER,2021,31,7440646,31,7440646,100,100,950505703,293598031,30.89,72
00003489,«Երևանի մաթեմատիկական մեքենաների գործարան» ՓԲԸ,,OTHER,2022,80,71727854,74,23407854,92.5,32.63,950505703,293598031,30.89,72
00003489,«Երևանի մաթեմատիկական մեքենաների գործարան» ՓԲԸ,,OTHER,2023,71,87130502,63,13137460,88.73,15.08,950505703,293598031,30.89,72
00003489,«Երևանի մաթեմատիկական մեքենաների գործարան» ՓԲԸ,,OTHER,2024,95,282194975,89,22301375,93.68,7.9,950505703,293598031,30.89,72
00003489,«Երևանի մաթեմատիկական մեքենաների գործարան» ՓԲԸ,,OTHER,2025,91,35736575,85,28050255,93.41,78.49,950505703,293598031,30.89,72
00003489,«Երևանի մաթեմատիկական մեքենաների գործարան» ՓԲԸ,,OTHER,2026,47,238225614,40,11742184,85.11,4.93,950505703,293598031,30.89,72
06400733,Ստեփանավանի համայնքապետարան,Stepanavan community municipality,URBAN,2018,36,87441658,23,7356390,63.89,8.41,4355100931,431349289,9.9,73
06400733,Ստեփանավանի համայնքապետարան,Stepanavan community municipality,URBAN,2019,52,100463344,42,14347683,80.77,14.28,4355100931,431349289,9.9,73
06400733,Ստեփանավանի համայնքապետարան,Stepanavan community municipality,URBAN,2020,50,33502942,40,11830242,80,35.31,4355100931,431349289,9.9,73
06400733,Ստեփանավանի համայնքապետարան,Stepanavan community municipality,URBAN,2021,60,244848751,41,13395378,68.33,5.47,4355100931,431349289,9.9,73
06400733,Ստեփանավանի համայնքապետարան,Stepanavan community municipality,URBAN,2022,143,1465317176,67,294747349,46.85,20.11,4355100931,431349289,9.9,73
06400733,Ստեփանավանի համայնքապետարան,Stepanavan community municipality,URBAN,2023,115,1680532114,68,28088852,59.13,1.67,4355100931,431349289,9.9,73
06400733,Ստեփանավանի համայնքապետարան,Stepanavan community municipality,URBAN,2024,91,401436164,66,28478564,72.53,7.09,4355100931,431349289,9.9,73
06400733,Ստեփանավանի համայնքապետարան,Stepanavan community municipality,URBAN,2025,90,137251393,69,32107331,76.67,23.39,4355100931,431349289,9.9,73
06400733,Ստեփանավանի համայնքապետարան,Stepanavan community municipality,URBAN,2026,31,204307390,2,997500,6.45,0.49,4355100931,431349289,9.9,73
00006796,ՀՀ պետական պահպանության ծառայություն,State security service of the Republic of Armenia,GOVERNMENTAL,2018,120,307534195,86,166113805,71.67,54.01,2983731872,520811214,17.46,74
00006796,ՀՀ պետական պահպանության ծառայություն,State security service of the Republic of Armenia,GOVERNMENTAL,2019,150,494681280,94,76236589,62.67,15.41,2983731872,520811214,17.46,74
00006796,ՀՀ պետական պահպանության ծառայություն,State security service of the Republic of Armenia,GOVERNMENTAL,2020,143,292296774,104,68369044,72.73,23.39,2983731872,520811214,17.46,74
00006796,ՀՀ պետական պահպանության ծառայություն,State security service of the Republic of Armenia,GOVERNMENTAL,2021,84,318800578,51,80313884,60.71,25.19,2983731872,520811214,17.46,74
00006796,ՀՀ պետական պահպանության ծառայություն,State security service of the Republic of Armenia,GOVERNMENTAL,2022,88,188332496,35,18897780,39.77,10.03,2983731872,520811214,17.46,74
00006796,ՀՀ պետական պահպանության ծառայություն,State security service of the Republic of Armenia,GOVERNMENTAL,2023,152,402349086,101,49799375,66.45,12.38,2983731872,520811214,17.46,74
00006796,ՀՀ պետական պահպանության ծառայություն,State security service of the Republic of Armenia,GOVERNMENTAL,2024,108,346606908,49,15532984,45.37,4.48,2983731872,520811214,17.46,74
00006796,ՀՀ պետական պահպանության ծառայություն,State security service of the Republic of Armenia,GOVERNMENTAL,2025,142,347693820,78,20894661,54.93,6.01,2983731872,520811214,17.46,74
00006796,ՀՀ պետական պահպանության ծառայություն,State security service of the Republic of Armenia,GOVERNMENTAL,2026,113,285436734,57,24653092,50.44,8.64,2983731872,520811214,17.46,74
02319559,Սպորտի կառավարման կենտրոն ՓԲԸ,Sports Management Center CJSC,OTHER,2025,129,99387593,114,23605549,88.37,23.75,294909056,61067413,20.71,75
02319559,Սպորտի կառավարման կենտրոն ՓԲԸ,Sports Management Center CJSC,OTHER,2026,104,195521463,84,37461864,80.77,19.16,294909056,61067413,20.71,75
02572073,Մարդու իրավունքների պաշտպանի աշխատակազմ,Office of the human rights defender,GOVERNMENTAL,2018,175,89893440,108,43496094,61.71,48.39,479635382,244920684,51.06,76
02572073,Մարդու իրավունքների պաշտպանի աշխատակազմ,Office of the human rights defender,GOVERNMENTAL,2019,206,80369195,146,45356095,70.87,56.43,479635382,244920684,51.06,76
02572073,Մարդու իրավունքների պաշտպանի աշխատակազմ,Office of the human rights defender,GOVERNMENTAL,2020,171,48218131,139,24295395,81.29,50.39,479635382,244920684,51.06,76
02572073,Մարդու իրավունքների պաշտպանի աշխատակազմ,Office of the human rights defender,GOVERNMENTAL,2021,182,57806304,146,27212301,80.22,47.07,479635382,244920684,51.06,76
02572073,Մարդու իրավունքների պաշտպանի աշխատակազմ,Office of the human rights defender,GOVERNMENTAL,2022,170,44835028,134,24030634,78.82,53.6,479635382,244920684,51.06,76
02572073,Մարդու իրավունքների պաշտպանի աշխատակազմ,Office of the human rights defender,GOVERNMENTAL,2023,138,39779060,113,19629458,81.88,49.35,479635382,244920684,51.06,76
02572073,Մարդու իրավունքների պաշտպանի աշխատակազմ,Office of the human rights defender,GOVERNMENTAL,2024,189,47503975,158,26452670,83.6,55.69,479635382,244920684,51.06,76
02572073,Մարդու իրավունքների պաշտպանի աշխատակազմ,Office of the human rights defender,GOVERNMENTAL,2025,183,40002440,131,20037627,71.58,50.09,479635382,244920684,51.06,76
02572073,Մարդու իրավունքների պաշտպանի աշխատակազմ,Office of the human rights defender,GOVERNMENTAL,2026,79,31227808,63,14410410,79.75,46.15,479635382,244920684,51.06,76
04440435,Արաքսի համայնքապետարան,Araks Municipality,URBAN,2025,5,10697000,0,0,0,0,224086034,59634945,26.61,77
04440435,Արաքսի համայնքապետարան,Araks Municipality,URBAN,2026,132,213389034,104,59634945,78.79,27.95,224086034,59634945,26.61,77
08428824,ՀՀ Գեղարքունիքի մարզպետի աշխատակազմ,Staff of Gegharqunik Marzpet of the Republic of Armenia,GOVERNMENTAL,2018,58,843050963,20,5743295,34.48,0.68,7339253297,670630525,9.14,78
08428824,ՀՀ Գեղարքունիքի մարզպետի աշխատակազմ,Staff of Gegharqunik Marzpet of the Republic of Armenia,GOVERNMENTAL,2019,55,659188582,23,51435898,41.82,7.8,7339253297,670630525,9.14,78
08428824,ՀՀ Գեղարքունիքի մարզպետի աշխատակազմ,Staff of Gegharqunik Marzpet of the Republic of Armenia,GOVERNMENTAL,2020,69,121428000,47,46509178,68.12,38.3,7339253297,670630525,9.14,78
08428824,ՀՀ Գեղարքունիքի մարզպետի աշխատակազմ,Staff of Gegharqunik Marzpet of the Republic of Armenia,GOVERNMENTAL,2021,118,753956082,18,7640843,15.25,1.01,7339253297,670630525,9.14,78
08428824,ՀՀ Գեղարքունիքի մարզպետի աշխատակազմ,Staff of Gegharqunik Marzpet of the Republic of Armenia,GOVERNMENTAL,2022,195,1036367472,25,8721645,12.82,0.84,7339253297,670630525,9.14,78
08428824,ՀՀ Գեղարքունիքի մարզպետի աշխատակազմ,Staff of Gegharqunik Marzpet of the Republic of Armenia,GOVERNMENTAL,2023,290,871991363,156,491232000,53.79,56.33,7339253297,670630525,9.14,78
08428824,ՀՀ Գեղարքունիքի մարզպետի աշխատակազմ,Staff of Gegharqunik Marzpet of the Republic of Armenia,GOVERNMENTAL,2024,260,843494664,28,12199113,10.77,1.45,7339253297,670630525,9.14,78
08428824,ՀՀ Գեղարքունիքի մարզպետի աշխատակազմ,Staff of Gegharqunik Marzpet of the Republic of Armenia,GOVERNMENTAL,2025,117,1086536390,24,14332785,20.51,1.32,7339253297,670630525,9.14,78
08428824,ՀՀ Գեղարքունիքի մարզպետի աշխատակազմ,Staff of Gegharqunik Marzpet of the Republic of Armenia,GOVERNMENTAL,2026,67,1123239781,20,32815768,29.85,2.92,7339253297,670630525,9.14,78
00006505,Հանրապետության նախագահի աշխատակազմ,Office Of The President Of The Republic,GOVERNMENTAL,2018,141,248491140,65,121171411,46.1,48.76,2180701986,711427785,32.62,79
00006505,Հանրապետության նախագահի աշխատակազմ,Office Of The President Of The Republic,GOVERNMENTAL,2019,161,565442141,69,444992763,42.86,78.7,2180701986,711427785,32.62,79
00006505,Հանրապետության նախագահի աշխատակազմ,Office Of The President Of The Republic,GOVERNMENTAL,2020,246,397052463,119,34511592,48.37,8.69,2180701986,711427785,32.62,79
00006505,Հանրապետության նախագահի աշխատակազմ,Office Of The President Of The Republic,GOVERNMENTAL,2021,141,334580830,67,17626234,47.52,5.27,2180701986,711427785,32.62,79
00006505,Հանրապետության նախագահի աշխատակազմ,Office Of The President Of The Republic,GOVERNMENTAL,2022,114,60090678,65,20515235,57.02,34.14,2180701986,711427785,32.62,79
00006505,Հանրապետության նախագահի աշխատակազմ,Office Of The President Of The Republic,GOVERNMENTAL,2023,112,258949600,56,13915588,50,5.37,2180701986,711427785,32.62,79
00006505,Հանրապետության նախագահի աշխատակազմ,Office Of The President Of The Republic,GOVERNMENTAL,2024,114,141823953,72,19717701,63.16,13.9,2180701986,711427785,32.62,79
00006505,Հանրապետության նախագահի աշխատակազմ,Office Of The President Of The Republic,GOVERNMENTAL,2025,92,143364198,57,25379231,61.96,17.7,2180701986,711427785,32.62,79
00006505,Հանրապետության նախագահի աշխատակազմ,Office Of The President Of The Republic,GOVERNMENTAL,2026,55,30906983,39,13598030,70.91,44,2180701986,711427785,32.62,79
02819226,«Կանաչապատում և շրջակա միջավայրի պահպանություն» ՀՈԱԿ,"""LANDSCAPE GARDENING AND ENVIRONMENTAL PROTECTION"" CNCO",OTHER,2021,114,500350684,0,0,0,0,5512312972,135738764,2.46,80
02819226,«Կանաչապատում և շրջակա միջավայրի պահպանություն» ՀՈԱԿ,"""LANDSCAPE GARDENING AND ENVIRONMENTAL PROTECTION"" CNCO",OTHER,2022,116,655145705,0,0,0,0,5512312972,135738764,2.46,80
02819226,«Կանաչապատում և շրջակա միջավայրի պահպանություն» ՀՈԱԿ,"""LANDSCAPE GARDENING AND ENVIRONMENTAL PROTECTION"" CNCO",OTHER,2023,137,969534632,15,84131824,10.95,8.68,5512312972,135738764,2.46,80
02819226,«Կանաչապատում և շրջակա միջավայրի պահպանություն» ՀՈԱԿ,"""LANDSCAPE GARDENING AND ENVIRONMENTAL PROTECTION"" CNCO",OTHER,2024,185,1102633600,9,5224850,4.86,0.47,5512312972,135738764,2.46,80
02819226,«Կանաչապատում և շրջակա միջավայրի պահպանություն» ՀՈԱԿ,"""LANDSCAPE GARDENING AND ENVIRONMENTAL PROTECTION"" CNCO",OTHER,2025,172,958020054,12,46382090,6.98,4.84,5512312972,135738764,2.46,80
02819226,«Կանաչապատում և շրջակա միջավայրի պահպանություն» ՀՈԱԿ,"""LANDSCAPE GARDENING AND ENVIRONMENTAL PROTECTION"" CNCO",OTHER,2026,151,1326628298,0,0,0,0,5512312972,135738764,2.46,80
02531594,ՀՀ հանրային ծառայությունները կարգավորող հանձնաժողով,Public services regulatory commission of the Republic of Armenia,GOVERNMENTAL,2018,51,88024127,36,66480917,70.59,75.53,866603181,199530308,23.02,81
02531594,ՀՀ հանրային ծառայությունները կարգավորող հանձնաժողով,Public services regulatory commission of the Republic of Armenia,GOVERNMENTAL,2019,59,39074707,32,8085356,54.24,20.69,866603181,199530308,23.02,81
02531594,ՀՀ հանրային ծառայությունները կարգավորող հանձնաժողով,Public services regulatory commission of the Republic of Armenia,GOVERNMENTAL,2020,61,42700721,42,10154981,68.85,23.78,866603181,199530308,23.02,81
02531594,ՀՀ հանրային ծառայությունները կարգավորող հանձնաժողով,Public services regulatory commission of the Republic of Armenia,GOVERNMENTAL,2021,63,63506595,36,24871583,57.14,39.16,866603181,199530308,23.02,81
02531594,ՀՀ հանրային ծառայությունները կարգավորող հանձնաժողով,Public services regulatory commission of the Republic of Armenia,GOVERNMENTAL,2022,73,112847892,41,26695090,56.16,23.66,866603181,199530308,23.02,81
02531594,ՀՀ հանրային ծառայությունները կարգավորող հանձնաժողով,Public services regulatory commission of the Republic of Armenia,GOVERNMENTAL,2023,69,115302449,31,12756575,44.93,11.06,866603181,199530308,23.02,81
02531594,ՀՀ հանրային ծառայությունները կարգավորող հանձնաժողով,Public services regulatory commission of the Republic of Armenia,GOVERNMENTAL,2024,54,52662104,32,10244940,59.26,19.45,866603181,199530308,23.02,81
02531594,ՀՀ հանրային ծառայությունները կարգավորող հանձնաժողով,Public services regulatory commission of the Republic of Armenia,GOVERNMENTAL,2025,67,134242677,38,20101606,56.72,14.97,866603181,199530308,23.02,81
02531594,ՀՀ հանրային ծառայությունները կարգավորող հանձնաժողով,Public services regulatory commission of the Republic of Armenia,GOVERNMENTAL,2026,45,218241908,18,20139260,40,9.23,866603181,199530308,23.02,81
01574061,«Հոգևոր-մշակութային հանրային հեռուստաընկերություն» ՓԲԸ,,OTHER,2019,1,996000,1,996000,100,100,217744000,169379000,77.79,82
01574061,«Հոգևոր-մշակութային հանրային հեռուստաընկերություն» ՓԲԸ,,OTHER,2020,6,30741000,6,30741000,100,100,217744000,169379000,77.79,82
01574061,«Հոգևոր-մշակութային հանրային հեռուստաընկերություն» ՓԲԸ,,OTHER,2021,9,31620000,9,31620000,100,100,217744000,169379000,77.79,82
01574061,«Հոգևոր-մշակութային հանրային հեռուստաընկերություն» ՓԲԸ,,OTHER,2022,2,28420000,2,28420000,100,100,217744000,169379000,77.79,82
01574061,«Հոգևոր-մշակութային հանրային հեռուստաընկերություն» ՓԲԸ,,OTHER,2023,3,28720000,3,28720000,100,100,217744000,169379000,77.79,82
01574061,«Հոգևոր-մշակութային հանրային հեռուստաընկերություն» ՓԲԸ,,OTHER,2024,4,74205000,3,25840000,75,34.82,217744000,169379000,77.79,82
01574061,«Հոգևոր-մշակութային հանրային հեռուստաընկերություն» ՓԲԸ,,OTHER,2025,3,23042000,3,23042000,100,100,217744000,169379000,77.79,82
01548306,ՀՀ կենտրոնական ընտրական հանձնաժողով,Central electoral Commission of the Republic of Armenia,GOVERNMENTAL,2018,30,20516503,27,15745403,90,76.75,366832588,108192964,29.49,83
01548306,ՀՀ կենտրոնական ընտրական հանձնաժողով,Central electoral Commission of the Republic of Armenia,GOVERNMENTAL,2019,36,9327452,32,4481321,88.89,48.04,366832588,108192964,29.49,83
01548306,ՀՀ կենտրոնական ընտրական հանձնաժողով,Central electoral Commission of the Republic of Armenia,GOVERNMENTAL,2020,32,24110897,28,16541678,87.5,68.61,366832588,108192964,29.49,83
01548306,ՀՀ կենտրոնական ընտրական հանձնաժողով,Central electoral Commission of the Republic of Armenia,GOVERNMENTAL,2021,32,14321383,28,6676373,87.5,46.62,366832588,108192964,29.49,83
01548306,ՀՀ կենտրոնական ընտրական հանձնաժողով,Central electoral Commission of the Republic of Armenia,GOVERNMENTAL,2022,42,14318153,39,7031333,92.86,49.11,366832588,108192964,29.49,83
01548306,ՀՀ կենտրոնական ընտրական հանձնաժողով,Central electoral Commission of the Republic of Armenia,GOVERNMENTAL,2023,62,89456240,47,9450076,75.81,10.56,366832588,108192964,29.49,83
01548306,ՀՀ կենտրոնական ընտրական հանձնաժողով,Central electoral Commission of the Republic of Armenia,GOVERNMENTAL,2024,60,38077261,56,8256061,93.33,21.68,366832588,108192964,29.49,83
01548306,ՀՀ կենտրոնական ընտրական հանձնաժողով,Central electoral Commission of the Republic of Armenia,GOVERNMENTAL,2025,74,128628390,69,18168410,93.24,14.12,366832588,108192964,29.49,83
01548306,ՀՀ կենտրոնական ընտրական հանձնաժողով,Central electoral Commission of the Republic of Armenia,GOVERNMENTAL,2026,25,28076309,24,21842309,96,77.8,366832588,108192964,29.49,83
09211641,«Գորիսի բժշկական կենտրոն» ՓԲԸ,,OTHER,2018,70,111170758,2,756000,2.86,0.68,2156888012,49654275,2.3,84
09211641,«Գորիսի բժշկական կենտրոն» ՓԲԸ,,OTHER,2019,76,119856234,1,938000,1.32,0.78,2156888012,49654275,2.3,84
09211641,«Գորիսի բժշկական կենտրոն» ՓԲԸ,,OTHER,2020,107,168848196,0,0,0,0,2156888012,49654275,2.3,84
09211641,«Գորիսի բժշկական կենտրոն» ՓԲԸ,,OTHER,2021,126,245577098,0,0,0,0,2156888012,49654275,2.3,84
09211641,«Գորիսի բժշկական կենտրոն» ՓԲԸ,,OTHER,2022,121,213478131,0,0,0,0,2156888012,49654275,2.3,84
09211641,«Գորիսի բժշկական կենտրոն» ՓԲԸ,,OTHER,2023,108,223801303,5,960275,4.63,0.43,2156888012,49654275,2.3,84
09211641,«Գորիսի բժշկական կենտրոն» ՓԲԸ,,OTHER,2024,149,376657411,1,47000000,0.67,12.48,2156888012,49654275,2.3,84
09211641,«Գորիսի բժշկական կենտրոն» ՓԲԸ,,OTHER,2025,175,615506227,0,0,0,0,2156888012,49654275,2.3,84
09211641,«Գորիսի բժշկական կենտրոն» ՓԲԸ,,OTHER,2026,59,81992653,0,0,0,0,2156888012,49654275,2.3,84
00875439,«Երևանի ավտոբուս» ՓԲԸ,«Yerevan Bus» CJSC,OTHER,2021,5,9316500,0,0,0,0,16919513009,974126540,5.76,85
00875439,«Երևանի ավտոբուս» ՓԲԸ,«Yerevan Bus» CJSC,OTHER,2022,21,255550014,1,1850000,4.76,0.72,16919513009,974126540,5.76,85
00875439,«Երևանի ավտոբուս» ՓԲԸ,«Yerevan Bus» CJSC,OTHER,2023,44,3013451348,9,925929540,20.45,30.73,16919513009,974126540,5.76,85
00875439,«Երևանի ավտոբուս» ՓԲԸ,«Yerevan Bus» CJSC,OTHER,2024,30,3196296884,1,337000,3.33,0.01,16919513009,974126540,5.76,85
00875439,«Երևանի ավտոբուս» ՓԲԸ,«Yerevan Bus» CJSC,OTHER,2025,26,9503420812,3,45560000,11.54,0.48,16919513009,974126540,5.76,85
00875439,«Երևանի ավտոբուս» ՓԲԸ,«Yerevan Bus» CJSC,OTHER,2026,24,941477451,1,450000,4.17,0.05,16919513009,974126540,5.76,85
02556422,Հեռուստատեսության և ռադիոյի հանձնաժողով,Television and radio Commission,GOVERNMENTAL,2018,32,49563892,18,11785562,56.25,23.78,300863035,147949740,49.18,86
02556422,Հեռուստատեսության և ռադիոյի հանձնաժողով,Television and radio Commission,GOVERNMENTAL,2019,18,3630630,18,3630630,100,100,300863035,147949740,49.18,86
02556422,Հեռուստատեսության և ռադիոյի հանձնաժողով,Television and radio Commission,GOVERNMENTAL,2020,29,70375695,21,36678695,72.41,52.12,300863035,147949740,49.18,86
02556422,Հեռուստատեսության և ռադիոյի հանձնաժողով,Television and radio Commission,GOVERNMENTAL,2021,42,53372254,34,34331260,80.95,64.32,300863035,147949740,49.18,86
02556422,Հեռուստատեսության և ռադիոյի հանձնաժողով,Television and radio Commission,GOVERNMENTAL,2022,41,29299069,29,9976995,70.73,34.05,300863035,147949740,49.18,86
02556422,Հեռուստատեսության և ռադիոյի հանձնաժողով,Television and radio Commission,GOVERNMENTAL,2023,37,33794367,27,8424470,72.97,24.93,300863035,147949740,49.18,86
02556422,Հեռուստատեսության և ռադիոյի հանձնաժողով,Television and radio Commission,GOVERNMENTAL,2024,42,19963690,37,14938730,88.1,74.83,300863035,147949740,49.18,86
02556422,Հեռուստատեսության և ռադիոյի հանձնաժողով,Television and radio Commission,GOVERNMENTAL,2025,47,28980094,40,19300054,85.11,66.6,300863035,147949740,49.18,86
02556422,Հեռուստատեսության և ռադիոյի հանձնաժողով,Television and radio Commission,GOVERNMENTAL,2026,27,11883344,26,8883344,96.3,74.75,300863035,147949740,49.18,86
02507509,ՀՀ վիճակագրական կոմիտե,Statistical Committee of the Republic of Armenia,GOVERNMENTAL,2018,134,403681032,95,357417550,70.9,88.54,1568989470,503203149,32.07,87
02507509,ՀՀ վիճակագրական կոմիտե,Statistical Committee of the Republic of Armenia,GOVERNMENTAL,2019,130,84248029,71,34865392,54.62,41.38,1568989470,503203149,32.07,87
02507509,ՀՀ վիճակագրական կոմիտե,Statistical Committee of the Republic of Armenia,GOVERNMENTAL,2020,79,48849826,47,11692299,59.49,23.94,1568989470,503203149,32.07,87
02507509,ՀՀ վիճակագրական կոմիտե,Statistical Committee of the Republic of Armenia,GOVERNMENTAL,2021,99,41109105,64,17166100,64.65,41.76,1568989470,503203149,32.07,87
02507509,ՀՀ վիճակագրական կոմիտե,Statistical Committee of the Republic of Armenia,GOVERNMENTAL,2022,126,383064071,62,16309379,49.21,4.26,1568989470,503203149,32.07,87
02507509,ՀՀ վիճակագրական կոմիտե,Statistical Committee of the Republic of Armenia,GOVERNMENTAL,2023,92,67815729,65,22701877,70.65,33.48,1568989470,503203149,32.07,87
02507509,ՀՀ վիճակագրական կոմիտե,Statistical Committee of the Republic of Armenia,GOVERNMENTAL,2024,95,387953947,44,15871936,46.32,4.09,1568989470,503203149,32.07,87
02507509,ՀՀ վիճակագրական կոմիտե,Statistical Committee of the Republic of Armenia,GOVERNMENTAL,2025,74,100107031,39,14274501,52.7,14.26,1568989470,503203149,32.07,87
02507509,ՀՀ վիճակագրական կոմիտե,Statistical Committee of the Republic of Armenia,GOVERNMENTAL,2026,39,52160702,22,12904115,56.41,24.74,1568989470,503203149,32.07,87
04447253,ՀՀ  Արմավիրի մարզպետի աշխատակազմ,Staff of Armavir Marzpet of the Republic of Armenia,GOVERNMENTAL,2018,34,11838070,23,4250558,67.65,35.91,3974807799,367314472,9.24,88
04447253,ՀՀ  Արմավիրի մարզպետի աշխատակազմ,Staff of Armavir Marzpet of the Republic of Armenia,GOVERNMENTAL,2019,58,23100550,34,5063958,58.62,21.92,3974807799,367314472,9.24,88
04447253,ՀՀ  Արմավիրի մարզպետի աշխատակազմ,Staff of Armavir Marzpet of the Republic of Armenia,GOVERNMENTAL,2020,64,57730706,61,56233706,95.31,97.41,3974807799,367314472,9.24,88
04447253,ՀՀ  Արմավիրի մարզպետի աշխատակազմ,Staff of Armavir Marzpet of the Republic of Armenia,GOVERNMENTAL,2021,203,415185487,54,7633341,26.6,1.84,3974807799,367314472,9.24,88
04447253,ՀՀ  Արմավիրի մարզպետի աշխատակազմ,Staff of Armavir Marzpet of the Republic of Armenia,GOVERNMENTAL,2022,206,610829156,65,9076780,31.55,1.49,3974807799,367314472,9.24,88
04447253,ՀՀ  Արմավիրի մարզպետի աշխատակազմ,Staff of Armavir Marzpet of the Republic of Armenia,GOVERNMENTAL,2023,280,1042272118,147,242110258,52.5,23.23,3974807799,367314472,9.24,88
04447253,ՀՀ  Արմավիրի մարզպետի աշխատակազմ,Staff of Armavir Marzpet of the Republic of Armenia,GOVERNMENTAL,2024,305,654433381,81,9989920,26.56,1.53,3974807799,367314472,9.24,88
04447253,ՀՀ  Արմավիրի մարզպետի աշխատակազմ,Staff of Armavir Marzpet of the Republic of Armenia,GOVERNMENTAL,2025,164,774581893,103,19195516,62.8,2.48,3974807799,367314472,9.24,88
04447253,ՀՀ  Արմավիրի մարզպետի աշխատակազմ,Staff of Armavir Marzpet of the Republic of Armenia,GOVERNMENTAL,2026,64,384836439,47,13760435,73.44,3.58,3974807799,367314472,9.24,88
08907717,ՀՀ Վայոց ձորի մարզպետի աշխատակազմ,Staff of Vayotz Dzor marzpet of the Republic of Armenia,GOVERNMENTAL,2018,24,9314116,16,3589237,66.67,38.54,2109454483,145847459,6.91,89
08907717,ՀՀ Վայոց ձորի մարզպետի աշխատակազմ,Staff of Vayotz Dzor marzpet of the Republic of Armenia,GOVERNMENTAL,2019,38,30152523,20,6268663,52.63,20.79,2109454483,145847459,6.91,89
08907717,ՀՀ Վայոց ձորի մարզպետի աշխատակազմ,Staff of Vayotz Dzor marzpet of the Republic of Armenia,GOVERNMENTAL,2020,52,143858884,34,7854753,65.38,5.46,2109454483,145847459,6.91,89
08907717,ՀՀ Վայոց ձորի մարզպետի աշխատակազմ,Staff of Vayotz Dzor marzpet of the Republic of Armenia,GOVERNMENTAL,2021,54,33669105,33,20423815,61.11,60.66,2109454483,145847459,6.91,89
08907717,ՀՀ Վայոց ձորի մարզպետի աշխատակազմ,Staff of Vayotz Dzor marzpet of the Republic of Armenia,GOVERNMENTAL,2022,89,264735600,34,38537152,38.2,14.56,2109454483,145847459,6.91,89
08907717,ՀՀ Վայոց ձորի մարզպետի աշխատակազմ,Staff of Vayotz Dzor marzpet of the Republic of Armenia,GOVERNMENTAL,2023,102,209252340,39,26855819,38.24,12.83,2109454483,145847459,6.91,89
08907717,ՀՀ Վայոց ձորի մարզպետի աշխատակազմ,Staff of Vayotz Dzor marzpet of the Republic of Armenia,GOVERNMENTAL,2024,111,353450515,41,10839176,36.94,3.07,2109454483,145847459,6.91,89
08907717,ՀՀ Վայոց ձորի մարզպետի աշխատակազմ,Staff of Vayotz Dzor marzpet of the Republic of Armenia,GOVERNMENTAL,2025,60,189394265,37,9965953,61.67,5.26,2109454483,145847459,6.91,89
08907717,ՀՀ Վայոց ձորի մարզպետի աշխատակազմ,Staff of Vayotz Dzor marzpet of the Republic of Armenia,GOVERNMENTAL,2026,38,875627135,27,21512891,71.05,2.46,2109454483,145847459,6.91,89
02900687,ՀՀ արտաքին հետախուզության ծառայություն,Foreign Intelligence Service of the Republic of Armenia,GOVERNMENTAL,2024,31,55732931,30,18125057,96.77,32.52,73785411,36177537,49.03,90
02900687,ՀՀ արտաքին հետախուզության ծառայություն,Foreign Intelligence Service of the Republic of Armenia,GOVERNMENTAL,2025,13,9089020,13,9089020,100,100,73785411,36177537,49.03,90
02900687,ՀՀ արտաքին հետախուզության ծառայություն,Foreign Intelligence Service of the Republic of Armenia,GOVERNMENTAL,2026,9,8963460,9,8963460,100,100,73785411,36177537,49.03,90
00093621,«Ջրառ» ՓԲԸ,,OTHER,2018,53,119191802,17,2812295,32.08,2.36,3756163137,142995107,3.81,91
00093621,«Ջրառ» ՓԲԸ,,OTHER,2019,43,104893864,25,83644836,58.14,79.74,3756163137,142995107,3.81,91
00093621,«Ջրառ» ՓԲԸ,,OTHER,2020,58,96320020,15,15347802,25.86,15.93,3756163137,142995107,3.81,91
00093621,«Ջրառ» ՓԲԸ,,OTHER,2021,81,231442654,2,590000,2.47,0.25,3756163137,142995107,3.81,91
00093621,«Ջրառ» ՓԲԸ,,OTHER,2022,95,518943618,8,2132224,8.42,0.41,3756163137,142995107,3.81,91
00093621,«Ջրառ» ՓԲԸ,,OTHER,2023,116,1262280362,7,2764720,6.03,0.22,3756163137,142995107,3.81,91
00093621,«Ջրառ» ՓԲԸ,,OTHER,2024,110,693353157,9,2916650,8.18,0.42,3756163137,142995107,3.81,91
00093621,«Ջրառ» ՓԲԸ,,OTHER,2025,131,467449348,22,11298700,16.79,2.42,3756163137,142995107,3.81,91
00093621,«Ջրառ» ՓԲԸ,,OTHER,2026,78,262288312,19,21487880,24.36,8.19,3756163137,142995107,3.81,91
02550991,«Կրթական ծրագրերի կենտրոն» ԾԻԳ,“Center for Education Projects” PIU,GOVERNMENTAL,2024,90,5015332231,17,20765285,18.89,0.41,10112908117,34824389,0.34,92
02550991,«Կրթական ծրագրերի կենտրոն» ԾԻԳ,“Center for Education Projects” PIU,GOVERNMENTAL,2025,55,3800641761,17,5415201,30.91,0.14,10112908117,34824389,0.34,92
02550991,«Կրթական ծրագրերի կենտրոն» ԾԻԳ,“Center for Education Projects” PIU,GOVERNMENTAL,2026,71,1296934124,33,8643903,46.48,0.67,10112908117,34824389,0.34,92
04245019,ՀՀ Արարատի մարզպետի աշխատակազմ,Staff of Ararat Marzpet of the Republic of Armenia,GOVERNMENTAL,2018,38,29321573,30,4333030,78.95,14.78,6133377306,205991440,3.36,93
04245019,ՀՀ Արարատի մարզպետի աշխատակազմ,Staff of Ararat Marzpet of the Republic of Armenia,GOVERNMENTAL,2019,70,1475702951,35,8826732,50,0.6,6133377306,205991440,3.36,93
04245019,ՀՀ Արարատի մարզպետի աշխատակազմ,Staff of Ararat Marzpet of the Republic of Armenia,GOVERNMENTAL,2020,53,58997963,45,53286045,84.91,90.32,6133377306,205991440,3.36,93
04245019,ՀՀ Արարատի մարզպետի աշխատակազմ,Staff of Ararat Marzpet of the Republic of Armenia,GOVERNMENTAL,2021,40,32697800,18,7094300,45,21.7,6133377306,205991440,3.36,93
04245019,ՀՀ Արարատի մարզպետի աշխատակազմ,Staff of Ararat Marzpet of the Republic of Armenia,GOVERNMENTAL,2022,151,197317305,21,8454105,13.91,4.28,6133377306,205991440,3.36,93
04245019,ՀՀ Արարատի մարզպետի աշխատակազմ,Staff of Ararat Marzpet of the Republic of Armenia,GOVERNMENTAL,2023,187,1584957172,42,91906029,22.46,5.8,6133377306,205991440,3.36,93
04245019,ՀՀ Արարատի մարզպետի աշխատակազմ,Staff of Ararat Marzpet of the Republic of Armenia,GOVERNMENTAL,2024,193,545256960,17,7367113,8.81,1.35,6133377306,205991440,3.36,93
04245019,ՀՀ Արարատի մարզպետի աշխատակազմ,Staff of Ararat Marzpet of the Republic of Armenia,GOVERNMENTAL,2025,89,840060485,20,6650163,22.47,0.79,6133377306,205991440,3.36,93
04245019,ՀՀ Արարատի մարզպետի աշխատակազմ,Staff of Ararat Marzpet of the Republic of Armenia,GOVERNMENTAL,2026,36,1369065098,15,18073924,41.67,1.32,6133377306,205991440,3.36,93
03029935,ՀՀ Կոտայքի մարզպետի աշխատակազմ,Staff of Kotayk Marzpet of the Republic of Armenia,GOVERNMENTAL,2018,32,14235026,15,2681100,46.88,18.83,3966834127,1253621546,31.6,94
03029935,ՀՀ Կոտայքի մարզպետի աշխատակազմ,Staff of Kotayk Marzpet of the Republic of Armenia,GOVERNMENTAL,2019,50,63538520,21,44386200,42,69.86,3966834127,1253621546,31.6,94
03029935,ՀՀ Կոտայքի մարզպետի աշխատակազմ,Staff of Kotayk Marzpet of the Republic of Armenia,GOVERNMENTAL,2020,26,26321160,21,13576460,80.77,51.58,3966834127,1253621546,31.6,94
03029935,ՀՀ Կոտայքի մարզպետի աշխատակազմ,Staff of Kotayk Marzpet of the Republic of Armenia,GOVERNMENTAL,2021,77,63528234,23,6130400,29.87,9.65,3966834127,1253621546,31.6,94
03029935,ՀՀ Կոտայքի մարզպետի աշխատակազմ,Staff of Kotayk Marzpet of the Republic of Armenia,GOVERNMENTAL,2022,140,1078980374,18,14474456,12.86,1.34,3966834127,1253621546,31.6,94
03029935,ՀՀ Կոտայքի մարզպետի աշխատակազմ,Staff of Kotayk Marzpet of the Republic of Armenia,GOVERNMENTAL,2023,433,1497828444,311,1140626340,71.82,76.15,3966834127,1253621546,31.6,94
03029935,ՀՀ Կոտայքի մարզպետի աշխատակազմ,Staff of Kotayk Marzpet of the Republic of Armenia,GOVERNMENTAL,2024,170,718644756,22,9477440,12.94,1.32,3966834127,1253621546,31.6,94
03029935,ՀՀ Կոտայքի մարզպետի աշխատակազմ,Staff of Kotayk Marzpet of the Republic of Armenia,GOVERNMENTAL,2025,66,147591472,25,8950300,37.88,6.06,3966834127,1253621546,31.6,94
03029935,ՀՀ Կոտայքի մարզպետի աշխատակազմ,Staff of Kotayk Marzpet of the Republic of Armenia,GOVERNMENTAL,2026,33,356166140,19,13318850,57.58,3.74,3966834127,1253621546,31.6,94
02580459,«Հայաստանի վերականգնվող էներգետիկայի և էներգախնայողության» հիմնադրամ,,OTHER,2018,3,1890000,2,390000,66.67,20.63,167877882,42998588,25.61,95
02580459,«Հայաստանի վերականգնվող էներգետիկայի և էներգախնայողության» հիմնադրամ,,OTHER,2019,1,1224000,0,0,0,0,167877882,42998588,25.61,95
02580459,«Հայաստանի վերականգնվող էներգետիկայի և էներգախնայողության» հիմնադրամ,,OTHER,2022,50,10645608,48,5529608,96,51.94,167877882,42998588,25.61,95
02580459,«Հայաստանի վերականգնվող էներգետիկայի և էներգախնայողության» հիմնադրամ,,OTHER,2023,81,27457351,76,8450153,93.83,30.78,167877882,42998588,25.61,95
02580459,«Հայաստանի վերականգնվող էներգետիկայի և էներգախնայողության» հիմնադրամ,,OTHER,2024,53,20149992,48,8214992,90.57,40.77,167877882,42998588,25.61,95
02580459,«Հայաստանի վերականգնվող էներգետիկայի և էներգախնայողության» հիմնադրամ,,OTHER,2025,58,86820893,52,10133797,89.66,11.67,167877882,42998588,25.61,95
02580459,«Հայաստանի վերականգնվող էներգետիկայի և էներգախնայողության» հիմնադրամ,,OTHER,2026,23,19690038,20,10280038,86.96,52.21,167877882,42998588,25.61,95
00009381,«Երևանտրանս» ՓԲԸ,"""Yerevantrans"" CJSC",OTHER,2022,12,45385812,0,0,0,0,319608409,27605000,8.64,96
00009381,«Երևանտրանս» ՓԲԸ,"""Yerevantrans"" CJSC",OTHER,2024,12,235369520,0,0,0,0,319608409,27605000,8.64,96
00009381,«Երևանտրանս» ՓԲԸ,"""Yerevantrans"" CJSC",OTHER,2025,7,38853077,2,27605000,28.57,71.05,319608409,27605000,8.64,96
03546083,Ակունքի համայնքապետարան,Akunk community,URBAN,2025,23,37091474,22,17795474,95.65,47.98,325526251,26864874,8.25,97
03546083,Ակունքի համայնքապետարան,Akunk community,URBAN,2026,28,288434777,15,9069400,53.57,3.14,325526251,26864874,8.25,97
2653919,«Օրենսդրության զարգացման կենտրոն» հիմնադրամ,"""Center for legislation development"" Foundation",OTHER,2023,27,38541841,19,30155160,70.37,78.24,84814420,52427739,61.81,98
2653919,«Օրենսդրության զարգացման կենտրոն» հիմնադրամ,"""Center for legislation development"" Foundation",OTHER,2024,6,30900000,4,6900000,66.67,22.33,84814420,52427739,61.81,98
2653919,«Օրենսդրության զարգացման կենտրոն» հիմնադրամ,"""Center for legislation development"" Foundation",OTHER,2025,13,9658400,13,9658400,100,100,84814420,52427739,61.81,98
2653919,«Օրենսդրության զարգացման կենտրոն» հիմնադրամ,"""Center for legislation development"" Foundation",OTHER,2026,4,5714179,4,5714179,100,100,84814420,52427739,61.81,98
01227131,«Ավիաբուժ» բժշկական կենտրոն ՓԲԸ,,OTHER,2020,1,1692000,0,0,0,0,33053050,21307150,64.46,99
01227131,«Ավիաբուժ» բժշկական կենտրոն ՓԲԸ,,OTHER,2021,1,1386000,0,0,0,0,33053050,21307150,64.46,99
01227131,«Ավիաբուժ» բժշկական կենտրոն ՓԲԸ,,OTHER,2022,1,1497000,0,0,0,0,33053050,21307150,64.46,99
01227131,«Ավիաբուժ» բժշկական կենտրոն ՓԲԸ,,OTHER,2023,1,1275100,0,0,0,0,33053050,21307150,64.46,99
01227131,«Ավիաբուժ» բժշկական կենտրոն ՓԲԸ,,OTHER,2024,1,1968000,0,0,0,0,33053050,21307150,64.46,99
01227131,«Ավիաբուժ» բժշկական կենտրոն ՓԲԸ,,OTHER,2025,41,13810717,40,11850917,97.56,85.81,33053050,21307150,64.46,99
01227131,«Ավիաբուժ» բժշկական կենտրոն ՓԲԸ,,OTHER,2026,35,11424233,34,9456233,97.14,82.77,33053050,21307150,64.46,99
01804548,«Հայատոմ» ԳՀԻ ՓԲԸ,,OTHER,2018,43,15252653,37,2881733,86.05,18.89,161284368,63647370,39.46,100
01804548,«Հայատոմ» ԳՀԻ ՓԲԸ,,OTHER,2019,8,11762675,6,11762675,75,100,161284368,63647370,39.46,100
01804548,«Հայատոմ» ԳՀԻ ՓԲԸ,,OTHER,2020,158,59558030,151,7657230,95.57,12.86,161284368,63647370,39.46,100
01804548,«Հայատոմ» ԳՀԻ ՓԲԸ,,OTHER,2021,126,20415736,116,10306634,92.06,50.48,161284368,63647370,39.46,100
01804548,«Հայատոմ» ԳՀԻ ՓԲԸ,,OTHER,2022,68,8920571,66,7016571,97.06,78.66,161284368,63647370,39.46,100
01804548,«Հայատոմ» ԳՀԻ ՓԲԸ,,OTHER,2023,80,20906107,74,7843931,92.5,37.52,161284368,63647370,39.46,100
01804548,«Հայատոմ» ԳՀԻ ՓԲԸ,,OTHER,2024,65,14167079,62,8877079,95.38,62.66,161284368,63647370,39.46,100
01804548,«Հայատոմ» ԳՀԻ ՓԲԸ,,OTHER,2025,37,6878028,36,5318028,97.3,77.32,161284368,63647370,39.46,100
01804548,«Հայատոմ» ԳՀԻ ՓԲԸ,,OTHER,2026,19,3423489,18,1983489,94.74,57.94,161284368,63647370,39.46,100
09705024,«Մեղրու տարածաշրջանային բժշկական կենտրոն» ՓԲԸ,,OTHER,2018,56,13722266,3,11700,5.36,0.09,313763683,29338438,9.35,101
09705024,«Մեղրու տարածաշրջանային բժշկական կենտրոն» ՓԲԸ,,OTHER,2019,76,13892974,14,1835313,18.42,13.21,313763683,29338438,9.35,101
09705024,«Մեղրու տարածաշրջանային բժշկական կենտրոն» ՓԲԸ,,OTHER,2020,66,27643822,7,3132610,10.61,11.33,313763683,29338438,9.35,101
09705024,«Մեղրու տարածաշրջանային բժշկական կենտրոն» ՓԲԸ,,OTHER,2021,65,41147603,4,2200300,6.15,5.35,313763683,29338438,9.35,101
09705024,«Մեղրու տարածաշրջանային բժշկական կենտրոն» ՓԲԸ,,OTHER,2022,58,40929970,9,3521740,15.52,8.6,313763683,29338438,9.35,101
09705024,«Մեղրու տարածաշրջանային բժշկական կենտրոն» ՓԲԸ,,OTHER,2023,64,32432429,5,3311650,7.81,10.21,313763683,29338438,9.35,101
09705024,«Մեղրու տարածաշրջանային բժշկական կենտրոն» ՓԲԸ,,OTHER,2024,89,54377949,12,7128300,13.48,13.11,313763683,29338438,9.35,101
09705024,«Մեղրու տարածաշրջանային բժշկական կենտրոն» ՓԲԸ,,OTHER,2025,99,62193927,16,7424325,16.16,11.94,313763683,29338438,9.35,101
09705024,«Մեղրու տարածաշրջանային բժշկական կենտրոն» ՓԲԸ,,OTHER,2026,30,27422743,1,772500,3.33,2.82,313763683,29338438,9.35,101
00219641,«Ստանդարտացման և չափագիտության ազգային մարմին» ՓԲԸ,«National Body for Standards and Metrology» GJSC,OTHER,2020,3,4755200,0,0,0,0,705409742,15719971,2.23,102
00219641,«Ստանդարտացման և չափագիտության ազգային մարմին» ՓԲԸ,«National Body for Standards and Metrology» GJSC,OTHER,2021,2,4713000,1,693000,50,14.7,705409742,15719971,2.23,102
00219641,«Ստանդարտացման և չափագիտության ազգային մարմին» ՓԲԸ,«National Body for Standards and Metrology» GJSC,OTHER,2023,9,13519812,0,0,0,0,705409742,15719971,2.23,102
00219641,«Ստանդարտացման և չափագիտության ազգային մարմին» ՓԲԸ,«National Body for Standards and Metrology» GJSC,OTHER,2024,21,612034119,0,0,0,0,705409742,15719971,2.23,102
00219641,«Ստանդարտացման և չափագիտության ազգային մարմին» ՓԲԸ,«National Body for Standards and Metrology» GJSC,OTHER,2025,1,1564992,0,0,0,0,705409742,15719971,2.23,102
00219641,«Ստանդարտացման և չափագիտության ազգային մարմին» ՓԲԸ,«National Body for Standards and Metrology» GJSC,OTHER,2026,97,68822619,74,15026971,76.29,21.83,705409742,15719971,2.23,102
09215376,Տեղի համայնքապետարան,Tegh municipality,URBAN,2025,20,7571275,20,7571275,100,100,13519275,13519275,100,103
09215376,Տեղի համայնքապետարան,Tegh municipality,URBAN,2026,4,5948000,4,5948000,100,100,13519275,13519275,100,103
02702598,«Ճանապարհային դեպարտամենտ» հիմնադրամ,“Road Department” Fund,OTHER,2022,16,38133220,1,1133000,6.25,2.97,225644329,17781054,7.88,104
02702598,«Ճանապարհային դեպարտամենտ» հիմնադրամ,“Road Department” Fund,OTHER,2023,24,85539228,10,4030430,41.67,4.71,225644329,17781054,7.88,104
02702598,«Ճանապարհային դեպարտամենտ» հիմնադրամ,“Road Department” Fund,OTHER,2025,35,50921437,13,5210340,37.14,10.23,225644329,17781054,7.88,104
02702598,«Ճանապարհային դեպարտամենտ» հիմնադրամ,“Road Department” Fund,OTHER,2026,17,51050444,13,7407284,76.47,14.51,225644329,17781054,7.88,104
04201153,Արտաշատի համայնքապետարան,Artashat community municipality,URBAN,2018,3,15948600,0,0,0,0,5579581278,44236430,0.79,105
04201153,Արտաշատի համայնքապետարան,Artashat community municipality,URBAN,2019,11,39490710,2,336430,18.18,0.85,5579581278,44236430,0.79,105
04201153,Արտաշատի համայնքապետարան,Artashat community municipality,URBAN,2020,16,325733597,4,2530000,25,0.78,5579581278,44236430,0.79,105
04201153,Արտաշատի համայնքապետարան,Artashat community municipality,URBAN,2023,4,71346000,1,29400000,25,41.21,5579581278,44236430,0.79,105
04201153,Արտաշատի համայնքապետարան,Artashat community municipality,URBAN,2024,13,161642283,0,0,0,0,5579581278,44236430,0.79,105
04201153,Արտաշատի համայնքապետարան,Artashat community municipality,URBAN,2025,51,1200685049,2,8400000,3.92,0.7,5579581278,44236430,0.79,105
04201153,Արտաշատի համայնքապետարան,Artashat community municipality,URBAN,2026,41,3764735039,1,3570000,2.44,0.09,5579581278,44236430,0.79,105
01544167,«Հաշվարկային կենտրոն» ՓԲԸ,,OTHER,2018,40,70445437,28,14398973,70,20.44,906948284,150215944,16.56,106
01544167,«Հաշվարկային կենտրոն» ՓԲԸ,,OTHER,2019,53,33575729,40,10011077,75.47,29.82,906948284,150215944,16.56,106
01544167,«Հաշվարկային կենտրոն» ՓԲԸ,,OTHER,2020,35,127901968,28,7193816,80,5.62,906948284,150215944,16.56,106
01544167,«Հաշվարկային կենտրոն» ՓԲԸ,,OTHER,2021,42,72751189,32,7646521,76.19,10.51,906948284,150215944,16.56,106
01544167,«Հաշվարկային կենտրոն» ՓԲԸ,,OTHER,2022,46,104831186,34,70572412,73.91,67.32,906948284,150215944,16.56,106
01544167,«Հաշվարկային կենտրոն» ՓԲԸ,,OTHER,2023,31,108329328,22,28673322,70.97,26.47,906948284,150215944,16.56,106
01544167,«Հաշվարկային կենտրոն» ՓԲԸ,,OTHER,2024,35,112202393,19,4583176,54.29,4.08,906948284,150215944,16.56,106
01544167,«Հաշվարկային կենտրոն» ՓԲԸ,,OTHER,2025,38,143831455,21,4724639,55.26,3.28,906948284,150215944,16.56,106
01544167,«Հաշվարկային կենտրոն» ՓԲԸ,,OTHER,2026,22,133079599,12,2412007,54.55,1.81,906948284,150215944,16.56,106
04000436,Արարատի համայնքապետարան,Ararat community municipality,URBAN,2018,9,75129131,0,0,0,0,10089119410,73404400,0.73,107
04000436,Արարատի համայնքապետարան,Ararat community municipality,URBAN,2019,6,44814000,0,0,0,0,10089119410,73404400,0.73,107
04000436,Արարատի համայնքապետարան,Ararat community municipality,URBAN,2020,7,156505343,0,0,0,0,10089119410,73404400,0.73,107
04000436,Արարատի համայնքապետարան,Ararat community municipality,URBAN,2021,9,199409520,1,40102400,11.11,20.11,10089119410,73404400,0.73,107
04000436,Արարատի համայնքապետարան,Ararat community municipality,URBAN,2022,54,1249827961,0,0,0,0,10089119410,73404400,0.73,107
04000436,Արարատի համայնքապետարան,Ararat community municipality,URBAN,2023,49,2070132413,2,22172000,4.08,1.07,10089119410,73404400,0.73,107
04000436,Արարատի համայնքապետարան,Ararat community municipality,URBAN,2024,37,1445090209,2,5760000,5.41,0.4,10089119410,73404400,0.73,107
04000436,Արարատի համայնքապետարան,Ararat community municipality,URBAN,2025,39,2366175003,2,5370000,5.13,0.23,10089119410,73404400,0.73,107
04000436,Արարատի համայնքապետարան,Ararat community municipality,URBAN,2026,29,2482035830,0,0,0,0,10089119410,73404400,0.73,107
06902087,«Լոռու մարզային հոգենյարդաբանական դիսպանսեր» ՊՓԲԸ,,OTHER,2018,20,6535373,14,2358474,70,36.09,98252238,30506770,31.05,108
06902087,«Լոռու մարզային հոգենյարդաբանական դիսպանսեր» ՊՓԲԸ,,OTHER,2019,30,14216026,20,2988220,66.67,21.02,98252238,30506770,31.05,108
06902087,«Լոռու մարզային հոգենյարդաբանական դիսպանսեր» ՊՓԲԸ,,OTHER,2020,24,12925154,11,2957147,45.83,22.88,98252238,30506770,31.05,108
06902087,«Լոռու մարզային հոգենյարդաբանական դիսպանսեր» ՊՓԲԸ,,OTHER,2021,31,14703652,21,5604680,67.74,38.12,98252238,30506770,31.05,108
06902087,«Լոռու մարզային հոգենյարդաբանական դիսպանսեր» ՊՓԲԸ,,OTHER,2022,22,14479675,10,2562884,45.45,17.7,98252238,30506770,31.05,108
06902087,«Լոռու մարզային հոգենյարդաբանական դիսպանսեր» ՊՓԲԸ,,OTHER,2023,33,19620381,15,3217287,45.45,16.4,98252238,30506770,31.05,108
06902087,«Լոռու մարզային հոգենյարդաբանական դիսպանսեր» ՊՓԲԸ,,OTHER,2024,22,10394306,21,5453906,95.45,52.47,98252238,30506770,31.05,108
06902087,«Լոռու մարզային հոգենյարդաբանական դիսպանսեր» ՊՓԲԸ,,OTHER,2025,29,5377672,28,5364172,96.55,99.75,98252238,30506770,31.05,108
00156064,Հայաստանի խաղողագործության և գինեգործության հիմնադրամ,,OTHER,2018,7,6454700,4,3870000,57.14,59.96,521510621,59446624,11.4,109
00156064,Հայաստանի խաղողագործության և գինեգործության հիմնադրամ,,OTHER,2019,8,40270000,1,900000,12.5,2.23,521510621,59446624,11.4,109
00156064,Հայաստանի խաղողագործության և գինեգործության հիմնադրամ,,OTHER,2020,8,85365600,0,0,0,0,521510621,59446624,11.4,109
00156064,Հայաստանի խաղողագործության և գինեգործության հիմնադրամ,,OTHER,2021,32,103249250,20,10304750,62.5,9.98,521510621,59446624,11.4,109
00156064,Հայաստանի խաղողագործության և գինեգործության հիմնադրամ,,OTHER,2022,64,40727274,62,23125754,96.88,56.78,521510621,59446624,11.4,109
00156064,Հայաստանի խաղողագործության և գինեգործության հիմնադրամ,,OTHER,2023,24,11684540,24,11684540,100,100,521510621,59446624,11.4,109
00156064,Հայաստանի խաղողագործության և գինեգործության հիմնադրամ,,OTHER,2024,3,10968800,2,1970000,66.67,17.96,521510621,59446624,11.4,109
00156064,Հայաստանի խաղողագործության և գինեգործության հիմնադրամ,,OTHER,2025,1,215198877,0,0,0,0,521510621,59446624,11.4,109
00156064,Հայաստանի խաղողագործության և գինեգործության հիմնադրամ,,OTHER,2026,13,7591580,13,7591580,100,100,521510621,59446624,11.4,109
06101029,Արթիկի համայնքապետարան,Artik community municipality,URBAN,2018,9,56320622,1,240000,11.11,0.43,11390098315,20296000,0.18,110
06101029,Արթիկի համայնքապետարան,Artik community municipality,URBAN,2019,12,66830485,4,6440000,33.33,9.64,11390098315,20296000,0.18,110
06101029,Արթիկի համայնքապետարան,Artik community municipality,URBAN,2020,9,36752395,0,0,0,0,11390098315,20296000,0.18,110
06101029,Արթիկի համայնքապետարան,Artik community municipality,URBAN,2021,18,325061942,0,0,0,0,11390098315,20296000,0.18,110
06101029,Արթիկի համայնքապետարան,Artik community municipality,URBAN,2022,89,955717802,2,4379000,2.25,0.46,11390098315,20296000,0.18,110
06101029,Արթիկի համայնքապետարան,Artik community municipality,URBAN,2023,64,4790676504,0,0,0,0,11390098315,20296000,0.18,110
06101029,Արթիկի համայնքապետարան,Artik community municipality,URBAN,2024,119,1180718534,0,0,0,0,11390098315,20296000,0.18,110
06101029,Արթիկի համայնքապետարան,Artik community municipality,URBAN,2025,88,706197062,4,9237000,4.55,1.31,11390098315,20296000,0.18,110
06101029,Արթիկի համայնքապետարան,Artik community municipality,URBAN,2026,79,3271822969,0,0,0,0,11390098315,20296000,0.18,110
01204026,«Ավիաուսումնական կենտրոն» ՓԲԸ,,OTHER,2018,21,75619515,19,2706015,90.48,3.58,97794683,16217895,16.58,111
01204026,«Ավիաուսումնական կենտրոն» ՓԲԸ,,OTHER,2019,9,2672235,6,2005035,66.67,75.03,97794683,16217895,16.58,111
01204026,«Ավիաուսումնական կենտրոն» ՓԲԸ,,OTHER,2020,6,1524388,2,288300,33.33,18.91,97794683,16217895,16.58,111
01204026,«Ավիաուսումնական կենտրոն» ՓԲԸ,,OTHER,2021,2,853100,2,853100,100,100,97794683,16217895,16.58,111
01204026,«Ավիաուսումնական կենտրոն» ՓԲԸ,,OTHER,2022,1,717000,1,717000,100,100,97794683,16217895,16.58,111
01204026,«Ավիաուսումնական կենտրոն» ՓԲԸ,,OTHER,2023,1,465000,1,465000,100,100,97794683,16217895,16.58,111
01204026,«Ավիաուսումնական կենտրոն» ՓԲԸ,,OTHER,2025,12,5128830,12,5128830,100,100,97794683,16217895,16.58,111
01204026,«Ավիաուսումնական կենտրոն» ՓԲԸ,,OTHER,2026,13,10814615,12,4054615,92.31,37.49,97794683,16217895,16.58,111
02235034,«Սուրբ աստվածամայր» ԲԿ ՓԲԸ,“Sourb Astvatsamayr” Medical Centre CJSC,OTHER,2026,20,8942430,20,8942430,100,100,8942430,8942430,100,112
03502073,ՀՀ Կոտայքի մարզ Աբովյանի համայնքապետարան,RA Kotayq region Abovyan municipality,URBAN,2022,39,759458185,3,2335000,7.69,0.31,2844641652,20543500,0.72,113
03502073,ՀՀ Կոտայքի մարզ Աբովյանի համայնքապետարան,RA Kotayq region Abovyan municipality,URBAN,2023,108,1523350270,15,9613500,13.89,0.63,2844641652,20543500,0.72,113
03502073,ՀՀ Կոտայքի մարզ Աբովյանի համայնքապետարան,RA Kotayq region Abovyan municipality,URBAN,2024,106,525392229,2,8200000,1.89,1.56,2844641652,20543500,0.72,113
03502073,ՀՀ Կոտայքի մարզ Աբովյանի համայնքապետարան,RA Kotayq region Abovyan municipality,URBAN,2025,17,36440967,2,395000,11.76,1.08,2844641652,20543500,0.72,113
03001885,Ծաղկաձորի համայնքապետարան,Tsaghkadzor community municipality,URBAN,2018,21,52961230,3,3647690,14.29,6.89,5738055381,11137690,0.19,114
03001885,Ծաղկաձորի համայնքապետարան,Tsaghkadzor community municipality,URBAN,2019,18,216487469,0,0,0,0,5738055381,11137690,0.19,114
03001885,Ծաղկաձորի համայնքապետարան,Tsaghkadzor community municipality,URBAN,2020,3,6195000,0,0,0,0,5738055381,11137690,0.19,114
03001885,Ծաղկաձորի համայնքապետարան,Tsaghkadzor community municipality,URBAN,2021,20,208065463,0,0,0,0,5738055381,11137690,0.19,114
03001885,Ծաղկաձորի համայնքապետարան,Tsaghkadzor community municipality,URBAN,2022,6,9806300,0,0,0,0,5738055381,11137690,0.19,114
03001885,Ծաղկաձորի համայնքապետարան,Tsaghkadzor community municipality,URBAN,2023,80,1390796827,0,0,0,0,5738055381,11137690,0.19,114
03001885,Ծաղկաձորի համայնքապետարան,Tsaghkadzor community municipality,URBAN,2024,52,1462726167,0,0,0,0,5738055381,11137690,0.19,114
03001885,Ծաղկաձորի համայնքապետարան,Tsaghkadzor community municipality,URBAN,2025,82,2107873245,1,7490000,1.22,0.36,5738055381,11137690,0.19,114
03001885,Ծաղկաձորի համայնքապետարան,Tsaghkadzor community municipality,URBAN,2026,15,283143680,0,0,0,0,5738055381,11137690,0.19,114
05300705,Թալինի համայնքապետարան,Talin community municipality,URBAN,2018,5,32419720,0,0,0,0,6742364219,13761860,0.2,115
05300705,Թալինի համայնքապետարան,Talin community municipality,URBAN,2019,6,15730000,0,0,0,0,6742364219,13761860,0.2,115
05300705,Թալինի համայնքապետարան,Talin community municipality,URBAN,2020,10,6899000,0,0,0,0,6742364219,13761860,0.2,115
05300705,Թալինի համայնքապետարան,Talin community municipality,URBAN,2021,10,29866529,0,0,0,0,6742364219,13761860,0.2,115
05300705,Թալինի համայնքապետարան,Talin community municipality,URBAN,2022,9,239691500,0,0,0,0,6742364219,13761860,0.2,115
05300705,Թալինի համայնքապետարան,Talin community municipality,URBAN,2023,170,542370631,2,7134810,1.18,1.32,6742364219,13761860,0.2,115
05300705,Թալինի համայնքապետարան,Talin community municipality,URBAN,2024,207,1256834448,5,6627050,2.42,0.53,6742364219,13761860,0.2,115
05300705,Թալինի համայնքապետարան,Talin community municipality,URBAN,2025,206,4265633588,0,0,0,0,6742364219,13761860,0.2,115
05300705,Թալինի համայնքապետարան,Talin community municipality,URBAN,2026,93,352918804,0,0,0,0,6742364219,13761860,0.2,115
00173999,«Գեոկոսմոս» ՓԲԸ,,OTHER,2018,7,16690082,0,0,0,0,30416560,6397160,21.03,116
00173999,«Գեոկոսմոս» ՓԲԸ,,OTHER,2019,1,0,0,0,0,0,30416560,6397160,21.03,116
00173999,«Գեոկոսմոս» ՓԲԸ,,OTHER,2023,4,7329318,0,0,0,0,30416560,6397160,21.03,116
00173999,«Գեոկոսմոս» ՓԲԸ,,OTHER,2025,1,160000,1,160000,100,100,30416560,6397160,21.03,116
00173999,«Գեոկոսմոս» ՓԲԸ,,OTHER,2026,14,6237160,14,6237160,100,100,30416560,6397160,21.03,116
00000911,«Կարեն Դեմիրճյանի անվան Երևանի մետրոպոլիտեն» ՓԲԸ,,OTHER,2018,46,86120532,0,0,0,0,3461985012,16271269,0.47,117
00000911,«Կարեն Դեմիրճյանի անվան Երևանի մետրոպոլիտեն» ՓԲԸ,,OTHER,2019,5,208019302,0,0,0,0,3461985012,16271269,0.47,117
00000911,«Կարեն Դեմիրճյանի անվան Երևանի մետրոպոլիտեն» ՓԲԸ,,OTHER,2020,183,413981714,1,2391120,0.55,0.58,3461985012,16271269,0.47,117
00000911,«Կարեն Դեմիրճյանի անվան Երևանի մետրոպոլիտեն» ՓԲԸ,,OTHER,2021,219,654050679,1,252000,0.46,0.04,3461985012,16271269,0.47,117
00000911,«Կարեն Դեմիրճյանի անվան Երևանի մետրոպոլիտեն» ՓԲԸ,,OTHER,2022,6,14089480,0,0,0,0,3461985012,16271269,0.47,117
00000911,«Կարեն Դեմիրճյանի անվան Երևանի մետրոպոլիտեն» ՓԲԸ,,OTHER,2023,34,107499705,6,7395800,17.65,6.88,3461985012,16271269,0.47,117
00000911,«Կարեն Դեմիրճյանի անվան Երևանի մետրոպոլիտեն» ՓԲԸ,,OTHER,2024,64,927724861,5,3705580,7.81,0.4,3461985012,16271269,0.47,117
00000911,«Կարեն Դեմիրճյանի անվան Երևանի մետրոպոլիտեն» ՓԲԸ,,OTHER,2025,53,639278840,3,2425000,5.66,0.38,3461985012,16271269,0.47,117
00000911,«Կարեն Դեմիրճյանի անվան Երևանի մետրոպոլիտեն» ՓԲԸ,,OTHER,2026,43,411219899,2,101769,4.65,0.02,3461985012,16271269,0.47,117
01505555,«Հայաստանի գեղարվեստի պետական ակադեմիա» հիմնադրամ,"""State Academy of Fine Arts of Armenia"" Foundation",OTHER,2018,18,12176832,0,0,0,0,289149957,6024230,2.08,118
01505555,«Հայաստանի գեղարվեստի պետական ակադեմիա» հիմնադրամ,"""State Academy of Fine Arts of Armenia"" Foundation",OTHER,2019,20,23022960,0,0,0,0,289149957,6024230,2.08,118
01505555,«Հայաստանի գեղարվեստի պետական ակադեմիա» հիմնադրամ,"""State Academy of Fine Arts of Armenia"" Foundation",OTHER,2020,21,18906890,0,0,0,0,289149957,6024230,2.08,118
01505555,«Հայաստանի գեղարվեստի պետական ակադեմիա» հիմնադրամ,"""State Academy of Fine Arts of Armenia"" Foundation",OTHER,2021,22,22276601,0,0,0,0,289149957,6024230,2.08,118
01505555,«Հայաստանի գեղարվեստի պետական ակադեմիա» հիմնադրամ,"""State Academy of Fine Arts of Armenia"" Foundation",OTHER,2022,27,96018776,0,0,0,0,289149957,6024230,2.08,118
01505555,«Հայաստանի գեղարվեստի պետական ակադեմիա» հիմնադրամ,"""State Academy of Fine Arts of Armenia"" Foundation",OTHER,2023,32,56691482,0,0,0,0,289149957,6024230,2.08,118
01505555,«Հայաստանի գեղարվեստի պետական ակադեմիա» հիմնադրամ,"""State Academy of Fine Arts of Armenia"" Foundation",OTHER,2024,28,32696756,0,0,0,0,289149957,6024230,2.08,118
01505555,«Հայաստանի գեղարվեստի պետական ակադեմիա» հիմնադրամ,"""State Academy of Fine Arts of Armenia"" Foundation",OTHER,2025,42,18960679,9,2946250,21.43,15.54,289149957,6024230,2.08,118
01505555,«Հայաստանի գեղարվեստի պետական ակադեմիա» հիմնադրամ,"""State Academy of Fine Arts of Armenia"" Foundation",OTHER,2026,7,8398980,5,3077980,71.43,36.65,289149957,6024230,2.08,118
05500891,«Գյումրու Վ. Աբաջյանի անվան Ընտանեկան բժշկության կենտրոն» ՓԲԸ,,OTHER,2018,27,7605535,10,1059200,37.04,13.93,115594071,13971408,12.09,119
05500891,«Գյումրու Վ. Աբաջյանի անվան Ընտանեկան բժշկության կենտրոն» ՓԲԸ,,OTHER,2019,24,3353064,18,2543708,75,75.86,115594071,13971408,12.09,119
05500891,«Գյումրու Վ. Աբաջյանի անվան Ընտանեկան բժշկության կենտրոն» ՓԲԸ,,OTHER,2022,28,21495751,11,3714100,39.29,17.28,115594071,13971408,12.09,119
05500891,«Գյումրու Վ. Աբաջյանի անվան Ընտանեկան բժշկության կենտրոն» ՓԲԸ,,OTHER,2023,21,11098528,2,1371300,9.52,12.36,115594071,13971408,12.09,119
05500891,«Գյումրու Վ. Աբաջյանի անվան Ընտանեկան բժշկության կենտրոն» ՓԲԸ,,OTHER,2024,29,52640341,5,1770810,17.24,3.36,115594071,13971408,12.09,119
05500891,«Գյումրու Վ. Աբաջյանի անվան Ընտանեկան բժշկության կենտրոն» ՓԲԸ,,OTHER,2025,36,9615867,4,219060,11.11,2.28,115594071,13971408,12.09,119
05500891,«Գյումրու Վ. Աբաջյանի անվան Ընտանեկան բժշկության կենտրոն» ՓԲԸ,,OTHER,2026,23,9784984,11,3293230,47.83,33.66,115594071,13971408,12.09,119
09425378,Մեղրիի համայնքապետարան,Meghri community municipality,URBAN,2018,36,77410700,28,8938700,77.78,11.55,2074724470,57960904,2.79,120
09425378,Մեղրիի համայնքապետարան,Meghri community municipality,URBAN,2019,2,999600,2,999600,100,100,2074724470,57960904,2.79,120
09425378,Մեղրիի համայնքապետարան,Meghri community municipality,URBAN,2020,45,523284820,40,16960820,88.89,3.24,2074724470,57960904,2.79,120
09425378,Մեղրիի համայնքապետարան,Meghri community municipality,URBAN,2021,35,133002253,29,10020354,82.86,7.53,2074724470,57960904,2.79,120
09425378,Մեղրիի համայնքապետարան,Meghri community municipality,URBAN,2022,5,10152000,0,0,0,0,2074724470,57960904,2.79,120
09425378,Մեղրիի համայնքապետարան,Meghri community municipality,URBAN,2023,78,234765078,46,16651430,58.97,7.09,2074724470,57960904,2.79,120
09425378,Մեղրիի համայնքապետարան,Meghri community municipality,URBAN,2024,27,462176740,8,4390000,29.63,0.95,2074724470,57960904,2.79,120
09425378,Մեղրիի համայնքապետարան,Meghri community municipality,URBAN,2025,24,632933279,0,0,0,0,2074724470,57960904,2.79,120
08803091,ՎԱՐԴԵՆԻՍԻ ԲԺՇԿԱԿԱՆ ԿԵՆՏՐՈՆ ՓԲԸ,Vardenis Medical Center CJSC,OTHER,2020,8,6666210,0,0,0,0,91246187,4118678,4.51,121
08803091,ՎԱՐԴԵՆԻՍԻ ԲԺՇԿԱԿԱՆ ԿԵՆՏՐՈՆ ՓԲԸ,Vardenis Medical Center CJSC,OTHER,2021,4,593512,0,0,0,0,91246187,4118678,4.51,121
08803091,ՎԱՐԴԵՆԻՍԻ ԲԺՇԿԱԿԱՆ ԿԵՆՏՐՈՆ ՓԲԸ,Vardenis Medical Center CJSC,OTHER,2022,2,4711900,0,0,0,0,91246187,4118678,4.51,121
08803091,ՎԱՐԴԵՆԻՍԻ ԲԺՇԿԱԿԱՆ ԿԵՆՏՐՈՆ ՓԲԸ,Vardenis Medical Center CJSC,OTHER,2023,2,6496000,0,0,0,0,91246187,4118678,4.51,121
08803091,ՎԱՐԴԵՆԻՍԻ ԲԺՇԿԱԿԱՆ ԿԵՆՏՐՈՆ ՓԲԸ,Vardenis Medical Center CJSC,OTHER,2024,1,42000,1,42000,100,100,91246187,4118678,4.51,121
08803091,ՎԱՐԴԵՆԻՍԻ ԲԺՇԿԱԿԱՆ ԿԵՆՏՐՈՆ ՓԲԸ,Vardenis Medical Center CJSC,OTHER,2025,58,57282565,16,2962678,27.59,5.17,91246187,4118678,4.51,121
08803091,ՎԱՐԴԵՆԻՍԻ ԲԺՇԿԱԿԱՆ ԿԵՆՏՐՈՆ ՓԲԸ,Vardenis Medical Center CJSC,OTHER,2026,6,15454000,5,1114000,83.33,7.21,91246187,4118678,4.51,121
02697868,«Հայաստանի պետական հետաքրքրությունների ֆոնդ» ՓԲԸ,,OTHER,2020,22,19110533,19,3692897,86.36,19.32,276484722,50096633,18.12,122
02697868,«Հայաստանի պետական հետաքրքրությունների ֆոնդ» ՓԲԸ,,OTHER,2021,90,83919619,57,14865895,63.33,17.71,276484722,50096633,18.12,122
02697868,«Հայաստանի պետական հետաքրքրությունների ֆոնդ» ՓԲԸ,,OTHER,2022,76,109083060,48,16741331,63.16,15.35,276484722,50096633,18.12,122
02697868,«Հայաստանի պետական հետաքրքրությունների ֆոնդ» ՓԲԸ,,OTHER,2023,40,45799110,35,10744110,87.5,23.46,276484722,50096633,18.12,122
02697868,«Հայաստանի պետական հետաքրքրությունների ֆոնդ» ՓԲԸ,,OTHER,2024,11,18572400,10,4052400,90.91,21.82,276484722,50096633,18.12,122
-,Երևանի կառուցապատման ներդրումային ծրագրերի իրականացման գրասենյակ ՀՈԱԿ,Yerevan Urban Development Investment Programs Implementation Agency CNPO,OTHER,2025,9,7607589,6,880389,66.67,11.57,29836989,3789789,12.7,123
-,Երևանի կառուցապատման ներդրումային ծրագրերի իրականացման գրասենյակ ՀՈԱԿ,Yerevan Urban Development Investment Programs Implementation Agency CNPO,OTHER,2026,6,22229400,4,2909400,66.67,13.09,29836989,3789789,12.7,123
06906895,«Վանաձորի թիվ 5 պոլիկլինիկա» ՊՓԲԸ,,OTHER,2021,1,154570,0,0,0,0,64146618,11443728,17.84,124
06906895,«Վանաձորի թիվ 5 պոլիկլինիկա» ՊՓԲԸ,,OTHER,2022,17,10439078,15,3201488,88.24,30.67,64146618,11443728,17.84,124
06906895,«Վանաձորի թիվ 5 պոլիկլինիկա» ՊՓԲԸ,,OTHER,2023,38,19895774,20,4723150,52.63,23.74,64146618,11443728,17.84,124
06906895,«Վանաձորի թիվ 5 պոլիկլինիկա» ՊՓԲԸ,,OTHER,2024,23,8698304,10,2868340,43.48,32.98,64146618,11443728,17.84,124
06906895,«Վանաձորի թիվ 5 պոլիկլինիկա» ՊՓԲԸ,,OTHER,2025,29,24958892,3,650750,10.34,2.61,64146618,11443728,17.84,124
08601459,«ՀՀ Սևանի հոգեկան առողջության կենտրոն» ՓԲԸ,«Sevan mental health center» CJSC,OTHER,2018,69,215701063,0,0,0,0,1888506708,4460692,0.24,125
08601459,«ՀՀ Սևանի հոգեկան առողջության կենտրոն» ՓԲԸ,«Sevan mental health center» CJSC,OTHER,2019,130,270813298,4,1241925,3.08,0.46,1888506708,4460692,0.24,125
08601459,«ՀՀ Սևանի հոգեկան առողջության կենտրոն» ՓԲԸ,«Sevan mental health center» CJSC,OTHER,2020,146,222604433,0,0,0,0,1888506708,4460692,0.24,125
08601459,«ՀՀ Սևանի հոգեկան առողջության կենտրոն» ՓԲԸ,«Sevan mental health center» CJSC,OTHER,2021,166,274932455,0,0,0,0,1888506708,4460692,0.24,125
08601459,«ՀՀ Սևանի հոգեկան առողջության կենտրոն» ՓԲԸ,«Sevan mental health center» CJSC,OTHER,2022,133,243165160,0,0,0,0,1888506708,4460692,0.24,125
08601459,«ՀՀ Սևանի հոգեկան առողջության կենտրոն» ՓԲԸ,«Sevan mental health center» CJSC,OTHER,2023,78,132608527,0,0,0,0,1888506708,4460692,0.24,125
08601459,«ՀՀ Սևանի հոգեկան առողջության կենտրոն» ՓԲԸ,«Sevan mental health center» CJSC,OTHER,2024,102,232689105,7,1418618,6.86,0.61,1888506708,4460692,0.24,125
08601459,«ՀՀ Սևանի հոգեկան առողջության կենտրոն» ՓԲԸ,«Sevan mental health center» CJSC,OTHER,2025,116,150829013,10,1800149,8.62,1.19,1888506708,4460692,0.24,125
08601459,«ՀՀ Սևանի հոգեկան առողջության կենտրոն» ՓԲԸ,«Sevan mental health center» CJSC,OTHER,2026,33,145163653,0,0,0,0,1888506708,4460692,0.24,125
06945592,«Վանաձորի բժշկական կենտրոն» ՓԲԸ,,OTHER,2018,31,149528082,13,2171150,41.94,1.45,4872826206,78816733,1.62,126
06945592,«Վանաձորի բժշկական կենտրոն» ՓԲԸ,,OTHER,2019,44,154483394,7,2170000,15.91,1.4,4872826206,78816733,1.62,126
06945592,«Վանաձորի բժշկական կենտրոն» ՓԲԸ,,OTHER,2020,125,588672916,11,21993800,8.8,3.74,4872826206,78816733,1.62,126
06945592,«Վանաձորի բժշկական կենտրոն» ՓԲԸ,,OTHER,2021,148,758765100,38,37479853,25.68,4.94,4872826206,78816733,1.62,126
06945592,«Վանաձորի բժշկական կենտրոն» ՓԲԸ,,OTHER,2022,165,865467496,22,10345150,13.33,1.2,4872826206,78816733,1.62,126
06945592,«Վանաձորի բժշկական կենտրոն» ՓԲԸ,,OTHER,2023,149,947841071,6,1538580,4.03,0.16,4872826206,78816733,1.62,126
06945592,«Վանաձորի բժշկական կենտրոն» ՓԲԸ,,OTHER,2024,146,768828928,0,0,0,0,4872826206,78816733,1.62,126
06945592,«Վանաձորի բժշկական կենտրոն» ՓԲԸ,,OTHER,2025,80,639239219,2,3118200,2.5,0.49,4872826206,78816733,1.62,126
00892505,«Բարեկեցության տեղեկատվական համակարգերի ձեռնարկություն» հիմնադրամ,"""Welfare information Systems Enterprise” Foundation",OTHER,2018,71,54821907,41,15981200,57.75,29.15,233587147,37455415,16.03,127
00892505,«Բարեկեցության տեղեկատվական համակարգերի ձեռնարկություն» հիմնադրամ,"""Welfare information Systems Enterprise” Foundation",OTHER,2019,44,28776206,18,5172854,40.91,17.98,233587147,37455415,16.03,127
00892505,«Բարեկեցության տեղեկատվական համակարգերի ձեռնարկություն» հիմնադրամ,"""Welfare information Systems Enterprise” Foundation",OTHER,2020,53,16336875,36,9732223,67.92,59.57,233587147,37455415,16.03,127
00892505,«Բարեկեցության տեղեկատվական համակարգերի ձեռնարկություն» հիմնադրամ,"""Welfare information Systems Enterprise” Foundation",OTHER,2021,35,45896685,0,0,0,0,233587147,37455415,16.03,127
00892505,«Բարեկեցության տեղեկատվական համակարգերի ձեռնարկություն» հիմնադրամ,"""Welfare information Systems Enterprise” Foundation",OTHER,2022,28,26979964,8,3386150,28.57,12.55,233587147,37455415,16.03,127
00892505,«Բարեկեցության տեղեկատվական համակարգերի ձեռնարկություն» հիմնադրամ,"""Welfare information Systems Enterprise” Foundation",OTHER,2023,22,41853309,2,103000,9.09,0.25,233587147,37455415,16.03,127
00892505,«Բարեկեցության տեղեկատվական համակարգերի ձեռնարկություն» հիմնադրամ,"""Welfare information Systems Enterprise” Foundation",OTHER,2024,19,12458213,1,716000,5.26,5.75,233587147,37455415,16.03,127
00892505,«Բարեկեցության տեղեկատվական համակարգերի ձեռնարկություն» հիմնադրամ,"""Welfare information Systems Enterprise” Foundation",OTHER,2025,6,6463988,4,2363988,66.67,36.57,233587147,37455415,16.03,127
09215091,Տաթևի համայնքապետարան,Tatev municipality,URBAN,2025,8,2967266,7,2295266,87.5,77.35,4565166,3023166,66.22,128
09215091,Տաթևի համայնքապետարան,Tatev municipality,URBAN,2026,5,1597900,4,727900,80,45.55,4565166,3023166,66.22,128
00403993,«Ռադիոակտիվ թափոնների վնասազերծում» ՓԲԸ,,OTHER,2026,27,2557215,27,2557215,100,100,2557215,2557215,100,129
06954163,Լոռի Բերդի համայնքապետարան,Lori Berd’s municipality,URBAN,2025,4,18160000,0,0,0,0,539358230,1972000,0.37,130
06954163,Լոռի Բերդի համայնքապետարան,Lori Berd’s municipality,URBAN,2026,12,521198230,2,1972000,16.67,0.38,539358230,1972000,0.37,130
00444629,«Ակադեմիական փոխճանաչման և շարժունության ազգային տեղեկատվական կենտրոն» հիմնադրամ,,OTHER,2018,1,7500000,0,0,0,0,122570800,3050800,2.49,131
00444629,«Ակադեմիական փոխճանաչման և շարժունության ազգային տեղեկատվական կենտրոն» հիմնադրամ,,OTHER,2020,1,1880000,0,0,0,0,122570800,3050800,2.49,131
00444629,«Ակադեմիական փոխճանաչման և շարժունության ազգային տեղեկատվական կենտրոն» հիմնադրամ,,OTHER,2021,1,110140000,0,0,0,0,122570800,3050800,2.49,131
00444629,«Ակադեմիական փոխճանաչման և շարժունության ազգային տեղեկատվական կենտրոն» հիմնադրամ,,OTHER,2022,2,401600,2,401600,100,100,122570800,3050800,2.49,131
00444629,«Ակադեմիական փոխճանաչման և շարժունության ազգային տեղեկատվական կենտրոն» հիմնադրամ,,OTHER,2023,1,800000,1,800000,100,100,122570800,3050800,2.49,131
00444629,«Ակադեմիական փոխճանաչման և շարժունության ազգային տեղեկատվական կենտրոն» հիմնադրամ,,OTHER,2024,3,1779200,3,1779200,100,100,122570800,3050800,2.49,131
00444629,«Ակադեմիական փոխճանաչման և շարժունության ազգային տեղեկատվական կենտրոն» հիմնադրամ,,OTHER,2025,1,70000,1,70000,100,100,122570800,3050800,2.49,131
05511159,ՀՀ Շիրակի մարզ «Գյումրու համայնքապետարանի աշխատակազմ» ՀԿՀ,RA Shirak region “Gyumri municipality staff” CAO,URBAN,2018,27,272267515,0,0,0,0,1027395923,1584000,0.15,132
05511159,ՀՀ Շիրակի մարզ «Գյումրու համայնքապետարանի աշխատակազմ» ՀԿՀ,RA Shirak region “Gyumri municipality staff” CAO,URBAN,2019,2,52878972,0,0,0,0,1027395923,1584000,0.15,132
05511159,ՀՀ Շիրակի մարզ «Գյումրու համայնքապետարանի աշխատակազմ» ՀԿՀ,RA Shirak region “Gyumri municipality staff” CAO,URBAN,2021,7,41673540,0,0,0,0,1027395923,1584000,0.15,132
05511159,ՀՀ Շիրակի մարզ «Գյումրու համայնքապետարանի աշխատակազմ» ՀԿՀ,RA Shirak region “Gyumri municipality staff” CAO,URBAN,2022,11,185895000,0,0,0,0,1027395923,1584000,0.15,132
05511159,ՀՀ Շիրակի մարզ «Գյումրու համայնքապետարանի աշխատակազմ» ՀԿՀ,RA Shirak region “Gyumri municipality staff” CAO,URBAN,2023,7,135097310,0,0,0,0,1027395923,1584000,0.15,132
05511159,ՀՀ Շիրակի մարզ «Գյումրու համայնքապետարանի աշխատակազմ» ՀԿՀ,RA Shirak region “Gyumri municipality staff” CAO,URBAN,2024,1,210000,0,0,0,0,1027395923,1584000,0.15,132
05511159,ՀՀ Շիրակի մարզ «Գյումրու համայնքապետարանի աշխատակազմ» ՀԿՀ,RA Shirak region “Gyumri municipality staff” CAO,URBAN,2025,21,244323022,0,0,0,0,1027395923,1584000,0.15,132
05511159,ՀՀ Շիրակի մարզ «Գյումրու համայնքապետարանի աշխատակազմ» ՀԿՀ,RA Shirak region “Gyumri municipality staff” CAO,URBAN,2026,25,95050564,1,1584000,4,1.67,1027395923,1584000,0.15,132
01201217,«Զվարթնոց» ավիաօդերևութաբանական կենտրոն» ՓԲԸ,,OTHER,2020,1,3185000,0,0,0,0,868857950,75575218,8.7,133
01201217,«Զվարթնոց» ավիաօդերևութաբանական կենտրոն» ՓԲԸ,,OTHER,2021,4,81908944,1,74000000,25,90.34,868857950,75575218,8.7,133
01201217,«Զվարթնոց» ավիաօդերևութաբանական կենտրոն» ՓԲԸ,,OTHER,2022,6,135299400,0,0,0,0,868857950,75575218,8.7,133
01201217,«Զվարթնոց» ավիաօդերևութաբանական կենտրոն» ՓԲԸ,,OTHER,2023,15,105184188,0,0,0,0,868857950,75575218,8.7,133
01201217,«Զվարթնոց» ավիաօդերևութաբանական կենտրոն» ՓԲԸ,,OTHER,2024,9,123879600,0,0,0,0,868857950,75575218,8.7,133
01201217,«Զվարթնոց» ավիաօդերևութաբանական կենտրոն» ՓԲԸ,,OTHER,2025,10,169908418,2,1575218,20,0.93,868857950,75575218,8.7,133
01201217,«Զվարթնոց» ավիաօդերևութաբանական կենտրոն» ՓԲԸ,,OTHER,2026,8,249492400,0,0,0,0,868857950,75575218,8.7,133
05507677,«Գյումրու Հոգեկան առողջության կենտրոն» ՓԲԸ,,OTHER,2018,4,21391050,0,0,0,0,112674623,1699000,1.51,134
05507677,«Գյումրու Հոգեկան առողջության կենտրոն» ՓԲԸ,,OTHER,2019,15,5126796,2,150000,13.33,2.93,112674623,1699000,1.51,134
05507677,«Գյումրու Հոգեկան առողջության կենտրոն» ՓԲԸ,,OTHER,2020,1,3881628,0,0,0,0,112674623,1699000,1.51,134
05507677,«Գյումրու Հոգեկան առողջության կենտրոն» ՓԲԸ,,OTHER,2021,3,6864230,0,0,0,0,112674623,1699000,1.51,134
05507677,«Գյումրու Հոգեկան առողջության կենտրոն» ՓԲԸ,,OTHER,2024,15,22874463,1,500000,6.67,2.19,112674623,1699000,1.51,134
05507677,«Գյումրու Հոգեկան առողջության կենտրոն» ՓԲԸ,,OTHER,2025,26,25529447,2,1049000,7.69,4.11,112674623,1699000,1.51,134
05507677,«Գյումրու Հոգեկան առողջության կենտրոն» ՓԲԸ,,OTHER,2026,17,27007009,0,0,0,0,112674623,1699000,1.51,134
00257269,«Մասնագիտական կրթության որակի ապահովման ազգային կենտրոն» հիմնադրամ,NATIONAL CENTER FOR PROFESSIONAL EDUCATION QUALITY ASSUARANCE FOUNDATION,OTHER,2025,5,41175400,3,1426400,60,3.46,41175400,1426400,3.46,135
05028605,Արևուտի համայնքապետարան,Arevut Municipality,URBAN,2022,2,439000,2,439000,100,100,1844400,1844400,100,136
05028605,Արևուտի համայնքապետարան,Arevut Municipality,URBAN,2025,4,1053000,4,1053000,100,100,1844400,1844400,100,136
05028605,Արևուտի համայնքապետարան,Arevut Municipality,URBAN,2026,3,352400,3,352400,100,100,1844400,1844400,100,136
02901389,Ռիփաբլիք Պլազա ԲԲԸ,Republic Plaza OJSC,OTHER,2025,3,1340000,3,1340000,100,100,1340000,1340000,100,137
08202815,«Մարտունու Ծննդատուն» ՊՓԲԸ,,OTHER,2018,26,6668204,0,0,0,0,102334220,4623050,4.52,138
08202815,«Մարտունու Ծննդատուն» ՊՓԲԸ,,OTHER,2019,36,19272615,0,0,0,0,102334220,4623050,4.52,138
08202815,«Մարտունու Ծննդատուն» ՊՓԲԸ,,OTHER,2020,33,13062457,0,0,0,0,102334220,4623050,4.52,138
08202815,«Մարտունու Ծննդատուն» ՊՓԲԸ,,OTHER,2021,31,17292432,0,0,0,0,102334220,4623050,4.52,138
08202815,«Մարտունու Ծննդատուն» ՊՓԲԸ,,OTHER,2022,35,14307463,3,1980200,8.57,13.84,102334220,4623050,4.52,138
08202815,«Մարտունու Ծննդատուն» ՊՓԲԸ,,OTHER,2023,32,12843642,3,1456450,9.38,11.34,102334220,4623050,4.52,138
08202815,«Մարտունու Ծննդատուն» ՊՓԲԸ,,OTHER,2024,22,7346969,3,1186400,13.64,16.15,102334220,4623050,4.52,138
08202815,«Մարտունու Ծննդատուն» ՊՓԲԸ,,OTHER,2025,46,11540439,0,0,0,0,102334220,4623050,4.52,138
01243384,ՀՀ ԱՆ «Թոքաբանության ազգային կենտրոն» ՓԲԸ,National center of Pulmonology of the RA MOH KJSC,OTHER,2024,13,89076704,6,1093350,46.15,1.23,109553574,1170225,1.07,139
01243384,ՀՀ ԱՆ «Թոքաբանության ազգային կենտրոն» ՓԲԸ,National center of Pulmonology of the RA MOH KJSC,OTHER,2025,7,20476870,1,76875,14.29,0.38,109553574,1170225,1.07,139
03546091,Ջրվեժի համայնքապետարան,Jrvezh municipality,URBAN,2025,3,1159860,3,1159860,100,100,104687396,1159860,1.11,140
03546091,Ջրվեժի համայնքապետարան,Jrvezh municipality,URBAN,2026,20,103527536,0,0,0,0,104687396,1159860,1.11,140
08914384,Արենիի համայնքապետարան,Areni Municipality,URBAN,2025,8,3383320,7,993330,87.5,29.36,6598590,993330,15.05,141
08914384,Արենիի համայնքապետարան,Areni Municipality,URBAN,2026,5,3215270,0,0,0,0,6598590,993330,15.05,141
04214258,«Մելիորացիա» ՓԲԸ,,OTHER,2018,25,225917400,2,15500000,8,6.86,580405383,24160000,4.16,142
04214258,«Մելիորացիա» ՓԲԸ,,OTHER,2019,16,133949820,1,7710000,6.25,5.76,580405383,24160000,4.16,142
04214258,«Մելիորացիա» ՓԲԸ,,OTHER,2020,1,2890000,0,0,0,0,580405383,24160000,4.16,142
04214258,«Մելիորացիա» ՓԲԸ,,OTHER,2023,4,3610813,0,0,0,0,580405383,24160000,4.16,142
04214258,«Մելիորացիա» ՓԲԸ,,OTHER,2024,17,159009350,0,0,0,0,580405383,24160000,4.16,142
04214258,«Մելիորացիա» ՓԲԸ,,OTHER,2025,6,46820000,2,950000,33.33,2.03,580405383,24160000,4.16,142
04214258,«Մելիորացիա» ՓԲԸ,,OTHER,2026,1,8208000,0,0,0,0,580405383,24160000,4.16,142
06907229,«Վանաձորի թիվ 3 պոլիկլինիկա» ՊՓԲԸ,,OTHER,2018,47,10713347,19,2057297,40.43,19.2,93430695,19087958,20.43,143
06907229,«Վանաձորի թիվ 3 պոլիկլինիկա» ՊՓԲԸ,,OTHER,2019,48,13932841,19,3655460,39.58,26.24,93430695,19087958,20.43,143
06907229,«Վանաձորի թիվ 3 պոլիկլինիկա» ՊՓԲԸ,,OTHER,2020,53,14493476,19,3131545,35.85,21.61,93430695,19087958,20.43,143
06907229,«Վանաձորի թիվ 3 պոլիկլինիկա» ՊՓԲԸ,,OTHER,2021,73,12065430,21,2666903,28.77,22.1,93430695,19087958,20.43,143
06907229,«Վանաձորի թիվ 3 պոլիկլինիկա» ՊՓԲԸ,,OTHER,2022,51,14660334,10,2756138,19.61,18.8,93430695,19087958,20.43,143
06907229,«Վանաձորի թիվ 3 պոլիկլինիկա» ՊՓԲԸ,,OTHER,2023,44,17238681,19,3871220,43.18,22.46,93430695,19087958,20.43,143
06907229,«Վանաձորի թիվ 3 պոլիկլինիկա» ՊՓԲԸ,,OTHER,2024,17,10326587,4,949395,23.53,9.19,93430695,19087958,20.43,143
00848282,«Զեյթուն» ուսանողական ավան» հիմնադրամ,,OTHER,2019,11,23299388,0,0,0,0,45945588,430200,0.94,144
00848282,«Զեյթուն» ուսանողական ավան» հիմնադրամ,,OTHER,2024,4,22646200,2,430200,50,1.9,45945588,430200,0.94,144
09420382,«Կապանի բժշկական կենտրոն» ՓԲԸ,,OTHER,2018,100,131618522,0,0,0,0,1996776829,2506000,0.13,145
09420382,«Կապանի բժշկական կենտրոն» ՓԲԸ,,OTHER,2019,94,108715738,0,0,0,0,1996776829,2506000,0.13,145
09420382,«Կապանի բժշկական կենտրոն» ՓԲԸ,,OTHER,2020,93,186536995,0,0,0,0,1996776829,2506000,0.13,145
09420382,«Կապանի բժշկական կենտրոն» ՓԲԸ,,OTHER,2021,106,189316603,0,0,0,0,1996776829,2506000,0.13,145
09420382,«Կապանի բժշկական կենտրոն» ՓԲԸ,,OTHER,2022,111,369345235,0,0,0,0,1996776829,2506000,0.13,145
09420382,«Կապանի բժշկական կենտրոն» ՓԲԸ,,OTHER,2023,106,302405575,1,2106000,0.94,0.7,1996776829,2506000,0.13,145
09420382,«Կապանի բժշկական կենտրոն» ՓԲԸ,,OTHER,2024,127,354598969,0,0,0,0,1996776829,2506000,0.13,145
09420382,«Կապանի բժշկական կենտրոն» ՓԲԸ,,OTHER,2025,104,353284353,1,400000,0.96,0.11,1996776829,2506000,0.13,145
09420382,«Կապանի բժշկական կենտրոն» ՓԲԸ,,OTHER,2026,1,954840,0,0,0,0,1996776829,2506000,0.13,145
08417304,«Գավառի բժշկական կենտրոն» ՓԲԸ,,OTHER,2018,92,95022492,28,5277635,30.43,5.55,884767442,37565050,4.25,146
08417304,«Գավառի բժշկական կենտրոն» ՓԲԸ,,OTHER,2019,106,99495622,38,6571474,35.85,6.6,884767442,37565050,4.25,146
08417304,«Գավառի բժշկական կենտրոն» ՓԲԸ,,OTHER,2020,113,91317476,43,5683394,38.05,6.22,884767442,37565050,4.25,146
08417304,«Գավառի բժշկական կենտրոն» ՓԲԸ,,OTHER,2021,89,83747484,12,10379937,13.48,12.39,884767442,37565050,4.25,146
08417304,«Գավառի բժշկական կենտրոն» ՓԲԸ,,OTHER,2022,116,149915422,27,6711890,23.28,4.48,884767442,37565050,4.25,146
08417304,«Գավառի բժշկական կենտրոն» ՓԲԸ,,OTHER,2023,112,172139001,6,2542720,5.36,1.48,884767442,37565050,4.25,146
08417304,«Գավառի բժշկական կենտրոն» ՓԲԸ,,OTHER,2024,116,193129943,3,398000,2.59,0.21,884767442,37565050,4.25,146
0550201 ,«Գյումրու Էնրիկո Մատտեի անվան պոլիկլինիկա» ՓԲԸ,,OTHER,2018,2,1417200,2,1417200,100,100,45069945,2598600,5.77,147
0550201 ,«Գյումրու Էնրիկո Մատտեի անվան պոլիկլինիկա» ՓԲԸ,,OTHER,2019,9,15926119,0,0,0,0,45069945,2598600,5.77,147
0550201 ,«Գյումրու Էնրիկո Մատտեի անվան պոլիկլինիկա» ՓԲԸ,,OTHER,2020,22,6178843,0,0,0,0,45069945,2598600,5.77,147
0550201 ,«Գյումրու Էնրիկո Մատտեի անվան պոլիկլինիկա» ՓԲԸ,,OTHER,2021,16,16818383,0,0,0,0,45069945,2598600,5.77,147
0550201 ,«Գյումրու Էնրիկո Մատտեի անվան պոլիկլինիկա» ՓԲԸ,,OTHER,2022,1,831400,1,831400,100,100,45069945,2598600,5.77,147
0550201 ,«Գյումրու Էնրիկո Մատտեի անվան պոլիկլինիկա» ՓԲԸ,,OTHER,2025,4,2374000,2,350000,50,14.74,45069945,2598600,5.77,147
0550201 ,«Գյումրու Էնրիկո Մատտեի անվան պոլիկլինիկա» ՓԲԸ,,OTHER,2026,1,1524000,0,0,0,0,45069945,2598600,5.77,147
05545973,Ախուրյանի համայնքապետարան,Akhuryan Municipality,URBAN,2025,4,21882880,1,280000,25,1.28,78966430,280000,0.35,148
05545973,Ախուրյանի համայնքապետարան,Akhuryan Municipality,URBAN,2026,6,57083550,0,0,0,0,78966430,280000,0.35,148
05031993,«Ակադեմիական քաղաք» հիմնադրամ,"Fund ""Academic city""",OTHER,2023,1,945000,1,945000,100,100,2463000,1065000,43.24,149
05031993,«Ակադեմիական քաղաք» հիմնադրամ,"Fund ""Academic city""",OTHER,2024,1,120000,1,120000,100,100,2463000,1065000,43.24,149
05031993,«Ակադեմիական քաղաք» հիմնադրամ,"Fund ""Academic city""",OTHER,2025,1,1398000,0,0,0,0,2463000,1065000,43.24,149
01503765,«ԵՐԵՎԱՆԻ ՀԵՆԱԿԵՏԱՅԻՆ ԲԺՇԿԱԿԱՆ ՔՈԼԵՋ» ՓԲԸ,CJSC «Yerevan Basic Medical College»,OTHER,2021,1,2790000,0,0,0,0,2800000,10000,0.36,150
01503765,«ԵՐԵՎԱՆԻ ՀԵՆԱԿԵՏԱՅԻՆ ԲԺՇԿԱԿԱՆ ՔՈԼԵՋ» ՓԲԸ,CJSC «Yerevan Basic Medical College»,OTHER,2025,1,10000,1,10000,100,100,2800000,10000,0.36,150
08802975,«Վարդենիսի պոլիկլինիկա» ՊՓԲԸ,,OTHER,2018,23,7249606,0,0,0,0,35837349,1682700,4.7,151
08802975,«Վարդենիսի պոլիկլինիկա» ՊՓԲԸ,,OTHER,2019,37,8242946,4,835700,10.81,10.14,35837349,1682700,4.7,151
08802975,«Վարդենիսի պոլիկլինիկա» ՊՓԲԸ,,OTHER,2020,19,8824452,0,0,0,0,35837349,1682700,4.7,151
08802975,«Վարդենիսի պոլիկլինիկա» ՊՓԲԸ,,OTHER,2021,27,11520345,2,847000,7.41,7.35,35837349,1682700,4.7,151
00454227,«ՀՀ ԿԵ սննդամթերքի անվտանգության տեսչական մարմին»,"""Food safety inspection body of the government of the RA""",GOVERNMENTAL,2018,86,142606366,45,28905488,52.33,20.27,142606366,28905488,20.27,152
00153247,ՀՀ արտակարգ իրավիճակների նախարարություն,Ministry of Emergency Situations of the Republic of Armenia,GOVERNMENTAL,2018,193,1077642704,70,426562186,36.27,39.58,11660821334,2485983814,21.32,153
00153247,ՀՀ արտակարգ իրավիճակների նախարարություն,Ministry of Emergency Situations of the Republic of Armenia,GOVERNMENTAL,2019,263,1941071401,64,229728295,24.33,11.84,11660821334,2485983814,21.32,153
00153247,ՀՀ արտակարգ իրավիճակների նախարարություն,Ministry of Emergency Situations of the Republic of Armenia,GOVERNMENTAL,2020,171,670631875,66,94179432,38.6,14.04,11660821334,2485983814,21.32,153
00153247,ՀՀ արտակարգ իրավիճակների նախարարություն,Ministry of Emergency Situations of the Republic of Armenia,GOVERNMENTAL,2021,281,1401940530,89,336088873,31.67,23.97,11660821334,2485983814,21.32,153
00153247,ՀՀ արտակարգ իրավիճակների նախարարություն,Ministry of Emergency Situations of the Republic of Armenia,GOVERNMENTAL,2022,363,3428675186,118,929583895,32.51,27.11,11660821334,2485983814,21.32,153
00153247,ՀՀ արտակարգ իրավիճակների նախարարություն,Ministry of Emergency Situations of the Republic of Armenia,GOVERNMENTAL,2023,166,3140859638,56,469841133,33.73,14.96,11660821334,2485983814,21.32,153
00462592,«Հոգեկան առողջության պահպանման ազգային կենտրոն» ՓԲԸ,,OTHER,2018,24,89435573,0,0,0,0,22890336947,56515347,0.25,154
00462592,«Հոգեկան առողջության պահպանման ազգային կենտրոն» ՓԲԸ,,OTHER,2019,38,67796526,0,0,0,0,22890336947,56515347,0.25,154
00462592,«Հոգեկան առողջության պահպանման ազգային կենտրոն» ՓԲԸ,,OTHER,2020,29,110196106,0,0,0,0,22890336947,56515347,0.25,154
00462592,«Հոգեկան առողջության պահպանման ազգային կենտրոն» ՓԲԸ,,OTHER,2021,108,347330399,40,23451383,37.04,6.75,22890336947,56515347,0.25,154
00462592,«Հոգեկան առողջության պահպանման ազգային կենտրոն» ՓԲԸ,,OTHER,2022,111,22210830888,33,19378072,29.73,0.09,22890336947,56515347,0.25,154
00462592,«Հոգեկան առողջության պահպանման ազգային կենտրոն» ՓԲԸ,,OTHER,2023,38,64747456,17,13685892,44.74,21.14,22890336947,56515347,0.25,154
00259325,ՀՀ  տարածքային կառավարման և ենթակառուցվածքների նախարարության միգրացիոն ծառայություն,Мigration service of the Ministry of territorial administration and infrastructure of the Republic of Armenia,GOVERNMENTAL,2018,45,19128320,36,3034700,80,15.86,1549137498,43543503,2.81,155
00259325,ՀՀ  տարածքային կառավարման և ենթակառուցվածքների նախարարության միգրացիոն ծառայություն,Мigration service of the Ministry of territorial administration and infrastructure of the Republic of Armenia,GOVERNMENTAL,2019,66,25185262,54,8522334,81.82,33.84,1549137498,43543503,2.81,155
00259325,ՀՀ  տարածքային կառավարման և ենթակառուցվածքների նախարարության միգրացիոն ծառայություն,Мigration service of the Ministry of territorial administration and infrastructure of the Republic of Armenia,GOVERNMENTAL,2020,65,14877225,61,7552075,93.85,50.76,1549137498,43543503,2.81,155
00259325,ՀՀ  տարածքային կառավարման և ենթակառուցվածքների նախարարության միգրացիոն ծառայություն,Мigration service of the Ministry of territorial administration and infrastructure of the Republic of Armenia,GOVERNMENTAL,2021,56,472191185,50,4912785,89.29,1.04,1549137498,43543503,2.81,155
00259325,ՀՀ  տարածքային կառավարման և ենթակառուցվածքների նախարարության միգրացիոն ծառայություն,Мigration service of the Ministry of territorial administration and infrastructure of the Republic of Armenia,GOVERNMENTAL,2022,83,919782717,62,6256117,74.7,0.68,1549137498,43543503,2.81,155
00259325,ՀՀ  տարածքային կառավարման և ենթակառուցվածքների նախարարության միգրացիոն ծառայություն,Мigration service of the Ministry of territorial administration and infrastructure of the Republic of Armenia,GOVERNMENTAL,2023,71,97972788,62,13265492,87.32,13.54,1549137498,43543503,2.81,155
07806692,«Բերդի ԲԿ»,,OTHER,2018,3,2515080,0,0,0,0,402215106,3346019,0.83,156
07806692,«Բերդի ԲԿ»,,OTHER,2019,19,17913049,0,0,0,0,402215106,3346019,0.83,156
07806692,«Բերդի ԲԿ»,,OTHER,2020,74,51134306,8,3346019,10.81,6.54,402215106,3346019,0.83,156
07806692,«Բերդի ԲԿ»,,OTHER,2021,71,61441133,0,0,0,0,402215106,3346019,0.83,156
07806692,«Բերդի ԲԿ»,,OTHER,2022,57,78725933,0,0,0,0,402215106,3346019,0.83,156
07806692,«Բերդի ԲԿ»,,OTHER,2023,57,69818296,0,0,0,0,402215106,3346019,0.83,156
07806692,«Բերդի ԲԿ»,,OTHER,2024,44,69034154,0,0,0,0,402215106,3346019,0.83,156
07806692,«Բերդի ԲԿ»,,OTHER,2025,34,37141806,0,0,0,0,402215106,3346019,0.83,156
07806692,«Բերդի ԲԿ»,,OTHER,2026,7,14491348,0,0,0,0,402215106,3346019,0.83,156
03804631,«Մասիսի բժշկական կենտրոն» ՓԲԸ,,OTHER,2020,2,3632452,0,0,0,0,56150363,0,0,157
03804631,«Մասիսի բժշկական կենտրոն» ՓԲԸ,,OTHER,2021,1,10725000,0,0,0,0,56150363,0,0,157
03804631,«Մասիսի բժշկական կենտրոն» ՓԲԸ,,OTHER,2022,3,3033000,0,0,0,0,56150363,0,0,157
03804631,«Մասիսի բժշկական կենտրոն» ՓԲԸ,,OTHER,2026,8,38759911,0,0,0,0,56150363,0,0,157
01507028,«Հայաստանի ազգային ագրարային համալսարան» հիմնադրամ,,OTHER,2018,37,32132591,0,0,0,0,1308151102,8043816,0.61,158
01507028,«Հայաստանի ազգային ագրարային համալսարան» հիմնադրամ,,OTHER,2019,162,201423467,2,1006950,1.23,0.5,1308151102,8043816,0.61,158
01507028,«Հայաստանի ազգային ագրարային համալսարան» հիմնադրամ,,OTHER,2020,153,170437651,0,0,0,0,1308151102,8043816,0.61,158
01507028,«Հայաստանի ազգային ագրարային համալսարան» հիմնադրամ,,OTHER,2021,204,211691674,0,0,0,0,1308151102,8043816,0.61,158
01507028,«Հայաստանի ազգային ագրարային համալսարան» հիմնադրամ,,OTHER,2022,195,159665235,16,5834946,8.21,3.65,1308151102,8043816,0.61,158
01507028,«Հայաստանի ազգային ագրարային համալսարան» հիմնադրամ,,OTHER,2023,165,97035909,2,1201920,1.21,1.24,1308151102,8043816,0.61,158
01507028,«Հայաստանի ազգային ագրարային համալսարան» հիմնադրամ,,OTHER,2024,183,204111565,0,0,0,0,1308151102,8043816,0.61,158
01507028,«Հայաստանի ազգային ագրարային համալսարան» հիմնադրամ,,OTHER,2025,87,139064712,0,0,0,0,1308151102,8043816,0.61,158
01507028,«Հայաստանի ազգային ագրարային համալսարան» հիմնադրամ,,OTHER,2026,129,92588299,0,0,0,0,1308151102,8043816,0.61,158
01002597,«Երևան» բժշկագիտական կենտրոն ՓԲԸ,“YEREVAN” MEDICAL AND SCIENTIFIC CENTER CJSC,OTHER,2024,34,341450293,0,0,0,0,3447419978,0,0,159
01002597,«Երևան» բժշկագիտական կենտրոն ՓԲԸ,“YEREVAN” MEDICAL AND SCIENTIFIC CENTER CJSC,OTHER,2025,166,1145696596,0,0,0,0,3447419978,0,0,159
01002597,«Երևան» բժշկագիտական կենտրոն ՓԲԸ,“YEREVAN” MEDICAL AND SCIENTIFIC CENTER CJSC,OTHER,2026,227,1960273089,0,0,0,0,3447419978,0,0,159
08909438,«Եղեգնաձոր պոլիկլինիկա» ՓԲԸ,Eghegnadzor Polyclinik CJSC,OTHER,2020,1,2800000,0,0,0,0,201901216,0,0,160
08909438,«Եղեգնաձոր պոլիկլինիկա» ՓԲԸ,Eghegnadzor Polyclinik CJSC,OTHER,2021,64,49701254,0,0,0,0,201901216,0,0,160
08909438,«Եղեգնաձոր պոլիկլինիկա» ՓԲԸ,Eghegnadzor Polyclinik CJSC,OTHER,2022,55,64801500,0,0,0,0,201901216,0,0,160
08909438,«Եղեգնաձոր պոլիկլինիկա» ՓԲԸ,Eghegnadzor Polyclinik CJSC,OTHER,2025,7,22092900,0,0,0,0,201901216,0,0,160
08909438,«Եղեգնաձոր պոլիկլինիկա» ՓԲԸ,Eghegnadzor Polyclinik CJSC,OTHER,2026,23,62505561,0,0,0,0,201901216,0,0,160
07200536,Տաշիրի համայնքապետարան,Tashir community municipality,URBAN,2018,9,30833908,0,0,0,0,2979755297,0,0,161
07200536,Տաշիրի համայնքապետարան,Tashir community municipality,URBAN,2019,25,104716300,0,0,0,0,2979755297,0,0,161
07200536,Տաշիրի համայնքապետարան,Tashir community municipality,URBAN,2020,28,347339316,0,0,0,0,2979755297,0,0,161
07200536,Տաշիրի համայնքապետարան,Tashir community municipality,URBAN,2021,21,223177755,0,0,0,0,2979755297,0,0,161
07200536,Տաշիրի համայնքապետարան,Tashir community municipality,URBAN,2022,17,138669669,0,0,0,0,2979755297,0,0,161
07200536,Տաշիրի համայնքապետարան,Tashir community municipality,URBAN,2023,17,480766486,0,0,0,0,2979755297,0,0,161
07200536,Տաշիրի համայնքապետարան,Tashir community municipality,URBAN,2024,43,1499857134,0,0,0,0,2979755297,0,0,161
07200536,Տաշիրի համայնքապետարան,Tashir community municipality,URBAN,2025,29,127160046,0,0,0,0,2979755297,0,0,161
07200536,Տաշիրի համայնքապետարան,Tashir community municipality,URBAN,2026,7,27234684,0,0,0,0,2979755297,0,0,161
03000453,Հրազդանի համայնքապետարան,Hrazdan community municipality,URBAN,2018,4,21019300,0,0,0,0,4078983306,0,0,162
03000453,Հրազդանի համայնքապետարան,Hrazdan community municipality,URBAN,2019,14,9872000,0,0,0,0,4078983306,0,0,162
03000453,Հրազդանի համայնքապետարան,Hrazdan community municipality,URBAN,2020,7,42579390,0,0,0,0,4078983306,0,0,162
03000453,Հրազդանի համայնքապետարան,Hrazdan community municipality,URBAN,2021,13,1188568020,0,0,0,0,4078983306,0,0,162
03000453,Հրազդանի համայնքապետարան,Hrazdan community municipality,URBAN,2023,4,62175800,0,0,0,0,4078983306,0,0,162
03000453,Հրազդանի համայնքապետարան,Hrazdan community municipality,URBAN,2024,18,125351470,0,0,0,0,4078983306,0,0,162
03000453,Հրազդանի համայնքապետարան,Hrazdan community municipality,URBAN,2025,35,2624426363,0,0,0,0,4078983306,0,0,162
03000453,Հրազդանի համայնքապետարան,Hrazdan community municipality,URBAN,2026,2,4990964,0,0,0,0,4078983306,0,0,162
07601785,Իջևանի համայնքապետարան,Ijevan community municipality,URBAN,2018,9,15825012,0,0,0,0,1170460061,0,0,163
07601785,Իջևանի համայնքապետարան,Ijevan community municipality,URBAN,2019,12,111429805,0,0,0,0,1170460061,0,0,163
07601785,Իջևանի համայնքապետարան,Ijevan community municipality,URBAN,2020,13,163578870,0,0,0,0,1170460061,0,0,163
07601785,Իջևանի համայնքապետարան,Ijevan community municipality,URBAN,2021,5,8295350,0,0,0,0,1170460061,0,0,163
07601785,Իջևանի համայնքապետարան,Ijevan community municipality,URBAN,2022,1,4218000,0,0,0,0,1170460061,0,0,163
07601785,Իջևանի համայնքապետարան,Ijevan community municipality,URBAN,2023,19,94838745,0,0,0,0,1170460061,0,0,163
07601785,Իջևանի համայնքապետարան,Ijevan community municipality,URBAN,2024,3,17948000,0,0,0,0,1170460061,0,0,163
07601785,Իջևանի համայնքապետարան,Ijevan community municipality,URBAN,2025,25,691122518,0,0,0,0,1170460061,0,0,163
07601785,Իջևանի համայնքապետարան,Ijevan community municipality,URBAN,2026,4,63203761,0,0,0,0,1170460061,0,0,163
01202364,«Ա. Ի. Ալիխանյանի անվան ազգային գիտական լաբորատորիա (Երևանի ֆիզիկայի ինստիտուտ)» հիմնադրամ,,OTHER,2018,8,10504957,0,0,0,0,1162568008,23400000,2.01,164
01202364,«Ա. Ի. Ալիխանյանի անվան ազգային գիտական լաբորատորիա (Երևանի ֆիզիկայի ինստիտուտ)» հիմնադրամ,,OTHER,2020,18,21884328,0,0,0,0,1162568008,23400000,2.01,164
01202364,«Ա. Ի. Ալիխանյանի անվան ազգային գիտական լաբորատորիա (Երևանի ֆիզիկայի ինստիտուտ)» հիմնադրամ,,OTHER,2021,44,76378525,0,0,0,0,1162568008,23400000,2.01,164
01202364,«Ա. Ի. Ալիխանյանի անվան ազգային գիտական լաբորատորիա (Երևանի ֆիզիկայի ինստիտուտ)» հիմնադրամ,,OTHER,2022,89,300855163,1,23400000,1.12,7.78,1162568008,23400000,2.01,164
01202364,«Ա. Ի. Ալիխանյանի անվան ազգային գիտական լաբորատորիա (Երևանի ֆիզիկայի ինստիտուտ)» հիմնադրամ,,OTHER,2023,107,178999839,0,0,0,0,1162568008,23400000,2.01,164
01202364,«Ա. Ի. Ալիխանյանի անվան ազգային գիտական լաբորատորիա (Երևանի ֆիզիկայի ինստիտուտ)» հիմնադրամ,,OTHER,2024,85,174088026,0,0,0,0,1162568008,23400000,2.01,164
01202364,«Ա. Ի. Ալիխանյանի անվան ազգային գիտական լաբորատորիա (Երևանի ֆիզիկայի ինստիտուտ)» հիմնադրամ,,OTHER,2025,79,289732530,0,0,0,0,1162568008,23400000,2.01,164
01202364,«Ա. Ի. Ալիխանյանի անվան ազգային գիտական լաբորատորիա (Երևանի ֆիզիկայի ինստիտուտ)» հիմնադրամ,,OTHER,2026,71,110124640,0,0,0,0,1162568008,23400000,2.01,164
00000413,«Կուրորտաբանության և ֆիզիկական բժշկության ԳՀԻ» ՓԲԸ,,OTHER,2021,4,47653400,0,0,0,0,115237352,0,0,165
00000413,«Կուրորտաբանության և ֆիզիկական բժշկության ԳՀԻ» ՓԲԸ,,OTHER,2022,14,66717372,0,0,0,0,115237352,0,0,165
00000413,«Կուրորտաբանության և ֆիզիկական բժշկության ԳՀԻ» ՓԲԸ,,OTHER,2023,1,866580,0,0,0,0,115237352,0,0,165
08402753,«Գավառի պետական համալսարան» հիմնադրամ,,OTHER,2018,5,1623857,0,0,0,0,42725048,0,0,166
08402753,«Գավառի պետական համալսարան» հիմնադրամ,,OTHER,2019,17,12087440,0,0,0,0,42725048,0,0,166
08402753,«Գավառի պետական համալսարան» հիմնադրամ,,OTHER,2020,10,5034468,0,0,0,0,42725048,0,0,166
08402753,«Գավառի պետական համալսարան» հիմնադրամ,,OTHER,2021,17,7691738,0,0,0,0,42725048,0,0,166
08402753,«Գավառի պետական համալսարան» հիմնադրամ,,OTHER,2022,14,3313582,0,0,0,0,42725048,0,0,166
08402753,«Գավառի պետական համալսարան» հիմնադրամ,,OTHER,2023,8,4609861,0,0,0,0,42725048,0,0,166
08402753,«Գավառի պետական համալսարան» հիմնադրամ,,OTHER,2024,5,5481240,0,0,0,0,42725048,0,0,166
08402753,«Գավառի պետական համալսարան» հիմնադրամ,,OTHER,2025,4,1983462,0,0,0,0,42725048,0,0,166
08402753,«Գավառի պետական համալսարան» հիմնադրամ,,OTHER,2026,2,899400,0,0,0,0,42725048,0,0,166
05201986,Ապարանի համայնքապետարան,Aparan community municipality,URBAN,2018,25,62325570,6,3069350,24,4.92,547476636,9764990,1.78,167
05201986,Ապարանի համայնքապետարան,Aparan community municipality,URBAN,2019,2,3318000,0,0,0,0,547476636,9764990,1.78,167
05201986,Ապարանի համայնքապետարան,Aparan community municipality,URBAN,2020,9,23812300,0,0,0,0,547476636,9764990,1.78,167
05201986,Ապարանի համայնքապետարան,Aparan community municipality,URBAN,2021,34,364317993,6,5435640,17.65,1.49,547476636,9764990,1.78,167
05201986,Ապարանի համայնքապետարան,Aparan community municipality,URBAN,2022,20,93702773,1,1260000,5,1.34,547476636,9764990,1.78,167
04101356,«Ակադեմիկոս Ա. Հայրիյանի անվան Արմաշի առողջության կենտրոն» ՓԲԸ,,OTHER,2018,37,40701718,0,0,0,0,160236802,538500,0.34,168
04101356,«Ակադեմիկոս Ա. Հայրիյանի անվան Արմաշի առողջության կենտրոն» ՓԲԸ,,OTHER,2019,18,38856786,0,0,0,0,160236802,538500,0.34,168
04101356,«Ակադեմիկոս Ա. Հայրիյանի անվան Արմաշի առողջության կենտրոն» ՓԲԸ,,OTHER,2020,5,6151783,0,0,0,0,160236802,538500,0.34,168
04101356,«Ակադեմիկոս Ա. Հայրիյանի անվան Արմաշի առողջության կենտրոն» ՓԲԸ,,OTHER,2021,51,55810373,2,538500,3.92,0.96,160236802,538500,0.34,168
04101356,«Ակադեմիկոս Ա. Հայրիյանի անվան Արմաշի առողջության կենտրոն» ՓԲԸ,,OTHER,2022,11,14810250,0,0,0,0,160236802,538500,0.34,168
04101356,«Ակադեմիկոս Ա. Հայրիյանի անվան Արմաշի առողջության կենտրոն» ՓԲԸ,,OTHER,2024,7,3905892,0,0,0,0,160236802,538500,0.34,168
00011624,«Ակադեմիկոս Ս. Ավդալբեկյանի անվան առողջապահության ազգային ինստիտուտ» ՓԲԸ,,OTHER,2018,91,43850525,65,26372791,71.43,60.14,494505249,130671754,26.42,169
00011624,«Ակադեմիկոս Ս. Ավդալբեկյանի անվան առողջապահության ազգային ինստիտուտ» ՓԲԸ,,OTHER,2019,90,50171095,31,20045498,34.44,39.95,494505249,130671754,26.42,169
00011624,«Ակադեմիկոս Ս. Ավդալբեկյանի անվան առողջապահության ազգային ինստիտուտ» ՓԲԸ,,OTHER,2020,73,46650264,33,20088052,45.21,43.06,494505249,130671754,26.42,169
00011624,«Ակադեմիկոս Ս. Ավդալբեկյանի անվան առողջապահության ազգային ինստիտուտ» ՓԲԸ,,OTHER,2021,102,88963891,32,30381916,31.37,34.15,494505249,130671754,26.42,169
00011624,«Ակադեմիկոս Ս. Ավդալբեկյանի անվան առողջապահության ազգային ինստիտուտ» ՓԲԸ,,OTHER,2022,65,102965152,6,27858800,9.23,27.06,494505249,130671754,26.42,169
00011624,«Ակադեմիկոս Ս. Ավդալբեկյանի անվան առողջապահության ազգային ինստիտուտ» ՓԲԸ,,OTHER,2023,55,58951366,9,5924698,16.36,10.05,494505249,130671754,26.42,169
00011624,«Ակադեմիկոս Ս. Ավդալբեկյանի անվան առողջապահության ազգային ինստիտուտ» ՓԲԸ,,OTHER,2024,51,32108247,0,0,0,0,494505249,130671754,26.42,169
00011624,«Ակադեմիկոս Ս. Ավդալբեկյանի անվան առողջապահության ազգային ինստիտուտ» ՓԲԸ,,OTHER,2025,46,43073958,0,0,0,0,494505249,130671754,26.42,169
00011624,«Ակադեմիկոս Ս. Ավդալբեկյանի անվան առողջապահության ազգային ինստիտուտ» ՓԲԸ,,OTHER,2026,26,27770751,0,0,0,0,494505249,130671754,26.42,169
01504054,«Հայաստանի ազգային պոլիտեխնիկական համալսարան» հիմնադրամ,,OTHER,2018,116,72836765,0,0,0,0,413108224,0,0,170
01504054,«Հայաստանի ազգային պոլիտեխնիկական համալսարան» հիմնադրամ,,OTHER,2019,158,18673617,0,0,0,0,413108224,0,0,170
01504054,«Հայաստանի ազգային պոլիտեխնիկական համալսարան» հիմնադրամ,,OTHER,2020,57,70135210,0,0,0,0,413108224,0,0,170
01504054,«Հայաստանի ազգային պոլիտեխնիկական համալսարան» հիմնադրամ,,OTHER,2021,29,79236189,0,0,0,0,413108224,0,0,170
01504054,«Հայաստանի ազգային պոլիտեխնիկական համալսարան» հիմնադրամ,,OTHER,2022,22,53983176,0,0,0,0,413108224,0,0,170
01504054,«Հայաստանի ազգային պոլիտեխնիկական համալսարան» հիմնադրամ,,OTHER,2023,29,90646919,0,0,0,0,413108224,0,0,170
01504054,«Հայաստանի ազգային պոլիտեխնիկական համալսարան» հիմնադրամ,,OTHER,2024,3,1073400,0,0,0,0,413108224,0,0,170
01504054,«Հայաստանի ազգային պոլիտեխնիկական համալսարան» հիմնադրամ,,OTHER,2025,27,10450151,0,0,0,0,413108224,0,0,170
01504054,«Հայաստանի ազգային պոլիտեխնիկական համալսարան» հիմնադրամ,,OTHER,2026,9,16072798,0,0,0,0,413108224,0,0,170
02508054,ՀՀ մշակույթի նախարարություն,Ministry of Culture of the RA,GOVERNMENTAL,2018,124,255969384,77,82810777,62.1,32.35,599463715,281992352,47.04,171
02508054,ՀՀ մշակույթի նախարարություն,Ministry of Culture of the RA,GOVERNMENTAL,2019,95,343494331,49,199181575,51.58,57.99,599463715,281992352,47.04,171
00886959,«Ավան հոգեկան առողջության կենտրոն» ՓԲԸ,,OTHER,2018,5,67608379,0,0,0,0,110741352,0,0,172
00886959,«Ավան հոգեկան առողջության կենտրոն» ՓԲԸ,,OTHER,2020,2,441537,0,0,0,0,110741352,0,0,172
00886959,«Ավան հոգեկան առողջության կենտրոն» ՓԲԸ,,OTHER,2021,3,33453836,0,0,0,0,110741352,0,0,172
00886959,«Ավան հոգեկան առողջության կենտրոն» ՓԲԸ,,OTHER,2022,2,9237600,0,0,0,0,110741352,0,0,172
01002804,«Վ. Ա. Ֆանարջյանի անվան ուռուցքաբանության ազգային կենտրոն» ՓԲԸ,,OTHER,2018,50,310401126,1,2800000,2,0.9,1284543516,2800000,0.22,173
01002804,«Վ. Ա. Ֆանարջյանի անվան ուռուցքաբանության ազգային կենտրոն» ՓԲԸ,,OTHER,2021,4,57217340,0,0,0,0,1284543516,2800000,0.22,173
01002804,«Վ. Ա. Ֆանարջյանի անվան ուռուցքաբանության ազգային կենտրոն» ՓԲԸ,,OTHER,2022,11,492080430,0,0,0,0,1284543516,2800000,0.22,173
01002804,«Վ. Ա. Ֆանարջյանի անվան ուռուցքաբանության ազգային կենտրոն» ՓԲԸ,,OTHER,2024,73,424844620,0,0,0,0,1284543516,2800000,0.22,173
09417527,«Քաջարանի բժշկական կենտրոն» ՓԲԸ,,OTHER,2018,31,32398094,0,0,0,0,96647063,0,0,174
09417527,«Քաջարանի բժշկական կենտրոն» ՓԲԸ,,OTHER,2019,8,6879829,0,0,0,0,96647063,0,0,174
09417527,«Քաջարանի բժշկական կենտրոն» ՓԲԸ,,OTHER,2020,18,6150913,0,0,0,0,96647063,0,0,174
09417527,«Քաջարանի բժշկական կենտրոն» ՓԲԸ,,OTHER,2021,17,6290639,0,0,0,0,96647063,0,0,174
09417527,«Քաջարանի բժշկական կենտրոն» ՓԲԸ,,OTHER,2022,1,12000,0,0,0,0,96647063,0,0,174
09417527,«Քաջարանի բժշկական կենտրոն» ՓԲԸ,,OTHER,2023,9,21676546,0,0,0,0,96647063,0,0,174
09417527,«Քաջարանի բժշկական կենտրոն» ՓԲԸ,,OTHER,2024,13,5640090,0,0,0,0,96647063,0,0,174
09417527,«Քաջարանի բժշկական կենտրոն» ՓԲԸ,,OTHER,2025,18,6568034,0,0,0,0,96647063,0,0,174
09417527,«Քաջարանի բժշկական կենտրոն» ՓԲԸ,,OTHER,2026,14,11030918,0,0,0,0,96647063,0,0,174
04220707,«Արտաշատի բժշկական կենտրոն» ՓԲԸ,,OTHER,2018,24,28318446,2,304500,8.33,1.08,208102499,304500,0.15,175
04220707,«Արտաշատի բժշկական կենտրոն» ՓԲԸ,,OTHER,2019,37,57450010,0,0,0,0,208102499,304500,0.15,175
04220707,«Արտաշատի բժշկական կենտրոն» ՓԲԸ,,OTHER,2020,74,96039227,0,0,0,0,208102499,304500,0.15,175
04220707,«Արտաշատի բժշկական կենտրոն» ՓԲԸ,,OTHER,2023,1,4860000,0,0,0,0,208102499,304500,0.15,175
04220707,«Արտաշատի բժշկական կենտրոն» ՓԲԸ,,OTHER,2026,13,21434816,0,0,0,0,208102499,304500,0.15,175
04707075,«Էջմիածնի բժշկական կենտրոն» ՓԲԸ,"""Medical Center of Ejmiatsin"" CJSC",OTHER,2020,53,66543554,0,0,0,0,1365506229,0,0,176
04707075,«Էջմիածնի բժշկական կենտրոն» ՓԲԸ,"""Medical Center of Ejmiatsin"" CJSC",OTHER,2021,66,130259577,0,0,0,0,1365506229,0,0,176
04707075,«Էջմիածնի բժշկական կենտրոն» ՓԲԸ,"""Medical Center of Ejmiatsin"" CJSC",OTHER,2022,83,248720294,0,0,0,0,1365506229,0,0,176
04707075,«Էջմիածնի բժշկական կենտրոն» ՓԲԸ,"""Medical Center of Ejmiatsin"" CJSC",OTHER,2023,152,411607842,0,0,0,0,1365506229,0,0,176
04707075,«Էջմիածնի բժշկական կենտրոն» ՓԲԸ,"""Medical Center of Ejmiatsin"" CJSC",OTHER,2024,57,148395818,0,0,0,0,1365506229,0,0,176
04707075,«Էջմիածնի բժշկական կենտրոն» ՓԲԸ,"""Medical Center of Ejmiatsin"" CJSC",OTHER,2025,57,222059698,0,0,0,0,1365506229,0,0,176
04707075,«Էջմիածնի բժշկական կենտրոն» ՓԲԸ,"""Medical Center of Ejmiatsin"" CJSC",OTHER,2026,36,137919447,0,0,0,0,1365506229,0,0,176
05503178,«ԳՅՈՒՄՐՈՒ ՍՈՒՐԲ ԳՐԻԳՈՐ ՆԱՐԵԿԱՑՈՒ ԱՆՎԱՆ ՊՈԼԻԿԼԻՆԻԿԱ» ՓԲԸ,"""GYUMRI POLYCLINIC AFTER St. GRIGOR NAREKATSI"" CJSC",OTHER,2018,8,2026500,0,0,0,0,101882005,0,0,177
05503178,«ԳՅՈՒՄՐՈՒ ՍՈՒՐԲ ԳՐԻԳՈՐ ՆԱՐԵԿԱՑՈՒ ԱՆՎԱՆ ՊՈԼԻԿԼԻՆԻԿԱ» ՓԲԸ,"""GYUMRI POLYCLINIC AFTER St. GRIGOR NAREKATSI"" CJSC",OTHER,2019,29,8735984,0,0,0,0,101882005,0,0,177
05503178,«ԳՅՈՒՄՐՈՒ ՍՈՒՐԲ ԳՐԻԳՈՐ ՆԱՐԵԿԱՑՈՒ ԱՆՎԱՆ ՊՈԼԻԿԼԻՆԻԿԱ» ՓԲԸ,"""GYUMRI POLYCLINIC AFTER St. GRIGOR NAREKATSI"" CJSC",OTHER,2020,29,12845220,0,0,0,0,101882005,0,0,177
05503178,«ԳՅՈՒՄՐՈՒ ՍՈՒՐԲ ԳՐԻԳՈՐ ՆԱՐԵԿԱՑՈՒ ԱՆՎԱՆ ՊՈԼԻԿԼԻՆԻԿԱ» ՓԲԸ,"""GYUMRI POLYCLINIC AFTER St. GRIGOR NAREKATSI"" CJSC",OTHER,2021,19,2580376,0,0,0,0,101882005,0,0,177
05503178,«ԳՅՈՒՄՐՈՒ ՍՈՒՐԲ ԳՐԻԳՈՐ ՆԱՐԵԿԱՑՈՒ ԱՆՎԱՆ ՊՈԼԻԿԼԻՆԻԿԱ» ՓԲԸ,"""GYUMRI POLYCLINIC AFTER St. GRIGOR NAREKATSI"" CJSC",OTHER,2022,12,1521810,0,0,0,0,101882005,0,0,177
05503178,«ԳՅՈՒՄՐՈՒ ՍՈՒՐԲ ԳՐԻԳՈՐ ՆԱՐԵԿԱՑՈՒ ԱՆՎԱՆ ՊՈԼԻԿԼԻՆԻԿԱ» ՓԲԸ,"""GYUMRI POLYCLINIC AFTER St. GRIGOR NAREKATSI"" CJSC",OTHER,2024,3,14587454,0,0,0,0,101882005,0,0,177
05503178,«ԳՅՈՒՄՐՈՒ ՍՈՒՐԲ ԳՐԻԳՈՐ ՆԱՐԵԿԱՑՈՒ ԱՆՎԱՆ ՊՈԼԻԿԼԻՆԻԿԱ» ՓԲԸ,"""GYUMRI POLYCLINIC AFTER St. GRIGOR NAREKATSI"" CJSC",OTHER,2025,51,45173220,0,0,0,0,101882005,0,0,177
05503178,«ԳՅՈՒՄՐՈՒ ՍՈՒՐԲ ԳՐԻԳՈՐ ՆԱՐԵԿԱՑՈՒ ԱՆՎԱՆ ՊՈԼԻԿԼԻՆԻԿԱ» ՓԲԸ,"""GYUMRI POLYCLINIC AFTER St. GRIGOR NAREKATSI"" CJSC",OTHER,2026,29,14411440,0,0,0,0,101882005,0,0,177
04112138,«Վեդու բժշկական կենտրոն» ՓԲԸ,,OTHER,2018,18,12008406,1,950000,5.56,7.91,233824435,19473300,8.33,178
04112138,«Վեդու բժշկական կենտրոն» ՓԲԸ,,OTHER,2019,4,30474000,0,0,0,0,233824435,19473300,8.33,178
04112138,«Վեդու բժշկական կենտրոն» ՓԲԸ,,OTHER,2020,5,15636800,0,0,0,0,233824435,19473300,8.33,178
04112138,«Վեդու բժշկական կենտրոն» ՓԲԸ,,OTHER,2021,12,36797833,2,4523300,16.67,12.29,233824435,19473300,8.33,178
04112138,«Վեդու բժշկական կենտրոն» ՓԲԸ,,OTHER,2022,13,34832100,1,14000000,7.69,40.19,233824435,19473300,8.33,178
04112138,«Վեդու բժշկական կենտրոն» ՓԲԸ,,OTHER,2023,7,13066320,0,0,0,0,233824435,19473300,8.33,178
04112138,«Վեդու բժշկական կենտրոն» ՓԲԸ,,OTHER,2024,22,20709912,0,0,0,0,233824435,19473300,8.33,178
04112138,«Վեդու բժշկական կենտրոն» ՓԲԸ,,OTHER,2025,34,65570222,0,0,0,0,233824435,19473300,8.33,178
04112138,«Վեդու բժշկական կենտրոն» ՓԲԸ,,OTHER,2026,6,4728842,0,0,0,0,233824435,19473300,8.33,178
07300626,«Գուգարք» կենտրոնական պոլիկլինիկա ՓԲԸ,,OTHER,2018,9,6590037,0,0,0,0,100584940,507500,0.5,179
07300626,«Գուգարք» կենտրոնական պոլիկլինիկա ՓԲԸ,,OTHER,2019,19,3533686,0,0,0,0,100584940,507500,0.5,179
07300626,«Գուգարք» կենտրոնական պոլիկլինիկա ՓԲԸ,,OTHER,2020,22,17557994,1,307500,4.55,1.75,100584940,507500,0.5,179
07300626,«Գուգարք» կենտրոնական պոլիկլինիկա ՓԲԸ,,OTHER,2021,16,9774002,0,0,0,0,100584940,507500,0.5,179
07300626,«Գուգարք» կենտրոնական պոլիկլինիկա ՓԲԸ,,OTHER,2022,23,6066421,1,200000,4.35,3.3,100584940,507500,0.5,179
07300626,«Գուգարք» կենտրոնական պոլիկլինիկա ՓԲԸ,,OTHER,2023,23,23044261,0,0,0,0,100584940,507500,0.5,179
07300626,«Գուգարք» կենտրոնական պոլիկլինիկա ՓԲԸ,,OTHER,2024,25,20814144,0,0,0,0,100584940,507500,0.5,179
07300626,«Գուգարք» կենտրոնական պոլիկլինիկա ՓԲԸ,,OTHER,2025,35,11852740,0,0,0,0,100584940,507500,0.5,179
07300626,«Գուգարք» կենտրոնական պոլիկլինիկա ՓԲԸ,,OTHER,2026,8,1351655,0,0,0,0,100584940,507500,0.5,179
06107489,«Արթիկի  բժշկական  կենտրոն»  ՓԲԸ,,OTHER,2018,43,15558830,0,0,0,0,579137262,15554365,2.69,180
06107489,«Արթիկի  բժշկական  կենտրոն»  ՓԲԸ,,OTHER,2019,10,4598050,7,1302250,70,28.32,579137262,15554365,2.69,180
06107489,«Արթիկի  բժշկական  կենտրոն»  ՓԲԸ,,OTHER,2020,78,61271349,11,4797815,14.1,7.83,579137262,15554365,2.69,180
06107489,«Արթիկի  բժշկական  կենտրոն»  ՓԲԸ,,OTHER,2021,70,91218688,10,3656300,14.29,4.01,579137262,15554365,2.69,180
06107489,«Արթիկի  բժշկական  կենտրոն»  ՓԲԸ,,OTHER,2022,67,94713895,4,2789300,5.97,2.94,579137262,15554365,2.69,180
06107489,«Արթիկի  բժշկական  կենտրոն»  ՓԲԸ,,OTHER,2023,67,91992968,4,3008700,5.97,3.27,579137262,15554365,2.69,180
06107489,«Արթիկի  բժշկական  կենտրոն»  ՓԲԸ,,OTHER,2024,49,119017667,0,0,0,0,579137262,15554365,2.69,180
06107489,«Արթիկի  բժշկական  կենտրոն»  ՓԲԸ,,OTHER,2025,85,100765815,0,0,0,0,579137262,15554365,2.69,180
08918771,«Վայոց Ձորի բժշկական կենտրոն» ՓԲԸ,Vayots Dzor Medical Center CJSC,OTHER,2025,54,84313129,0,0,0,0,85803154,0,0,181
08918771,«Վայոց Ձորի բժշկական կենտրոն» ՓԲԸ,Vayots Dzor Medical Center CJSC,OTHER,2026,1,1490025,0,0,0,0,85803154,0,0,181
03017721,«Հրազդանի բժշկական կենտրոն» ՓԲԸ,,OTHER,2018,10,16969470,0,0,0,0,693255887,0,0,182
03017721,«Հրազդանի բժշկական կենտրոն» ՓԲԸ,,OTHER,2019,19,18554238,0,0,0,0,693255887,0,0,182
03017721,«Հրազդանի բժշկական կենտրոն» ՓԲԸ,,OTHER,2020,77,54809578,0,0,0,0,693255887,0,0,182
03017721,«Հրազդանի բժշկական կենտրոն» ՓԲԸ,,OTHER,2021,35,23404853,0,0,0,0,693255887,0,0,182
03017721,«Հրազդանի բժշկական կենտրոն» ՓԲԸ,,OTHER,2022,26,37661897,0,0,0,0,693255887,0,0,182
03017721,«Հրազդանի բժշկական կենտրոն» ՓԲԸ,,OTHER,2023,66,145200754,0,0,0,0,693255887,0,0,182
03017721,«Հրազդանի բժշկական կենտրոն» ՓԲԸ,,OTHER,2024,37,83949080,0,0,0,0,693255887,0,0,182
03017721,«Հրազդանի բժշկական կենտրոն» ՓԲԸ,,OTHER,2025,66,291730979,0,0,0,0,693255887,0,0,182
03017721,«Հրազդանի բժշկական կենտրոն» ՓԲԸ,,OTHER,2026,14,20975038,0,0,0,0,693255887,0,0,182
06103067,«Արթիկի մոր և մանկան առողջության պահպանման կենտրոն»ՓԲԸ,,OTHER,2018,39,7017061,0,0,0,0,50682077,0,0,183
06103067,«Արթիկի մոր և մանկան առողջության պահպանման կենտրոն»ՓԲԸ,,OTHER,2019,2,129770,0,0,0,0,50682077,0,0,183
06103067,«Արթիկի մոր և մանկան առողջության պահպանման կենտրոն»ՓԲԸ,,OTHER,2021,43,14417864,0,0,0,0,50682077,0,0,183
06103067,«Արթիկի մոր և մանկան առողջության պահպանման կենտրոն»ՓԲԸ,,OTHER,2022,26,11500541,0,0,0,0,50682077,0,0,183
06103067,«Արթիկի մոր և մանկան առողջության պահպանման կենտրոն»ՓԲԸ,,OTHER,2023,31,8578363,0,0,0,0,50682077,0,0,183
06103067,«Արթիկի մոր և մանկան առողջության պահպանման կենտրոն»ՓԲԸ,,OTHER,2025,23,9038479,0,0,0,0,50682077,0,0,183
05807457,«Ախուրյանի բժշկական  կենտրոն» ՓԲԸ,,OTHER,2018,18,9194876,2,508550,11.11,5.53,129734526,2481070,1.91,184
05807457,«Ախուրյանի բժշկական  կենտրոն» ՓԲԸ,,OTHER,2019,5,1834546,1,500000,20,27.25,129734526,2481070,1.91,184
05807457,«Ախուրյանի բժշկական  կենտրոն» ՓԲԸ,,OTHER,2020,16,24743336,3,1472520,18.75,5.95,129734526,2481070,1.91,184
05807457,«Ախուրյանի բժշկական  կենտրոն» ՓԲԸ,,OTHER,2021,49,42636475,0,0,0,0,129734526,2481070,1.91,184
05807457,«Ախուրյանի բժշկական  կենտրոն» ՓԲԸ,,OTHER,2022,21,17554221,0,0,0,0,129734526,2481070,1.91,184
05807457,«Ախուրյանի բժշկական  կենտրոն» ՓԲԸ,,OTHER,2023,24,15491257,0,0,0,0,129734526,2481070,1.91,184
05807457,«Ախուրյանի բժշկական  կենտրոն» ՓԲԸ,,OTHER,2024,1,1375000,0,0,0,0,129734526,2481070,1.91,184
05807457,«Ախուրյանի բժշկական  կենտրոն» ՓԲԸ,,OTHER,2025,41,16904814,0,0,0,0,129734526,2481070,1.91,184
09426045,Քաջարանի համայնքապետարան,Qajaran community municipality,URBAN,2018,10,152964560,0,0,0,0,11109127179,0,0,185
09426045,Քաջարանի համայնքապետարան,Qajaran community municipality,URBAN,2019,24,534637062,0,0,0,0,11109127179,0,0,185
09426045,Քաջարանի համայնքապետարան,Qajaran community municipality,URBAN,2020,16,2716304586,0,0,0,0,11109127179,0,0,185
09426045,Քաջարանի համայնքապետարան,Qajaran community municipality,URBAN,2021,7,11468700,0,0,0,0,11109127179,0,0,185
09426045,Քաջարանի համայնքապետարան,Qajaran community municipality,URBAN,2022,32,2102354897,0,0,0,0,11109127179,0,0,185
09426045,Քաջարանի համայնքապետարան,Qajaran community municipality,URBAN,2023,26,1143052802,0,0,0,0,11109127179,0,0,185
09426045,Քաջարանի համայնքապետարան,Qajaran community municipality,URBAN,2024,23,682793995,0,0,0,0,11109127179,0,0,185
09426045,Քաջարանի համայնքապետարան,Qajaran community municipality,URBAN,2025,40,2775679624,0,0,0,0,11109127179,0,0,185
09426045,Քաջարանի համայնքապետարան,Qajaran community municipality,URBAN,2026,16,989870953,0,0,0,0,11109127179,0,0,185
07614373,«Իջևանի ԲԿ»,,OTHER,2018,1,934800,0,0,0,0,49826841,0,0,186
07614373,«Իջևանի ԲԿ»,,OTHER,2021,20,15207313,0,0,0,0,49826841,0,0,186
07614373,«Իջևանի ԲԿ»,,OTHER,2023,2,3366000,0,0,0,0,49826841,0,0,186
07614373,«Իջևանի ԲԿ»,,OTHER,2024,23,14768728,0,0,0,0,49826841,0,0,186
07614373,«Իջևանի ԲԿ»,,OTHER,2025,4,15550000,0,0,0,0,49826841,0,0,186
08617165,«Ճամբարակի առողջապահության կենտրոն» ՓԲԸ,,OTHER,2018,59,18560529,2,172950,3.39,0.93,299745205,1699600,0.57,187
08617165,«Ճամբարակի առողջապահության կենտրոն» ՓԲԸ,,OTHER,2019,52,20438369,6,1526650,11.54,7.47,299745205,1699600,0.57,187
08617165,«Ճամբարակի առողջապահության կենտրոն» ՓԲԸ,,OTHER,2020,49,18092680,0,0,0,0,299745205,1699600,0.57,187
08617165,«Ճամբարակի առողջապահության կենտրոն» ՓԲԸ,,OTHER,2021,45,21753784,0,0,0,0,299745205,1699600,0.57,187
08617165,«Ճամբարակի առողջապահության կենտրոն» ՓԲԸ,,OTHER,2022,33,17972086,0,0,0,0,299745205,1699600,0.57,187
08617165,«Ճամբարակի առողջապահության կենտրոն» ՓԲԸ,,OTHER,2023,26,17376428,0,0,0,0,299745205,1699600,0.57,187
08617165,«Ճամբարակի առողջապահության կենտրոն» ՓԲԸ,,OTHER,2025,51,185240030,0,0,0,0,299745205,1699600,0.57,187
08617165,«Ճամբարակի առողջապահության կենտրոն» ՓԲԸ,,OTHER,2026,1,311299,0,0,0,0,299745205,1699600,0.57,187
05502958,«Գյումրու թիվ 1 պոլիկլինիկա» ՓԲԸ,,OTHER,2021,1,25569567,0,0,0,0,49117973,0,0,188
05502958,«Գյումրու թիվ 1 պոլիկլինիկա» ՓԲԸ,,OTHER,2022,9,22051925,0,0,0,0,49117973,0,0,188
05502958,«Գյումրու թիվ 1 պոլիկլինիկա» ՓԲԸ,,OTHER,2023,9,1496481,0,0,0,0,49117973,0,0,188
04707083,«Էջմիածին ԲԿ» ՓԲԸ,,OTHER,2022,20,7830561,0,0,0,0,7830561,0,0,189
07203406,«Տաշիրի բժշկական կենտրոն» ՓԲԸ,,OTHER,2019,9,2982960,0,0,0,0,73401446,0,0,190
07203406,«Տաշիրի բժշկական կենտրոն» ՓԲԸ,,OTHER,2020,13,7131899,0,0,0,0,73401446,0,0,190
07203406,«Տաշիրի բժշկական կենտրոն» ՓԲԸ,,OTHER,2021,74,40351606,0,0,0,0,73401446,0,0,190
07203406,«Տաշիրի բժշկական կենտրոն» ՓԲԸ,,OTHER,2022,34,22934980,0,0,0,0,73401446,0,0,190
05503375,«Բեռլին պոլիկլինիկա» ՓԲԸ,,OTHER,2018,20,9053032,14,2863322,70,31.63,195062353,20428390,10.47,191
05503375,«Բեռլին պոլիկլինիկա» ՓԲԸ,,OTHER,2019,26,22777086,19,6080920,73.08,26.7,195062353,20428390,10.47,191
05503375,«Բեռլին պոլիկլինիկա» ՓԲԸ,,OTHER,2020,33,39807594,29,7209618,87.88,18.11,195062353,20428390,10.47,191
05503375,«Բեռլին պոլիկլինիկա» ՓԲԸ,,OTHER,2021,30,7733396,17,3328530,56.67,43.04,195062353,20428390,10.47,191
05503375,«Բեռլին պոլիկլինիկա» ՓԲԸ,,OTHER,2022,31,56742845,2,946000,6.45,1.67,195062353,20428390,10.47,191
05503375,«Բեռլին պոլիկլինիկա» ՓԲԸ,,OTHER,2024,32,58948399,0,0,0,0,195062353,20428390,10.47,191
01508606,ՀՀ ԱՆ «Ինֆեկցիոն հիվանդությունների ազգային կենտրոն» ՓԲԸ,National center for infectious diseases of Ministry of Health of the RA CJSC,OTHER,2021,41,103903623,0,0,0,0,321585665,0,0,192
01508606,ՀՀ ԱՆ «Ինֆեկցիոն հիվանդությունների ազգային կենտրոն» ՓԲԸ,National center for infectious diseases of Ministry of Health of the RA CJSC,OTHER,2022,61,212292042,0,0,0,0,321585665,0,0,192
01508606,ՀՀ ԱՆ «Ինֆեկցիոն հիվանդությունների ազգային կենտրոն» ՓԲԸ,National center for infectious diseases of Ministry of Health of the RA CJSC,OTHER,2024,1,5390000,0,0,0,0,321585665,0,0,192
06907013,«Վանաձորի թիվ 1 պոլիկլինիկա» ՊՓԲԸ,,OTHER,2018,24,28868481,0,0,0,0,121417063,11583100,9.54,193
06907013,«Վանաձորի թիվ 1 պոլիկլինիկա» ՊՓԲԸ,,OTHER,2019,11,4799464,0,0,0,0,121417063,11583100,9.54,193
06907013,«Վանաձորի թիվ 1 պոլիկլինիկա» ՊՓԲԸ,,OTHER,2020,55,47443417,28,6168440,50.91,13,121417063,11583100,9.54,193
06907013,«Վանաձորի թիվ 1 պոլիկլինիկա» ՊՓԲԸ,,OTHER,2021,44,40305701,20,5414660,45.45,13.43,121417063,11583100,9.54,193
03301039,«Նաիրի բժշկական կենտրոն» ՊՓԲԸ,,OTHER,2018,24,7080092,0,0,0,0,57555425,0,0,194
03301039,«Նաիրի բժշկական կենտրոն» ՊՓԲԸ,,OTHER,2021,62,50475333,0,0,0,0,57555425,0,0,194
07404792,«Նիկոլայ Նասիբյանի անվան Նոյեմբերյանի Բժշկական Կենտրոն» ՓԲԸ,,OTHER,2018,51,20713058,0,0,0,0,74784612,0,0,195
07404792,«Նիկոլայ Նասիբյանի անվան Նոյեմբերյանի Բժշկական Կենտրոն» ՓԲԸ,,OTHER,2020,1,3500000,0,0,0,0,74784612,0,0,195
07404792,«Նիկոլայ Նասիբյանի անվան Նոյեմբերյանի Բժշկական Կենտրոն» ՓԲԸ,,OTHER,2021,82,50571554,0,0,0,0,74784612,0,0,195
06001341,«Մարալիկի առողջության կենտրոն» ՓԲԸ,,OTHER,2019,15,6524186,0,0,0,0,66781484,0,0,196
06001341,«Մարալիկի առողջության կենտրոն» ՓԲԸ,,OTHER,2020,13,5641268,0,0,0,0,66781484,0,0,196
06001341,«Մարալիկի առողջության կենտրոն» ՓԲԸ,,OTHER,2021,26,14783005,0,0,0,0,66781484,0,0,196
06001341,«Մարալիկի առողջության կենտրոն» ՓԲԸ,,OTHER,2022,1,8882225,0,0,0,0,66781484,0,0,196
06001341,«Մարալիկի առողջության կենտրոն» ՓԲԸ,,OTHER,2025,2,30950800,0,0,0,0,66781484,0,0,196
04104551,«Վեդու ծննդատուն» ՓԲԸ,,OTHER,2018,55,17153751,4,285150,7.27,1.66,45953700,4590520,9.99,197
04104551,«Վեդու ծննդատուն» ՓԲԸ,,OTHER,2019,50,16455353,13,2357340,26,14.33,45953700,4590520,9.99,197
04104551,«Վեդու ծննդատուն» ՓԲԸ,,OTHER,2020,34,12093996,5,1948030,14.71,16.11,45953700,4590520,9.99,197
04104551,«Վեդու ծննդատուն» ՓԲԸ,,OTHER,2021,2,250600,0,0,0,0,45953700,4590520,9.99,197
05500832,« Գյումրու Ծննդատուն» ՓԲԸ,,OTHER,2019,5,1487226,0,0,0,0,25761288,0,0,198
05500832,« Գյումրու Ծննդատուն» ՓԲԸ,,OTHER,2020,19,8725383,0,0,0,0,25761288,0,0,198
05500832,« Գյումրու Ծննդատուն» ՓԲԸ,,OTHER,2021,11,15548678,0,0,0,0,25761288,0,0,198
06902113,«Վանաձորի Ինֆեկցիոն հիվանդանոց» ՊՓԲԸ,,OTHER,2018,41,6923647,25,2301985,60.98,33.25,12803212,2993202,23.38,199
06902113,«Վանաձորի Ինֆեկցիոն հիվանդանոց» ՊՓԲԸ,,OTHER,2019,20,3550805,8,555118,40,15.63,12803212,2993202,23.38,199
06902113,«Վանաձորի Ինֆեկցիոն հիվանդանոց» ՊՓԲԸ,,OTHER,2020,6,2281311,2,88650,33.33,3.89,12803212,2993202,23.38,199
06902113,«Վանաձորի Ինֆեկցիոն հիվանդանոց» ՊՓԲԸ,,OTHER,2021,1,47450,1,47450,100,100,12803212,2993202,23.38,199
05501939,«Գյումրու մոր և մանկան ավստրիական հիվանդանոց» ՓԲԸ,,OTHER,2018,44,33114922,0,0,0,0,80729047,1658897,2.05,200
05501939,«Գյումրու մոր և մանկան ավստրիական հիվանդանոց» ՓԲԸ,,OTHER,2019,49,17644149,25,1658897,51.02,9.4,80729047,1658897,2.05,200
05501939,«Գյումրու մոր և մանկան ավստրիական հիվանդանոց» ՓԲԸ,,OTHER,2020,6,29969976,0,0,0,0,80729047,1658897,2.05,200
08620315,«Սևանի ԲԿ» ՓԲԸ,,OTHER,2018,82,40225622,0,0,0,0,96905637,1497864,1.55,201
08620315,«Սևանի ԲԿ» ՓԲԸ,,OTHER,2019,83,55622172,2,440020,2.41,0.79,96905637,1497864,1.55,201
08620315,«Սևանի ԲԿ» ՓԲԸ,,OTHER,2020,7,1057844,7,1057844,100,100,96905637,1497864,1.55,201
05500411,«Հանրապետական շտապ օգնության ծառայություն» ՓԲԸ,Republican Emergency Service CJSC,OTHER,2018,11,18150729,0,0,0,0,143057463,3390500,2.37,202
05500411,«Հանրապետական շտապ օգնության ծառայություն» ՓԲԸ,Republican Emergency Service CJSC,OTHER,2019,14,21948476,1,3000000,7.14,13.67,143057463,3390500,2.37,202
05500411,«Հանրապետական շտապ օգնության ծառայություն» ՓԲԸ,Republican Emergency Service CJSC,OTHER,2020,4,18487500,1,390500,25,2.11,143057463,3390500,2.37,202
05500411,«Հանրապետական շտապ օգնության ծառայություն» ՓԲԸ,Republican Emergency Service CJSC,OTHER,2021,1,374000,0,0,0,0,143057463,3390500,2.37,202
05500411,«Հանրապետական շտապ օգնության ծառայություն» ՓԲԸ,Republican Emergency Service CJSC,OTHER,2023,1,644000,0,0,0,0,143057463,3390500,2.37,202
05500411,«Հանրապետական շտապ օգնության ծառայություն» ՓԲԸ,Republican Emergency Service CJSC,OTHER,2025,10,83452759,0,0,0,0,143057463,3390500,2.37,202
05533967,ԳՅՈՒՄՐՈՒ ԻՆՖԵԿՑԻՈՆ ՀԻՎԱՆԴԱՆՈՑ ՓԲԸ,Gyumri Infection hospital CSJC,OTHER,2018,22,79434687,2,668000,9.09,0.84,83075122,668000,0.8,203
05533967,ԳՅՈՒՄՐՈՒ ԻՆՖԵԿՑԻՈՆ ՀԻՎԱՆԴԱՆՈՑ ՓԲԸ,Gyumri Infection hospital CSJC,OTHER,2019,3,3640435,0,0,0,0,83075122,668000,0.8,203
05530985,«Ամասիայի առողջության կենտրոն» ՓԲԸ,,OTHER,2018,15,2761083,0,0,0,0,14709216,0,0,204
05530985,«Ամասիայի առողջության կենտրոն» ՓԲԸ,,OTHER,2022,1,821095,0,0,0,0,14709216,0,0,204
05530985,«Ամասիայի առողջության կենտրոն» ՓԲԸ,,OTHER,2023,18,5959348,0,0,0,0,14709216,0,0,204
05530985,«Ամասիայի առողջության կենտրոն» ՓԲԸ,,OTHER,2024,6,872560,0,0,0,0,14709216,0,0,204
05530985,«Ամասիայի առողջության կենտրոն» ՓԲԸ,,OTHER,2025,8,4295131,0,0,0,0,14709216,0,0,204
06801433,Սպիտակի համայնքապետարան,Spitak community municipality,URBAN,2018,16,116914200,0,0,0,0,8254718212,13925944,0.17,205
06801433,Սպիտակի համայնքապետարան,Spitak community municipality,URBAN,2019,14,111938980,0,0,0,0,8254718212,13925944,0.17,205
06801433,Սպիտակի համայնքապետարան,Spitak community municipality,URBAN,2020,24,436067370,0,0,0,0,8254718212,13925944,0.17,205
06801433,Սպիտակի համայնքապետարան,Spitak community municipality,URBAN,2021,23,82014794,3,901944,13.04,1.1,8254718212,13925944,0.17,205
06801433,Սպիտակի համայնքապետարան,Spitak community municipality,URBAN,2022,119,1172703932,3,2539000,2.52,0.22,8254718212,13925944,0.17,205
06801433,Սպիտակի համայնքապետարան,Spitak community municipality,URBAN,2023,114,1214950250,8,10485000,7.02,0.86,8254718212,13925944,0.17,205
06801433,Սպիտակի համայնքապետարան,Spitak community municipality,URBAN,2024,85,1925227169,0,0,0,0,8254718212,13925944,0.17,205
06801433,Սպիտակի համայնքապետարան,Spitak community municipality,URBAN,2025,104,2366701141,0,0,0,0,8254718212,13925944,0.17,205
06801433,Սպիտակի համայնքապետարան,Spitak community municipality,URBAN,2026,60,828200377,0,0,0,0,8254718212,13925944,0.17,205
00144572,Կարեն Դեմիրճյանի անվան մարզահամերգային համալիր ՓԲԸ,Sport and Concert Complex after K.Demirchyan CJSC,OTHER,2023,11,93725282,0,0,0,0,3308581422,0,0,206
00144572,Կարեն Դեմիրճյանի անվան մարզահամերգային համալիր ՓԲԸ,Sport and Concert Complex after K.Demirchyan CJSC,OTHER,2024,9,153146872,0,0,0,0,3308581422,0,0,206
00144572,Կարեն Դեմիրճյանի անվան մարզահամերգային համալիր ՓԲԸ,Sport and Concert Complex after K.Demirchyan CJSC,OTHER,2025,14,1372943792,0,0,0,0,3308581422,0,0,206
00144572,Կարեն Դեմիրճյանի անվան մարզահամերգային համալիր ՓԲԸ,Sport and Concert Complex after K.Demirchyan CJSC,OTHER,2026,7,1688765476,0,0,0,0,3308581422,0,0,206
08203584,Մարտունու համայնքապետարան,Martuni community municipality,URBAN,2019,1,300000,0,0,0,0,3541636535,700000,0.02,207
08203584,Մարտունու համայնքապետարան,Martuni community municipality,URBAN,2020,13,55525230,2,700000,15.38,1.26,3541636535,700000,0.02,207
08203584,Մարտունու համայնքապետարան,Martuni community municipality,URBAN,2021,2,851750,0,0,0,0,3541636535,700000,0.02,207
08203584,Մարտունու համայնքապետարան,Martuni community municipality,URBAN,2022,2,11663850,0,0,0,0,3541636535,700000,0.02,207
08203584,Մարտունու համայնքապետարան,Martuni community municipality,URBAN,2023,10,123124701,0,0,0,0,3541636535,700000,0.02,207
08203584,Մարտունու համայնքապետարան,Martuni community municipality,URBAN,2024,16,72819478,0,0,0,0,3541636535,700000,0.02,207
08203584,Մարտունու համայնքապետարան,Martuni community municipality,URBAN,2025,27,3277351526,0,0,0,0,3541636535,700000,0.02,207
04241258,Վեդու համայնքապետարան,Vedi community municipality,URBAN,2019,11,88715200,0,0,0,0,7337679328,9876500,0.13,208
04241258,Վեդու համայնքապետարան,Vedi community municipality,URBAN,2020,11,90501452,0,0,0,0,7337679328,9876500,0.13,208
04241258,Վեդու համայնքապետարան,Vedi community municipality,URBAN,2021,10,132353740,0,0,0,0,7337679328,9876500,0.13,208
04241258,Վեդու համայնքապետարան,Vedi community municipality,URBAN,2022,41,1117979684,4,9196500,9.76,0.82,7337679328,9876500,0.13,208
04241258,Վեդու համայնքապետարան,Vedi community municipality,URBAN,2023,82,3753930193,1,680000,1.22,0.02,7337679328,9876500,0.13,208
04241258,Վեդու համայնքապետարան,Vedi community municipality,URBAN,2024,29,1196222117,0,0,0,0,7337679328,9876500,0.13,208
04241258,Վեդու համայնքապետարան,Vedi community municipality,URBAN,2025,26,609460105,0,0,0,0,7337679328,9876500,0.13,208
04241258,Վեդու համայնքապետարան,Vedi community municipality,URBAN,2026,18,348516838,0,0,0,0,7337679328,9876500,0.13,208
00886932,ՀՀ ԱՆ «Կախվածությունների բուժման ազգային կենտրոն» ՓԲԸ,"""National Center for Addictions Trearment"" MOH of RA CJSC",OTHER,2018,8,28220538,0,0,0,0,82611241,0,0,209
00886932,ՀՀ ԱՆ «Կախվածությունների բուժման ազգային կենտրոն» ՓԲԸ,"""National Center for Addictions Trearment"" MOH of RA CJSC",OTHER,2020,1,22519609,0,0,0,0,82611241,0,0,209
00886932,ՀՀ ԱՆ «Կախվածությունների բուժման ազգային կենտրոն» ՓԲԸ,"""National Center for Addictions Trearment"" MOH of RA CJSC",OTHER,2021,6,31871094,0,0,0,0,82611241,0,0,209
01507302,«Էներգետիկայի գիտահետազոտական ինստիտուտ» ՓԲԸ,,OTHER,2022,1,1948000,0,0,0,0,38751030,622430,1.61,210
01507302,«Էներգետիկայի գիտահետազոտական ինստիտուտ» ՓԲԸ,,OTHER,2023,16,4187030,14,622430,87.5,14.87,38751030,622430,1.61,210
01507302,«Էներգետիկայի գիտահետազոտական ինստիտուտ» ՓԲԸ,,OTHER,2024,4,22707000,0,0,0,0,38751030,622430,1.61,210
01507302,«Էներգետիկայի գիտահետազոտական ինստիտուտ» ՓԲԸ,,OTHER,2025,3,5454000,0,0,0,0,38751030,622430,1.61,210
01507302,«Էներգետիկայի գիտահետազոտական ինստիտուտ» ՓԲԸ,,OTHER,2026,2,4455000,0,0,0,0,38751030,622430,1.61,210
08406333,Գավառի համայնքապետարան,Gavar community municipality,URBAN,2018,3,15740000,0,0,0,0,2410276735,0,0,211
08406333,Գավառի համայնքապետարան,Gavar community municipality,URBAN,2022,1,5459000,0,0,0,0,2410276735,0,0,211
08406333,Գավառի համայնքապետարան,Gavar community municipality,URBAN,2024,1,245000,0,0,0,0,2410276735,0,0,211
08406333,Գավառի համայնքապետարան,Gavar community municipality,URBAN,2025,116,2065179246,0,0,0,0,2410276735,0,0,211
08406333,Գավառի համայնքապետարան,Gavar community municipality,URBAN,2026,83,323653489,0,0,0,0,2410276735,0,0,211
02707093,«Էլեկտրոնային կառավարման ենթակառուցվածքների ներդրման գրասենյակ» ՓԲԸ,,OTHER,2018,34,102692626,11,1496340,32.35,1.46,481961575,1775540,0.37,212
02707093,«Էլեկտրոնային կառավարման ենթակառուցվածքների ներդրման գրասենյակ» ՓԲԸ,,OTHER,2019,7,23742100,1,79200,14.29,0.33,481961575,1775540,0.37,212
02707093,«Էլեկտրոնային կառավարման ենթակառուցվածքների ներդրման գրասենյակ» ՓԲԸ,,OTHER,2020,2,1586040,0,0,0,0,481961575,1775540,0.37,212
02707093,«Էլեկտրոնային կառավարման ենթակառուցվածքների ներդրման գրասենյակ» ՓԲԸ,,OTHER,2021,1,1080000,0,0,0,0,481961575,1775540,0.37,212
02707093,«Էլեկտրոնային կառավարման ենթակառուցվածքների ներդրման գրասենյակ» ՓԲԸ,,OTHER,2022,15,78545081,1,200000,6.67,0.25,481961575,1775540,0.37,212
02707093,«Էլեկտրոնային կառավարման ենթակառուցվածքների ներդրման գրասենյակ» ՓԲԸ,,OTHER,2023,11,99984024,0,0,0,0,481961575,1775540,0.37,212
02707093,«Էլեկտրոնային կառավարման ենթակառուցվածքների ներդրման գրասենյակ» ՓԲԸ,,OTHER,2024,12,53319965,0,0,0,0,481961575,1775540,0.37,212
02707093,«Էլեկտրոնային կառավարման ենթակառուցվածքների ներդրման գրասենյակ» ՓԲԸ,,OTHER,2025,14,48631741,0,0,0,0,481961575,1775540,0.37,212
02707093,«Էլեկտրոնային կառավարման ենթակառուցվածքների ներդրման գրասենյակ» ՓԲԸ,,OTHER,2026,2,72379998,0,0,0,0,481961575,1775540,0.37,212
02508046,ՀՀ գյուղատնտեսության նախարարություն,Ministry of Agriculture of the RA,GOVERNMENTAL,2018,98,201202954,63,4713459,64.29,2.34,683548571,20309451,2.97,213
02508046,ՀՀ գյուղատնտեսության նախարարություն,Ministry of Agriculture of the RA,GOVERNMENTAL,2019,111,482345617,84,15595992,75.68,3.23,683548571,20309451,2.97,213
02623687,«Հայաստանի արտահանման ապահովագրական գործակալություն» ԱՓԲԸ,,OTHER,2018,5,5680000,0,0,0,0,19971770,0,0,214
02623687,«Հայաստանի արտահանման ապահովագրական գործակալություն» ԱՓԲԸ,,OTHER,2019,5,2644970,0,0,0,0,19971770,0,0,214
02623687,«Հայաստանի արտահանման ապահովագրական գործակալություն» ԱՓԲԸ,,OTHER,2020,1,2400000,0,0,0,0,19971770,0,0,214
02623687,«Հայաստանի արտահանման ապահովագրական գործակալություն» ԱՓԲԸ,,OTHER,2021,4,9246800,0,0,0,0,19971770,0,0,214
04401882,Արմավիրի համայնքապետարան,Armavir community municipality,URBAN,2018,14,43763605,1,1386000,7.14,3.17,7460958886,1421000,0.02,215
04401882,Արմավիրի համայնքապետարան,Armavir community municipality,URBAN,2019,17,98092173,1,35000,5.88,0.04,7460958886,1421000,0.02,215
04401882,Արմավիրի համայնքապետարան,Armavir community municipality,URBAN,2020,12,245597016,0,0,0,0,7460958886,1421000,0.02,215
04401882,Արմավիրի համայնքապետարան,Armavir community municipality,URBAN,2021,25,342003478,0,0,0,0,7460958886,1421000,0.02,215
04401882,Արմավիրի համայնքապետարան,Armavir community municipality,URBAN,2022,55,1381598255,0,0,0,0,7460958886,1421000,0.02,215
04401882,Արմավիրի համայնքապետարան,Armavir community municipality,URBAN,2023,59,1462484949,0,0,0,0,7460958886,1421000,0.02,215
04401882,Արմավիրի համայնքապետարան,Armavir community municipality,URBAN,2024,79,1647768381,0,0,0,0,7460958886,1421000,0.02,215
04401882,Արմավիրի համայնքապետարան,Armavir community municipality,URBAN,2025,55,1619259211,0,0,0,0,7460958886,1421000,0.02,215
04401882,Արմավիրի համայնքապետարան,Armavir community municipality,URBAN,2026,20,620391818,0,0,0,0,7460958886,1421000,0.02,215
08601339,Սևանի համայնքապետարան,Sevan community municipality,URBAN,2018,12,162744000,0,0,0,0,5262636883,0,0,216
08601339,Սևանի համայնքապետարան,Sevan community municipality,URBAN,2019,36,228246750,0,0,0,0,5262636883,0,0,216
08601339,Սևանի համայնքապետարան,Sevan community municipality,URBAN,2020,12,202393452,0,0,0,0,5262636883,0,0,216
08601339,Սևանի համայնքապետարան,Sevan community municipality,URBAN,2021,21,339688240,0,0,0,0,5262636883,0,0,216
08601339,Սևանի համայնքապետարան,Sevan community municipality,URBAN,2023,15,1102690700,0,0,0,0,5262636883,0,0,216
08601339,Սևանի համայնքապետարան,Sevan community municipality,URBAN,2024,25,701164140,0,0,0,0,5262636883,0,0,216
08601339,Սևանի համայնքապետարան,Sevan community municipality,URBAN,2025,52,1816280700,0,0,0,0,5262636883,0,0,216
08601339,Սևանի համայնքապետարան,Sevan community municipality,URBAN,2026,72,709428901,0,0,0,0,5262636883,0,0,216
09215978,Սիսիանի համայնքապետարան,Sisian community municipality,URBAN,2018,3,12220000,0,0,0,0,7857023291,0,0,217
09215978,Սիսիանի համայնքապետարան,Sisian community municipality,URBAN,2019,3,7823000,0,0,0,0,7857023291,0,0,217
09215978,Սիսիանի համայնքապետարան,Sisian community municipality,URBAN,2020,14,885743613,0,0,0,0,7857023291,0,0,217
09215978,Սիսիանի համայնքապետարան,Sisian community municipality,URBAN,2021,9,675250546,0,0,0,0,7857023291,0,0,217
09215978,Սիսիանի համայնքապետարան,Sisian community municipality,URBAN,2022,34,787342172,0,0,0,0,7857023291,0,0,217
09215978,Սիսիանի համայնքապետարան,Sisian community municipality,URBAN,2023,19,450130737,0,0,0,0,7857023291,0,0,217
09215978,Սիսիանի համայնքապետարան,Sisian community municipality,URBAN,2024,45,477572424,0,0,0,0,7857023291,0,0,217
09215978,Սիսիանի համայնքապետարան,Sisian community municipality,URBAN,2025,73,1208023040,0,0,0,0,7857023291,0,0,217
09215978,Սիսիանի համայնքապետարան,Sisian community municipality,URBAN,2026,50,3352917759,0,0,0,0,7857023291,0,0,217
05502348,«Շիրակի Մ. Նալբանդյանի անվան պետական համալսարան» հիմնադրամ,,OTHER,2019,14,24611400,10,2772500,71.43,11.27,117395504,2772500,2.36,218
05502348,«Շիրակի Մ. Նալբանդյանի անվան պետական համալսարան» հիմնադրամ,,OTHER,2020,15,12651536,0,0,0,0,117395504,2772500,2.36,218
05502348,«Շիրակի Մ. Նալբանդյանի անվան պետական համալսարան» հիմնադրամ,,OTHER,2021,6,2283347,0,0,0,0,117395504,2772500,2.36,218
05502348,«Շիրակի Մ. Նալբանդյանի անվան պետական համալսարան» հիմնադրամ,,OTHER,2022,12,6837382,0,0,0,0,117395504,2772500,2.36,218
05502348,«Շիրակի Մ. Նալբանդյանի անվան պետական համալսարան» հիմնադրամ,,OTHER,2024,15,7378373,0,0,0,0,117395504,2772500,2.36,218
05502348,«Շիրակի Մ. Նալբանդյանի անվան պետական համալսարան» հիմնադրամ,,OTHER,2025,29,16009564,0,0,0,0,117395504,2772500,2.36,218
05502348,«Շիրակի Մ. Նալբանդյանի անվան պետական համալսարան» հիմնադրամ,,OTHER,2026,20,47623901,0,0,0,0,117395504,2772500,2.36,218
02697772,«Երևանի աղբահանություն և սանիտարական մաքրում» համայնքային հիմնարկ,Community Agency «Waste removal and sanitary cleaning of Yerevan»,OTHER,2021,84,1136054020,0,0,0,0,11105714419,0,0,219
02697772,«Երևանի աղբահանություն և սանիտարական մաքրում» համայնքային հիմնարկ,Community Agency «Waste removal and sanitary cleaning of Yerevan»,OTHER,2022,59,874017966,0,0,0,0,11105714419,0,0,219
02697772,«Երևանի աղբահանություն և սանիտարական մաքրում» համայնքային հիմնարկ,Community Agency «Waste removal and sanitary cleaning of Yerevan»,OTHER,2023,70,1561082657,0,0,0,0,11105714419,0,0,219
02697772,«Երևանի աղբահանություն և սանիտարական մաքրում» համայնքային հիմնարկ,Community Agency «Waste removal and sanitary cleaning of Yerevan»,OTHER,2024,156,2581845605,0,0,0,0,11105714419,0,0,219
02697772,«Երևանի աղբահանություն և սանիտարական մաքրում» համայնքային հիմնարկ,Community Agency «Waste removal and sanitary cleaning of Yerevan»,OTHER,2025,180,3044369108,0,0,0,0,11105714419,0,0,219
02697772,«Երևանի աղբահանություն և սանիտարական մաքրում» համայնքային հիմնարկ,Community Agency «Waste removal and sanitary cleaning of Yerevan»,OTHER,2026,66,1908345064,0,0,0,0,11105714419,0,0,219
05546057,ՀՀ Շիրակի մարզի Անի համայնքապետարան,Ani municipality of Shirak marz,URBAN,2018,12,108058270,0,0,0,0,1263118074,700000,0.06,220
05546057,ՀՀ Շիրակի մարզի Անի համայնքապետարան,Ani municipality of Shirak marz,URBAN,2019,17,157284010,1,700000,5.88,0.45,1263118074,700000,0.06,220
05546057,ՀՀ Շիրակի մարզի Անի համայնքապետարան,Ani municipality of Shirak marz,URBAN,2023,28,48721660,0,0,0,0,1263118074,700000,0.06,220
05546057,ՀՀ Շիրակի մարզի Անի համայնքապետարան,Ani municipality of Shirak marz,URBAN,2024,36,727227778,0,0,0,0,1263118074,700000,0.06,220
05546057,ՀՀ Շիրակի մարզի Անի համայնքապետարան,Ani municipality of Shirak marz,URBAN,2025,8,214992960,0,0,0,0,1263118074,700000,0.06,220
05546057,ՀՀ Շիրակի մարզի Անի համայնքապետարան,Ani municipality of Shirak marz,URBAN,2026,3,6833396,0,0,0,0,1263118074,700000,0.06,220
02589128,ՀՀ հատուկ քննչական ծառայություն,Special Investigation Service of The Republic of Armenia,GOVERNMENTAL,2018,92,49779053,58,11385799,63.04,22.87,199012422,44073198,22.15,221
02589128,ՀՀ հատուկ քննչական ծառայություն,Special Investigation Service of The Republic of Armenia,GOVERNMENTAL,2019,105,65994289,68,11345932,64.76,17.19,199012422,44073198,22.15,221
02589128,ՀՀ հատուկ քննչական ծառայություն,Special Investigation Service of The Republic of Armenia,GOVERNMENTAL,2020,122,56162493,72,11552497,59.02,20.57,199012422,44073198,22.15,221
02589128,ՀՀ հատուկ քննչական ծառայություն,Special Investigation Service of The Republic of Armenia,GOVERNMENTAL,2021,97,27076587,61,9788970,62.89,36.15,199012422,44073198,22.15,221
01802225,«Հայավտոկայարան» ՓԲԸ,,OTHER,2019,20,3452296,19,1776496,95,51.46,12123368,4195572,34.61,222
01802225,«Հայավտոկայարան» ՓԲԸ,,OTHER,2020,22,7701577,17,2419077,77.27,31.41,12123368,4195572,34.61,222
01802225,«Հայավտոկայարան» ՓԲԸ,,OTHER,2022,2,969496,0,0,0,0,12123368,4195572,34.61,222
00010235,ՀՀ Ան ««Յոլյան» արյունաբանության և ուռուցքաբանության կենտրոն» ՓԲԸ,"""""Yeolyan"" Hematology and Oncology Center"" MOH of Armenia CJSC",OTHER,2018,2,2450000,0,0,0,0,9034686,0,0,223
00010235,ՀՀ Ան ««Յոլյան» արյունաբանության և ուռուցքաբանության կենտրոն» ՓԲԸ,"""""Yeolyan"" Hematology and Oncology Center"" MOH of Armenia CJSC",OTHER,2019,18,6584686,0,0,0,0,9034686,0,0,223
07601553,«Երևանի պետական համալսարան» հիմնադրամի Իջևանի մասնաճյուղ,,OTHER,2018,14,12221624,1,900000,7.14,7.36,73148577,900000,1.23,224
07601553,«Երևանի պետական համալսարան» հիմնադրամի Իջևանի մասնաճյուղ,,OTHER,2019,1,1107500,0,0,0,0,73148577,900000,1.23,224
07601553,«Երևանի պետական համալսարան» հիմնադրամի Իջևանի մասնաճյուղ,,OTHER,2020,1,462000,0,0,0,0,73148577,900000,1.23,224
07601553,«Երևանի պետական համալսարան» հիմնադրամի Իջևանի մասնաճյուղ,,OTHER,2021,1,1866563,0,0,0,0,73148577,900000,1.23,224
07601553,«Երևանի պետական համալսարան» հիմնադրամի Իջևանի մասնաճյուղ,,OTHER,2022,9,16296380,0,0,0,0,73148577,900000,1.23,224
07601553,«Երևանի պետական համալսարան» հիմնադրամի Իջևանի մասնաճյուղ,,OTHER,2023,5,33839710,0,0,0,0,73148577,900000,1.23,224
07601553,«Երևանի պետական համալսարան» հիմնադրամի Իջևանի մասնաճյուղ,,OTHER,2025,1,7354800,0,0,0,0,73148577,900000,1.23,224
02514253,«Գեղագիտության ազգային կենտրոն» ՓԲԸ,,OTHER,2018,1,1400000,1,1400000,100,100,33549598,16113142,48.03,225
02514253,«Գեղագիտության ազգային կենտրոն» ՓԲԸ,,OTHER,2019,1,1300000,0,0,0,0,33549598,16113142,48.03,225
02514253,«Գեղագիտության ազգային կենտրոն» ՓԲԸ,,OTHER,2020,61,7582312,61,7582312,100,100,33549598,16113142,48.03,225
02514253,«Գեղագիտության ազգային կենտրոն» ՓԲԸ,,OTHER,2021,34,7130830,34,7130830,100,100,33549598,16113142,48.03,225
02514253,«Գեղագիտության ազգային կենտրոն» ՓԲԸ,,OTHER,2022,2,6070000,0,0,0,0,33549598,16113142,48.03,225
02514253,«Գեղագիտության ազգային կենտրոն» ՓԲԸ,,OTHER,2024,4,10066456,0,0,0,0,33549598,16113142,48.03,225
09101687,Վայքի համայնքապետարան,Vayq community municipality,URBAN,2018,5,4099850,2,1499950,40,36.59,1361563200,12857341,0.94,226
09101687,Վայքի համայնքապետարան,Vayq community municipality,URBAN,2019,14,44843940,11,4791300,78.57,10.68,1361563200,12857341,0.94,226
09101687,Վայքի համայնքապետարան,Vayq community municipality,URBAN,2020,21,11323574,10,5185781,47.62,45.8,1361563200,12857341,0.94,226
09101687,Վայքի համայնքապետարան,Vayq community municipality,URBAN,2021,12,72651286,3,1380310,25,1.9,1361563200,12857341,0.94,226
09101687,Վայքի համայնքապետարան,Vayq community municipality,URBAN,2022,21,538612287,0,0,0,0,1361563200,12857341,0.94,226
09101687,Վայքի համայնքապետարան,Vayq community municipality,URBAN,2023,20,7567943,0,0,0,0,1361563200,12857341,0.94,226
09101687,Վայքի համայնքապետարան,Vayq community municipality,URBAN,2024,26,27154571,0,0,0,0,1361563200,12857341,0.94,226
09101687,Վայքի համայնքապետարան,Vayq community municipality,URBAN,2025,28,587907929,0,0,0,0,1361563200,12857341,0.94,226
09101687,Վայքի համայնքապետարան,Vayq community municipality,URBAN,2026,16,67401820,0,0,0,0,1361563200,12857341,0.94,226
07618909,Դիլիջանի համայնքապետարան,Dilijan community municipality,URBAN,2018,17,66734026,0,0,0,0,8291015881,2880000,0.03,227
07618909,Դիլիջանի համայնքապետարան,Dilijan community municipality,URBAN,2019,26,498639164,0,0,0,0,8291015881,2880000,0.03,227
07618909,Դիլիջանի համայնքապետարան,Dilijan community municipality,URBAN,2020,31,517641127,1,2880000,3.23,0.56,8291015881,2880000,0.03,227
07618909,Դիլիջանի համայնքապետարան,Dilijan community municipality,URBAN,2021,21,569566828,0,0,0,0,8291015881,2880000,0.03,227
07618909,Դիլիջանի համայնքապետարան,Dilijan community municipality,URBAN,2022,43,1254416609,0,0,0,0,8291015881,2880000,0.03,227
07618909,Դիլիջանի համայնքապետարան,Dilijan community municipality,URBAN,2023,47,1707739615,0,0,0,0,8291015881,2880000,0.03,227
07618909,Դիլիջանի համայնքապետարան,Dilijan community municipality,URBAN,2024,45,1273718251,0,0,0,0,8291015881,2880000,0.03,227
07618909,Դիլիջանի համայնքապետարան,Dilijan community municipality,URBAN,2025,36,1271295964,0,0,0,0,8291015881,2880000,0.03,227
07618909,Դիլիջանի համայնքապետարան,Dilijan community municipality,URBAN,2026,39,1131264298,0,0,0,0,8291015881,2880000,0.03,227
02586282,ՀՀ սպորտի և երիտասարդության հարցերի նախարարություն,Ministry of Sport and Youth Affairs of the RA,GOVERNMENTAL,2018,71,256345742,42,8121444,59.15,3.17,763536374,20676932,2.71,228
02586282,ՀՀ սպորտի և երիտասարդության հարցերի նախարարություն,Ministry of Sport and Youth Affairs of the RA,GOVERNMENTAL,2019,84,507190632,27,12555488,32.14,2.48,763536374,20676932,2.71,228
01506385,«Ճարտարապետության և շինարարության Հայաստանի ազգային համալսարան» հիմնադրամ,,OTHER,2022,68,288445473,5,13489221,7.35,4.68,766768941,13489221,1.76,229
01506385,«Ճարտարապետության և շինարարության Հայաստանի ազգային համալսարան» հիմնադրամ,,OTHER,2023,91,150332583,0,0,0,0,766768941,13489221,1.76,229
01506385,«Ճարտարապետության և շինարարության Հայաստանի ազգային համալսարան» հիմնադրամ,,OTHER,2024,65,107473626,0,0,0,0,766768941,13489221,1.76,229
01506385,«Ճարտարապետության և շինարարության Հայաստանի ազգային համալսարան» հիմնադրամ,,OTHER,2025,43,219350141,0,0,0,0,766768941,13489221,1.76,229
01506385,«Ճարտարապետության և շինարարության Հայաստանի ազգային համալսարան» հիմնադրամ,,OTHER,2026,1,1167120,0,0,0,0,766768941,13489221,1.76,229
02705838,ՀՀ սփյուռքի նախարարություն,Ministry of Diaspora of the RA,GOVERNMENTAL,2018,102,132611003,76,114872322,74.51,86.62,247261947,227467966,91.99,230
02705838,ՀՀ սփյուռքի նախարարություն,Ministry of Diaspora of the RA,GOVERNMENTAL,2019,24,114650944,19,112595644,79.17,98.21,247261947,227467966,91.99,230
02509254,«Հատուկ կապ» ՓԲԸ,,OTHER,2018,5,6048600,4,1048600,80,17.34,700593430,11382431,1.62,231
02509254,«Հատուկ կապ» ՓԲԸ,,OTHER,2019,20,10333831,19,10333831,95,100,700593430,11382431,1.62,231
02509254,«Հատուկ կապ» ՓԲԸ,,OTHER,2020,9,24438000,0,0,0,0,700593430,11382431,1.62,231
02509254,«Հատուկ կապ» ՓԲԸ,,OTHER,2021,6,11980000,0,0,0,0,700593430,11382431,1.62,231
02509254,«Հատուկ կապ» ՓԲԸ,,OTHER,2022,14,97625000,0,0,0,0,700593430,11382431,1.62,231
02509254,«Հատուկ կապ» ՓԲԸ,,OTHER,2023,4,397200000,0,0,0,0,700593430,11382431,1.62,231
02509254,«Հատուկ կապ» ՓԲԸ,,OTHER,2024,5,54299999,0,0,0,0,700593430,11382431,1.62,231
02509254,«Հատուկ կապ» ՓԲԸ,,OTHER,2025,4,33380000,0,0,0,0,700593430,11382431,1.62,231
02509254,«Հատուկ կապ» ՓԲԸ,,OTHER,2026,6,65288000,0,0,0,0,700593430,11382431,1.62,231
08903277,Եղեգնաձորի համայնքապետարան,Eghegnadzor community municipality,URBAN,2018,14,62058700,0,0,0,0,2436958694,512160,0.02,232
08903277,Եղեգնաձորի համայնքապետարան,Eghegnadzor community municipality,URBAN,2019,12,68820960,0,0,0,0,2436958694,512160,0.02,232
08903277,Եղեգնաձորի համայնքապետարան,Eghegnadzor community municipality,URBAN,2020,10,37195060,1,512160,10,1.38,2436958694,512160,0.02,232
08903277,Եղեգնաձորի համայնքապետարան,Eghegnadzor community municipality,URBAN,2021,30,176270020,0,0,0,0,2436958694,512160,0.02,232
08903277,Եղեգնաձորի համայնքապետարան,Eghegnadzor community municipality,URBAN,2022,34,565252043,0,0,0,0,2436958694,512160,0.02,232
08903277,Եղեգնաձորի համայնքապետարան,Eghegnadzor community municipality,URBAN,2023,22,264182151,0,0,0,0,2436958694,512160,0.02,232
08903277,Եղեգնաձորի համայնքապետարան,Eghegnadzor community municipality,URBAN,2024,37,316905912,0,0,0,0,2436958694,512160,0.02,232
08903277,Եղեգնաձորի համայնքապետարան,Eghegnadzor community municipality,URBAN,2025,31,408490580,0,0,0,0,2436958694,512160,0.02,232
08903277,Եղեգնաձորի համայնքապետարան,Eghegnadzor community municipality,URBAN,2026,20,537783268,0,0,0,0,2436958694,512160,0.02,232
04440571,Բաղրամյանի համայնքապետարան,Baghramyan community,URBAN,2025,4,8140800,0,0,0,0,107524176,0,0,233
04440571,Բաղրամյանի համայնքապետարան,Baghramyan community,URBAN,2026,30,99383376,0,0,0,0,107524176,0,0,233
07619196,ՀՀ Տավուշի մարզի Նոյեմբերյանի համայնքապետարան,Noyyemberyan community hall of Tavush State of RA,URBAN,2018,2,0,0,0,0,0,797185276,898000,0.11,234
07619196,ՀՀ Տավուշի մարզի Նոյեմբերյանի համայնքապետարան,Noyyemberyan community hall of Tavush State of RA,URBAN,2019,3,23358808,1,898000,33.33,3.84,797185276,898000,0.11,234
07619196,ՀՀ Տավուշի մարզի Նոյեմբերյանի համայնքապետարան,Noyyemberyan community hall of Tavush State of RA,URBAN,2020,3,7182130,0,0,0,0,797185276,898000,0.11,234
07619196,ՀՀ Տավուշի մարզի Նոյեմբերյանի համայնքապետարան,Noyyemberyan community hall of Tavush State of RA,URBAN,2021,17,30716304,0,0,0,0,797185276,898000,0.11,234
07619196,ՀՀ Տավուշի մարզի Նոյեմբերյանի համայնքապետարան,Noyyemberyan community hall of Tavush State of RA,URBAN,2022,34,166520966,0,0,0,0,797185276,898000,0.11,234
07619196,ՀՀ Տավուշի մարզի Նոյեմբերյանի համայնքապետարան,Noyyemberyan community hall of Tavush State of RA,URBAN,2023,17,8801872,0,0,0,0,797185276,898000,0.11,234
07619196,ՀՀ Տավուշի մարզի Նոյեմբերյանի համայնքապետարան,Noyyemberyan community hall of Tavush State of RA,URBAN,2024,72,252787704,0,0,0,0,797185276,898000,0.11,234
07619196,ՀՀ Տավուշի մարզի Նոյեմբերյանի համայնքապետարան,Noyyemberyan community hall of Tavush State of RA,URBAN,2025,18,276013642,0,0,0,0,797185276,898000,0.11,234
07619196,ՀՀ Տավուշի մարզի Նոյեմբերյանի համայնքապետարան,Noyyemberyan community hall of Tavush State of RA,URBAN,2026,26,31803850,0,0,0,0,797185276,898000,0.11,234
00005614,«Վ. Բրյուսովի անվան պետական համալսարան» հիմնադրամ,«BRUSOV State University» Foundation,OTHER,2018,21,36237675,0,0,0,0,343682668,0,0,235
00005614,«Վ. Բրյուսովի անվան պետական համալսարան» հիմնադրամ,«BRUSOV State University» Foundation,OTHER,2019,46,29649040,0,0,0,0,343682668,0,0,235
00005614,«Վ. Բրյուսովի անվան պետական համալսարան» հիմնադրամ,«BRUSOV State University» Foundation,OTHER,2020,32,26585098,0,0,0,0,343682668,0,0,235
00005614,«Վ. Բրյուսովի անվան պետական համալսարան» հիմնադրամ,«BRUSOV State University» Foundation,OTHER,2021,31,61827794,0,0,0,0,343682668,0,0,235
00005614,«Վ. Բրյուսովի անվան պետական համալսարան» հիմնադրամ,«BRUSOV State University» Foundation,OTHER,2022,21,15052109,0,0,0,0,343682668,0,0,235
00005614,«Վ. Բրյուսովի անվան պետական համալսարան» հիմնադրամ,«BRUSOV State University» Foundation,OTHER,2023,15,20788442,0,0,0,0,343682668,0,0,235
00005614,«Վ. Բրյուսովի անվան պետական համալսարան» հիմնադրամ,«BRUSOV State University» Foundation,OTHER,2024,20,64711584,0,0,0,0,343682668,0,0,235
00005614,«Վ. Բրյուսովի անվան պետական համալսարան» հիմնադրամ,«BRUSOV State University» Foundation,OTHER,2025,24,82772065,0,0,0,0,343682668,0,0,235
00005614,«Վ. Բրյուսովի անվան պետական համալսարան» հիմնադրամ,«BRUSOV State University» Foundation,OTHER,2026,6,6058861,0,0,0,0,343682668,0,0,235
01508793,ՆՈՐՔ-ՄԱՐԱՇ ԲԺՇԿԱԿԱՆ ԿԵՆՏՐՈՆ ՓԲԸ,Nork-Marash medical center CJSC,OTHER,2022,19,291594333,0,0,0,0,773702521,0,0,236
01508793,ՆՈՐՔ-ՄԱՐԱՇ ԲԺՇԿԱԿԱՆ ԿԵՆՏՐՈՆ ՓԲԸ,Nork-Marash medical center CJSC,OTHER,2024,3,6464470,0,0,0,0,773702521,0,0,236
01508793,ՆՈՐՔ-ՄԱՐԱՇ ԲԺՇԿԱԿԱՆ ԿԵՆՏՐՈՆ ՓԲԸ,Nork-Marash medical center CJSC,OTHER,2025,9,475643718,0,0,0,0,773702521,0,0,236
06902542,«Վանաձորի Հ. Թումանյանի անվան պետական համալսարան» հիմնադրամ,,OTHER,2020,5,8019443,4,861383,80,10.74,8019443,861383,10.74,237
05502356,«Գյումրու ուռուցքաբանական դիսպանսեր» ՓԲԸ,,OTHER,2018,64,10115526,41,1100510,64.06,10.88,16159236,1492060,9.23,238
05502356,«Գյումրու ուռուցքաբանական դիսպանսեր» ՓԲԸ,,OTHER,2019,37,0,37,0,100,0,16159236,1492060,9.23,238
05502356,«Գյումրու ուռուցքաբանական դիսպանսեր» ՓԲԸ,,OTHER,2020,3,6043710,2,391550,66.67,6.48,16159236,1492060,9.23,238
01506041,«Արմենպրես» ՓԲԸ,"""Armenpres"" CJSC",OTHER,2018,24,37850646,7,3420278,29.17,9.04,186084623,3420278,1.84,239
01506041,«Արմենպրես» ՓԲԸ,"""Armenpres"" CJSC",OTHER,2019,6,5411279,0,0,0,0,186084623,3420278,1.84,239
01506041,«Արմենպրես» ՓԲԸ,"""Armenpres"" CJSC",OTHER,2020,2,32199998,0,0,0,0,186084623,3420278,1.84,239
01506041,«Արմենպրես» ՓԲԸ,"""Armenpres"" CJSC",OTHER,2021,2,26270000,0,0,0,0,186084623,3420278,1.84,239
01506041,«Արմենպրես» ՓԲԸ,"""Armenpres"" CJSC",OTHER,2022,3,28466850,0,0,0,0,186084623,3420278,1.84,239
01506041,«Արմենպրես» ՓԲԸ,"""Armenpres"" CJSC",OTHER,2023,4,36941850,0,0,0,0,186084623,3420278,1.84,239
01506041,«Արմենպրես» ՓԲԸ,"""Armenpres"" CJSC",OTHER,2024,1,4498000,0,0,0,0,186084623,3420278,1.84,239
01506041,«Արմենպրես» ՓԲԸ,"""Armenpres"" CJSC",OTHER,2025,1,4498000,0,0,0,0,186084623,3420278,1.84,239
01506041,«Արմենպրես» ՓԲԸ,"""Armenpres"" CJSC",OTHER,2026,2,9948000,0,0,0,0,186084623,3420278,1.84,239
02800056,«Չարենցավանի հաստոցաշինական գործարան» ԲԲԸ,,OTHER,2022,10,16370046,0,0,0,0,132580912,0,0,240
02800056,«Չարենցավանի հաստոցաշինական գործարան» ԲԲԸ,,OTHER,2023,3,13468200,0,0,0,0,132580912,0,0,240
02800056,«Չարենցավանի հաստոցաշինական գործարան» ԲԲԸ,,OTHER,2024,11,80759950,0,0,0,0,132580912,0,0,240
02800056,«Չարենցավանի հաստոցաշինական գործարան» ԲԲԸ,,OTHER,2025,6,14772716,0,0,0,0,132580912,0,0,240
02800056,«Չարենցավանի հաստոցաշինական գործարան» ԲԲԸ,,OTHER,2026,2,7210000,0,0,0,0,132580912,0,0,240
05544291,Աշոցքի համայնքապետարան,Ashotsk Community Municipality,URBAN,2026,16,48282200,0,0,0,0,48282200,0,0,241
07619891,«Մոնթե Մելքոնյանի անվան ռազմամարզական վարժարան» հիմնադրամ,,OTHER,2018,7,451180001,0,0,0,0,2256701177,186300000,8.26,242
07619891,«Մոնթե Մելքոնյանի անվան ռազմամարզական վարժարան» հիմնադրամ,,OTHER,2019,18,551365028,0,0,0,0,2256701177,186300000,8.26,242
07619891,«Մոնթե Մելքոնյանի անվան ռազմամարզական վարժարան» հիմնադրամ,,OTHER,2020,11,319273458,0,0,0,0,2256701177,186300000,8.26,242
07619891,«Մոնթե Մելքոնյանի անվան ռազմամարզական վարժարան» հիմնադրամ,,OTHER,2021,14,264326730,0,0,0,0,2256701177,186300000,8.26,242
07619891,«Մոնթե Մելքոնյանի անվան ռազմամարզական վարժարան» հիմնադրամ,,OTHER,2022,13,357747760,1,186300000,7.69,52.08,2256701177,186300000,8.26,242
07619891,«Մոնթե Մելքոնյանի անվան ռազմամարզական վարժարան» հիմնադրամ,,OTHER,2023,10,281058800,0,0,0,0,2256701177,186300000,8.26,242
07619891,«Մոնթե Մելքոնյանի անվան ռազմամարզական վարժարան» հիմնադրամ,,OTHER,2025,4,19931400,0,0,0,0,2256701177,186300000,8.26,242
07619891,«Մոնթե Մելքոնյանի անվան ռազմամարզական վարժարան» հիմնադրամ,,OTHER,2026,2,11818000,0,0,0,0,2256701177,186300000,8.26,242
09810302,«Սիսիանի Բժշկական Կենտրոն» ՓԲԸ,,OTHER,2019,2,3010000,0,0,0,0,34898121,2563370,7.35,243
09810302,«Սիսիանի Բժշկական Կենտրոն» ՓԲԸ,,OTHER,2020,1,1558200,0,0,0,0,34898121,2563370,7.35,243
09810302,«Սիսիանի Բժշկական Կենտրոն» ՓԲԸ,,OTHER,2021,1,2563370,1,2563370,100,100,34898121,2563370,7.35,243
09810302,«Սիսիանի Բժշկական Կենտրոն» ՓԲԸ,,OTHER,2025,12,27766551,0,0,0,0,34898121,2563370,7.35,243
00251555,«Հատուկ լեռնափրկարար ծառայություն» ՓԲԸ,«Hatuk lernaprkarar carayutun» CJSC,OTHER,2019,2,1442250,0,0,0,0,11008050,0,0,244
00251555,«Հատուկ լեռնափրկարար ծառայություն» ՓԲԸ,«Hatuk lernaprkarar carayutun» CJSC,OTHER,2020,1,740800,0,0,0,0,11008050,0,0,244
00251555,«Հատուկ լեռնափրկարար ծառայություն» ՓԲԸ,«Hatuk lernaprkarar carayutun» CJSC,OTHER,2021,2,1332000,0,0,0,0,11008050,0,0,244
00251555,«Հատուկ լեռնափրկարար ծառայություն» ՓԲԸ,«Hatuk lernaprkarar carayutun» CJSC,OTHER,2022,3,1915000,0,0,0,0,11008050,0,0,244
00251555,«Հատուկ լեռնափրկարար ծառայություն» ՓԲԸ,«Hatuk lernaprkarar carayutun» CJSC,OTHER,2024,1,1464000,0,0,0,0,11008050,0,0,244
00251555,«Հատուկ լեռնափրկարար ծառայություն» ՓԲԸ,«Hatuk lernaprkarar carayutun» CJSC,OTHER,2025,2,1956000,0,0,0,0,11008050,0,0,244
00251555,«Հատուկ լեռնափրկարար ծառայություն» ՓԲԸ,«Hatuk lernaprkarar carayutun» CJSC,OTHER,2026,1,2158000,0,0,0,0,11008050,0,0,244
,«Կապան» բարեգործական հիմնադրամ,«Kapan» benevolent fund,OTHER,2020,1,14480910,0,0,0,0,111778992,0,0,245
,«Կապան» բարեգործական հիմնադրամ,«Kapan» benevolent fund,OTHER,2023,7,47118582,0,0,0,0,111778992,0,0,245
,«Կապան» բարեգործական հիմնադրամ,«Kapan» benevolent fund,OTHER,2024,4,37099500,0,0,0,0,111778992,0,0,245
,«Կապան» բարեգործական հիմնադրամ,«Kapan» benevolent fund,OTHER,2025,1,12000000,0,0,0,0,111778992,0,0,245
,«Կապան» բարեգործական հիմնադրամ,«Kapan» benevolent fund,OTHER,2026,1,1080000,0,0,0,0,111778992,0,0,245
06609753,«Ալավերդու բժշկական կենտրոն» ՓԲԸ,,OTHER,2020,3,7438980,0,0,0,0,334834718,0,0,246
06609753,«Ալավերդու բժշկական կենտրոն» ՓԲԸ,,OTHER,2021,3,8716700,0,0,0,0,334834718,0,0,246
06609753,«Ալավերդու բժշկական կենտրոն» ՓԲԸ,,OTHER,2025,13,317198479,0,0,0,0,334834718,0,0,246
06609753,«Ալավերդու բժշկական կենտրոն» ՓԲԸ,,OTHER,2026,3,1480559,0,0,0,0,334834718,0,0,246
02509667,«Հայջրմուղկոյուղի» ՓԲԸ,,OTHER,2022,5,1148366,0,0,0,0,2188366,0,0,247
02509667,«Հայջրմուղկոյուղի» ՓԲԸ,,OTHER,2024,1,1040000,0,0,0,0,2188366,0,0,247
04704343,Երկրագործության գիտական կենտրոն ՓԲԸ,SCIENTIFIC CENTER FOR FARMING CJSC,OTHER,2024,3,6350260,0,0,0,0,6350260,0,0,248
02527624,«Խ. Աբովյանի անվան հայկական պետական մանկավարժական համալսարան» հիմնադրամ,,OTHER,2021,5,8173646,0,0,0,0,377962214,6957340,1.84,249
02527624,«Խ. Աբովյանի անվան հայկական պետական մանկավարժական համալսարան» հիմնադրամ,,OTHER,2022,42,58863391,4,6957340,9.52,11.82,377962214,6957340,1.84,249
02527624,«Խ. Աբովյանի անվան հայկական պետական մանկավարժական համալսարան» հիմնադրամ,,OTHER,2023,15,97980861,0,0,0,0,377962214,6957340,1.84,249
02527624,«Խ. Աբովյանի անվան հայկական պետական մանկավարժական համալսարան» հիմնադրամ,,OTHER,2024,8,112022305,0,0,0,0,377962214,6957340,1.84,249
02527624,«Խ. Աբովյանի անվան հայկական պետական մանկավարժական համալսարան» հիմնադրամ,,OTHER,2025,11,81649034,0,0,0,0,377962214,6957340,1.84,249
02527624,«Խ. Աբովյանի անվան հայկական պետական մանկավարժական համալսարան» հիմնադրամ,,OTHER,2026,7,19272977,0,0,0,0,377962214,6957340,1.84,249
00007386,«Հայոց ցեղասպանության թանգարան-ինստիտուտ» հիմնադրամ,«Museum Institute of armenian genocide» Foundation,OTHER,2019,8,2985730,2,502830,25,16.84,170677528,502830,0.29,250
00007386,«Հայոց ցեղասպանության թանգարան-ինստիտուտ» հիմնադրամ,«Museum Institute of armenian genocide» Foundation,OTHER,2020,28,23660894,0,0,0,0,170677528,502830,0.29,250
00007386,«Հայոց ցեղասպանության թանգարան-ինստիտուտ» հիմնադրամ,«Museum Institute of armenian genocide» Foundation,OTHER,2021,16,4596324,0,0,0,0,170677528,502830,0.29,250
00007386,«Հայոց ցեղասպանության թանգարան-ինստիտուտ» հիմնադրամ,«Museum Institute of armenian genocide» Foundation,OTHER,2022,13,5294940,0,0,0,0,170677528,502830,0.29,250
00007386,«Հայոց ցեղասպանության թանգարան-ինստիտուտ» հիմնադրամ,«Museum Institute of armenian genocide» Foundation,OTHER,2023,11,8809560,0,0,0,0,170677528,502830,0.29,250
00007386,«Հայոց ցեղասպանության թանգարան-ինստիտուտ» հիմնադրամ,«Museum Institute of armenian genocide» Foundation,OTHER,2024,19,36414258,0,0,0,0,170677528,502830,0.29,250
00007386,«Հայոց ցեղասպանության թանգարան-ինստիտուտ» հիմնադրամ,«Museum Institute of armenian genocide» Foundation,OTHER,2025,21,85425664,0,0,0,0,170677528,502830,0.29,250
00007386,«Հայոց ցեղասպանության թանգարան-ինստիտուտ» հիմնադրամ,«Museum Institute of armenian genocide» Foundation,OTHER,2026,8,3490158,0,0,0,0,170677528,502830,0.29,250
01505821,«Հայաստանի ֆիզիկական կուլտուրայի և սպորտի պետական ինստիտուտ» հիմնադրամ,,OTHER,2018,4,4008400,0,0,0,0,107753382,2204260,2.05,251
01505821,«Հայաստանի ֆիզիկական կուլտուրայի և սպորտի պետական ինստիտուտ» հիմնադրամ,,OTHER,2019,22,22833153,0,0,0,0,107753382,2204260,2.05,251
01505821,«Հայաստանի ֆիզիկական կուլտուրայի և սպորտի պետական ինստիտուտ» հիմնադրամ,,OTHER,2023,22,45895856,6,2204260,27.27,4.8,107753382,2204260,2.05,251
01505821,«Հայաստանի ֆիզիկական կուլտուրայի և սպորտի պետական ինստիտուտ» հիմնադրամ,,OTHER,2024,14,35015973,0,0,0,0,107753382,2204260,2.05,251
02657678,ԿՐԹՈՒԹՅԱՆ ԶԱՐԳԱՑՄԱՆ ԵՎ ՆՈՐԱՐԱՐՈՒԹՅՈՒՆՆԵՐԻ ԱԶԳԱՅԻՆ ԿԵՆՏՐՈՆ ՀԻՄՆԱԴՐԱՄ,National center for Edication Development and Innovation Foundation,OTHER,2021,1,4149000,0,0,0,0,67175698,0,0,252
02657678,ԿՐԹՈՒԹՅԱՆ ԶԱՐԳԱՑՄԱՆ ԵՎ ՆՈՐԱՐԱՐՈՒԹՅՈՒՆՆԵՐԻ ԱԶԳԱՅԻՆ ԿԵՆՏՐՈՆ ՀԻՄՆԱԴՐԱՄ,National center for Edication Development and Innovation Foundation,OTHER,2022,5,28243977,0,0,0,0,67175698,0,0,252
02657678,ԿՐԹՈՒԹՅԱՆ ԶԱՐԳԱՑՄԱՆ ԵՎ ՆՈՐԱՐԱՐՈՒԹՅՈՒՆՆԵՐԻ ԱԶԳԱՅԻՆ ԿԵՆՏՐՈՆ ՀԻՄՆԱԴՐԱՄ,National center for Edication Development and Innovation Foundation,OTHER,2023,23,32982721,0,0,0,0,67175698,0,0,252
02657678,ԿՐԹՈՒԹՅԱՆ ԶԱՐԳԱՑՄԱՆ ԵՎ ՆՈՐԱՐԱՐՈՒԹՅՈՒՆՆԵՐԻ ԱԶԳԱՅԻՆ ԿԵՆՏՐՈՆ ՀԻՄՆԱԴՐԱՄ,National center for Edication Development and Innovation Foundation,OTHER,2024,1,1800000,0,0,0,0,67175698,0,0,252
09205924,«Սյունիքի մարզային արյան փոխներարկման կայան»ՓԲԸ,,OTHER,2018,9,1899252,0,0,0,0,15647108,0,0,253
09205924,«Սյունիքի մարզային արյան փոխներարկման կայան»ՓԲԸ,,OTHER,2019,11,2308480,0,0,0,0,15647108,0,0,253
09205924,«Սյունիքի մարզային արյան փոխներարկման կայան»ՓԲԸ,,OTHER,2022,7,9276016,0,0,0,0,15647108,0,0,253
09205924,«Սյունիքի մարզային արյան փոխներարկման կայան»ՓԲԸ,,OTHER,2023,9,2163360,0,0,0,0,15647108,0,0,253
02538276,«Պաշտոնական տեղեկագիր» ՓԲԸ,,OTHER,2018,1,2750,1,2750,100,100,37805024,2750,0.01,254
02538276,«Պաշտոնական տեղեկագիր» ՓԲԸ,,OTHER,2019,1,2580000,0,0,0,0,37805024,2750,0.01,254
02538276,«Պաշտոնական տեղեկագիր» ՓԲԸ,,OTHER,2022,8,18710314,0,0,0,0,37805024,2750,0.01,254
02538276,«Պաշտոնական տեղեկագիր» ՓԲԸ,,OTHER,2023,2,11811960,0,0,0,0,37805024,2750,0.01,254
02538276,«Պաշտոնական տեղեկագիր» ՓԲԸ,,OTHER,2024,1,4700000,0,0,0,0,37805024,2750,0.01,254
00877871,«ՔԵՆԴԼ սինքրոտրոնային հետազոտությունների ինստիտուտ» հիմնադրամ,,OTHER,2019,11,19899989,0,0,0,0,194463833,0,0,255
00877871,«ՔԵՆԴԼ սինքրոտրոնային հետազոտությունների ինստիտուտ» հիմնադրամ,,OTHER,2020,19,31533630,0,0,0,0,194463833,0,0,255
00877871,«ՔԵՆԴԼ սինքրոտրոնային հետազոտությունների ինստիտուտ» հիմնադրամ,,OTHER,2021,8,4325414,0,0,0,0,194463833,0,0,255
00877871,«ՔԵՆԴԼ սինքրոտրոնային հետազոտությունների ինստիտուտ» հիմնադրամ,,OTHER,2022,2,1655000,0,0,0,0,194463833,0,0,255
00877871,«ՔԵՆԴԼ սինքրոտրոնային հետազոտությունների ինստիտուտ» հիմնադրամ,,OTHER,2023,3,1075400,0,0,0,0,194463833,0,0,255
00877871,«ՔԵՆԴԼ սինքրոտրոնային հետազոտությունների ինստիտուտ» հիմնադրամ,,OTHER,2024,2,135974400,0,0,0,0,194463833,0,0,255
00099439,ՀԱՅԱՍՏԱՆՈՒՄ ԳՅՈՒՂԱԿԱՆ ՏԱՐԱԾՔՆԵՐԻ ՏՆՏԵՍԱԿԱՆ ԶԱՐԳԱՑՄԱՆ ՀԻՄՆԱԴՐԱՄ,Fund for rural economic development in Armenia,OTHER,2022,2,16447935,0,0,0,0,16447935,0,0,256
02596604,«Ռադիոիզոտոպների արտադրության կենտրոն» ՓԲԸ,,OTHER,2021,4,5385020,0,0,0,0,30993970,0,0,257
02596604,«Ռադիոիզոտոպների արտադրության կենտրոն» ՓԲԸ,,OTHER,2022,8,25608950,0,0,0,0,30993970,0,0,257
06601117,Այրումի համայնքապետարան,Ayrum community municipality,URBAN,2020,3,1115000,0,0,0,0,7440631,0,0,258
06601117,Այրումի համայնքապետարան,Ayrum community municipality,URBAN,2021,3,6325631,0,0,0,0,7440631,0,0,258
09201502,«ՈՐՈՏԱՆԻ ՀԷԿՀ» ՓԲԸ,«VOROTAN COMPLEX OF HPP» CJSC,OTHER,2019,6,2004620,6,2004620,100,100,4108000,4108000,100,259
09201502,«ՈՐՈՏԱՆԻ ՀԷԿՀ» ՓԲԸ,«VOROTAN COMPLEX OF HPP» CJSC,OTHER,2020,7,1267500,7,1267500,100,100,4108000,4108000,100,259
09201502,«ՈՐՈՏԱՆԻ ՀԷԿՀ» ՓԲԸ,«VOROTAN COMPLEX OF HPP» CJSC,OTHER,2021,5,835880,5,835880,100,100,4108000,4108000,100,259
03510802,«Բյուրեղավանի քաղաքային պոլիկլինիկա» ՓԲԸ,,OTHER,2020,2,1004800,0,0,0,0,2647300,0,0,260
03510802,«Բյուրեղավանի քաղաքային պոլիկլինիկա» ՓԲԸ,,OTHER,2021,2,1642500,0,0,0,0,2647300,0,0,260
00000749,«Անալիտիկ» ՓԲԸ,,OTHER,2018,1,1680000,0,0,0,0,32598065,2400,0.01,261
00000749,«Անալիտիկ» ՓԲԸ,,OTHER,2019,4,7865600,1,2400,25,0.03,32598065,2400,0.01,261
00000749,«Անալիտիկ» ՓԲԸ,,OTHER,2020,6,10081750,0,0,0,0,32598065,2400,0.01,261
00000749,«Անալիտիկ» ՓԲԸ,,OTHER,2021,4,7858955,0,0,0,0,32598065,2400,0.01,261
00000749,«Անալիտիկ» ՓԲԸ,,OTHER,2022,2,3281760,0,0,0,0,32598065,2400,0.01,261
00000749,«Անալիտիկ» ՓԲԸ,,OTHER,2025,1,1830000,0,0,0,0,32598065,2400,0.01,261
00856548,«Սուրբ Գրիգոր Լուսավորիչ» բժշկական կենտրոն» ՓԲԸ,,OTHER,2020,3,147752500,0,0,0,0,1504108249,0,0,262
00856548,«Սուրբ Գրիգոր Լուսավորիչ» բժշկական կենտրոն» ՓԲԸ,,OTHER,2021,5,517975000,0,0,0,0,1504108249,0,0,262
00856548,«Սուրբ Գրիգոր Լուսավորիչ» բժշկական կենտրոն» ՓԲԸ,,OTHER,2023,5,135419764,0,0,0,0,1504108249,0,0,262
00856548,«Սուրբ Գրիգոր Լուսավորիչ» բժշկական կենտրոն» ՓԲԸ,,OTHER,2025,2,1419600,0,0,0,0,1504108249,0,0,262
00856548,«Սուրբ Գրիգոր Լուսավորիչ» բժշկական կենտրոն» ՓԲԸ,,OTHER,2026,1,701541385,0,0,0,0,1504108249,0,0,262
04418902,«Մեծամորի բժշկական կենտրոն» ՓԲԸ,,OTHER,2021,1,1503000,0,0,0,0,1503000,0,0,263
04418892,«Զարիշատ (Արամ) Մարտինի Մկրտչյանի անվան Արմավիրի Բժշկական կենտրոն» ՓԲԸ,,OTHER,2020,5,7861432,0,0,0,0,7861432,0,0,264
01401336,«Այրվածքաբանության և մաշկաբանության ազգային կենտրոն» ՓԲԸ,CSJC National Center for Burns and Dermatology,OTHER,2020,3,1772000,3,1772000,100,100,2147000,1772000,82.53,265
01401336,«Այրվածքաբանության և մաշկաբանության ազգային կենտրոն» ՓԲԸ,CSJC National Center for Burns and Dermatology,OTHER,2024,1,375000,0,0,0,0,2147000,1772000,82.53,265
05204539,«Ապարան բժշկական կենտրոն» ՓԲԸ,,OTHER,2020,3,3036700,0,0,0,0,3036700,0,0,266
09215368,Գորիսի համայնքապետարան,Goris community municipality,URBAN,2018,2,700850,1,396000,50,56.5,6200850,396000,6.39,267
09215368,Գորիսի համայնքապետարան,Goris community municipality,URBAN,2019,1,5500000,0,0,0,0,6200850,396000,6.39,267
02500292,«Ակադեմիկոս Էմիլ Գաբրիելյանի անվան դեղերի և բժշկական տեխնոլոգիաների փորձագիտական կենտրոն» ՓԲԸ,,OTHER,2018,14,22462170,0,0,0,0,53551376,0,0,268
02500292,«Ակադեմիկոս Էմիլ Գաբրիելյանի անվան դեղերի և բժշկական տեխնոլոգիաների փորձագիտական կենտրոն» ՓԲԸ,,OTHER,2019,3,4751550,0,0,0,0,53551376,0,0,268
02500292,«Ակադեմիկոս Էմիլ Գաբրիելյանի անվան դեղերի և բժշկական տեխնոլոգիաների փորձագիտական կենտրոն» ՓԲԸ,,OTHER,2023,9,26337656,0,0,0,0,53551376,0,0,268
02210395,«Չափագիտության ազգային ինստիտուտ» ՓԲԸ,,OTHER,2018,7,79572400,2,1748400,28.57,2.2,117357660,1748400,1.49,269
02210395,«Չափագիտության ազգային ինստիտուտ» ՓԲԸ,,OTHER,2019,6,23015300,0,0,0,0,117357660,1748400,1.49,269
02210395,«Չափագիտության ազգային ինստիտուտ» ՓԲԸ,,OTHER,2020,6,14769960,0,0,0,0,117357660,1748400,1.49,269
04001274,«Արարատի Հիվանդանոց ԲԿ» ՓԲԸ,,OTHER,2019,1,3041280,0,0,0,0,3041280,0,0,270
02235841,«ԱՐՄ-ԱԷՐՈ» ՓԲԸ,,OTHER,2018,2,19347000,0,0,0,0,20637000,0,0,271
02235841,«ԱՐՄ-ԱԷՐՈ» ՓԲԸ,,OTHER,2019,1,1290000,0,0,0,0,20637000,0,0,271
09402451,Կապանի համայնքապետարան,Kapan community municipality,URBAN,2018,23,184138119,0,0,0,0,6101604032,0,0,272
09402451,Կապանի համայնքապետարան,Kapan community municipality,URBAN,2020,7,1132648178,0,0,0,0,6101604032,0,0,272
09402451,Կապանի համայնքապետարան,Kapan community municipality,URBAN,2021,8,132283388,0,0,0,0,6101604032,0,0,272
09402451,Կապանի համայնքապետարան,Kapan community municipality,URBAN,2022,20,2430479487,0,0,0,0,6101604032,0,0,272
09402451,Կապանի համայնքապետարան,Kapan community municipality,URBAN,2023,33,2222054860,0,0,0,0,6101604032,0,0,272
"2558849,",«Միջուկային և ռադիացիոն անվտանգության գիտատեխնիկական կենտրոն» ՓԲԸ,,OTHER,2018,67,23198374,65,12033374,97.01,51.87,51398064,17738064,34.51,273
"2558849,",«Միջուկային և ռադիացիոն անվտանգության գիտատեխնիկական կենտրոն» ՓԲԸ,,OTHER,2019,63,11390170,61,5045170,96.83,44.29,51398064,17738064,34.51,273
"2558849,",«Միջուկային և ռադիացիոն անվտանգության գիտատեխնիկական կենտրոն» ՓԲԸ,,OTHER,2020,29,15939520,25,659520,86.21,4.14,51398064,17738064,34.51,273
"2558849,",«Միջուկային և ռադիացիոն անվտանգության գիտատեխնիկական կենտրոն» ՓԲԸ,,OTHER,2021,1,870000,0,0,0,0,51398064,17738064,34.51,273
03560239,Նաիրիի համայնքապետարան,Nairi municipality,URBAN,2018,5,34098984,0,0,0,0,898598984,0,0,274
03560239,Նաիրիի համայնքապետարան,Nairi municipality,URBAN,2019,1,500000,0,0,0,0,898598984,0,0,274
03560239,Նաիրիի համայնքապետարան,Nairi municipality,URBAN,2024,1,864000000,0,0,0,0,898598984,0,0,274
02666763,«Թվային Հայաստան» հիմնադրամ,,OTHER,2018,5,6899260,0,0,0,0,6899260,0,0,275
01541632,ՀՀ քաղաքացիական ծառայության խորհուրդ,Civil service council of the RA,GOVERNMENTAL,2018,27,22113537,15,11596057,55.56,52.44,22113537,11596057,52.44,276
02508219,ՀՀ էներգետիկ ենթակառուցվածքների և բնական պաշարների նախարարություն,Ministry of Energy Infrastructures and Natural Resources of the RA,GOVERNMENTAL,2018,47,47049068,28,30365560,59.57,64.54,59207641,35538273,60.02,277
02508219,ՀՀ էներգետիկ ենթակառուցվածքների և բնական պաշարների նախարարություն,Ministry of Energy Infrastructures and Natural Resources of the RA,GOVERNMENTAL,2019,29,12158573,25,5172713,86.21,42.54,59207641,35538273,60.02,277
05804656,«Գյումրիի սելեկցիոն կայան» ՓԲԸ,,OTHER,2018,7,451000,6,323000,85.71,71.62,2540500,323000,12.71,278
05804656,«Գյումրիի սելեկցիոն կայան» ՓԲԸ,,OTHER,2019,1,2089500,0,0,0,0,2540500,323000,12.71,278
02634631,Բիզնես Արմենիա Հիմնադրամ,,OTHER,2018,11,45636100,0,0,0,0,48500890,0,0,279
02634631,Բիզնես Արմենիա Հիմնադրամ,,OTHER,2019,5,2864790,0,0,0,0,48500890,0,0,279
05510611,«Գյումրու Պաթոլոգոանատոմիական Լաբորատորիա» ՓԲԸ,,OTHER,2020,1,200390,1,200390,100,100,388080,388080,100,280
05510611,«Գյումրու Պաթոլոգոանատոմիական Լաբորատորիա» ՓԲԸ,,OTHER,2021,1,187690,1,187690,100,100,388080,388080,100,280
02657891,ՀՀ տնտեսական զարգացման և ներդրումների նախարարության զբոսաշրջության պետական կոմիտե,The state tourism committee of ministry of economic development and investments republic of Armenia,GOVERNMENTAL,2018,23,5765146,10,682318,43.48,11.84,6327646,682318,10.78,281
02657891,ՀՀ տնտեսական զարգացման և ներդրումների նախարարության զբոսաշրջության պետական կոմիտե,The state tourism committee of ministry of economic development and investments republic of Armenia,GOVERNMENTAL,2019,1,562500,0,0,0,0,6327646,682318,10.78,281
03006183,«Ծաղկաձորի բժշկական ամբուլատորիա» ՊՓԲԸ,,OTHER,2018,13,1821862,12,1498090,92.31,82.23,4575054,4251282,92.92,282
03006183,«Ծաղկաձորի բժշկական ամբուլատորիա» ՊՓԲԸ,,OTHER,2019,23,1485836,23,1485836,100,100,4575054,4251282,92.92,282
03006183,«Ծաղկաձորի բժշկական ամբուլատորիա» ՊՓԲԸ,,OTHER,2020,16,678066,16,678066,100,100,4575054,4251282,92.92,282
03006183,«Ծաղկաձորի բժշկական ամբուլատորիա» ՊՓԲԸ,,OTHER,2021,11,589290,11,589290,100,100,4575054,4251282,92.92,282
03301132,Նոր Հաճնի համայնքապետարան,Nor Hachn community municipality,URBAN,2022,2,5094000,0,0,0,0,746441380,0,0,283
03301132,Նոր Հաճնի համայնքապետարան,Nor Hachn community municipality,URBAN,2023,3,4493700,0,0,0,0,746441380,0,0,283
03301132,Նոր Հաճնի համայնքապետարան,Nor Hachn community municipality,URBAN,2024,5,339952920,0,0,0,0,746441380,0,0,283
03301132,Նոր Հաճնի համայնքապետարան,Nor Hachn community municipality,URBAN,2026,12,396900760,0,0,0,0,746441380,0,0,283
01518849,«Երևանի Գևորգ Էմինի անվան N 182 ավագ դպրոց» հիմնադրամ,,OTHER,2018,1,480000,1,480000,100,100,22004160,7764160,35.28,284
01518849,«Երևանի Գևորգ Էմինի անվան N 182 ավագ դպրոց» հիմնադրամ,,OTHER,2019,6,2033400,6,2033400,100,100,22004160,7764160,35.28,284
01518849,«Երևանի Գևորգ Էմինի անվան N 182 ավագ դպրոց» հիմնադրամ,,OTHER,2020,6,11186760,5,3436760,83.33,30.72,22004160,7764160,35.28,284
01518849,«Երևանի Գևորգ Էմինի անվան N 182 ավագ դպրոց» հիմնադրամ,,OTHER,2021,7,8304000,6,1814000,85.71,21.84,22004160,7764160,35.28,284
02659417,Գյուղատնտեսության զարգացման հիմնադրամ,,OTHER,2018,16,12107589,11,2077632,68.75,17.16,12107589,2077632,17.16,285
07803704,Բերդի համայնքապետարան,Berd community municipality,URBAN,2018,11,7698620,5,2602000,45.45,33.8,435354864,6302000,1.45,286
07803704,Բերդի համայնքապետարան,Berd community municipality,URBAN,2019,8,426347500,1,3700000,12.5,0.87,435354864,6302000,1.45,286
07803704,Բերդի համայնքապետարան,Berd community municipality,URBAN,2024,1,1308744,0,0,0,0,435354864,6302000,1.45,286
03506324,«ՍՆՆԴԱՄԹԵՐՔԻ ԱՆՎՏԱՆԳՈՒԹՅԱՆ ՈԼՈՐՏԻ ՌԻՍԿԵՐԻ ԳՆԱՀԱՏՄԱՆ ԵՎ ՎԵՐԼՈՒԾՈՒԹՅԱՆ ԳԻՏԱԿԱՆ ԿԵՆՏՐՈՆ» ՓԲԸ,"""SCIENTIFIC CENTER FOR RISK ASSESSMENT AND ANALYSIS IN FOOD SAFETY AREA"" CJSC",OTHER,2020,7,23791300,0,0,0,0,81354099,0,0,287
03506324,«ՍՆՆԴԱՄԹԵՐՔԻ ԱՆՎՏԱՆԳՈՒԹՅԱՆ ՈԼՈՐՏԻ ՌԻՍԿԵՐԻ ԳՆԱՀԱՏՄԱՆ ԵՎ ՎԵՐԼՈՒԾՈՒԹՅԱՆ ԳԻՏԱԿԱՆ ԿԵՆՏՐՈՆ» ՓԲԸ,"""SCIENTIFIC CENTER FOR RISK ASSESSMENT AND ANALYSIS IN FOOD SAFETY AREA"" CJSC",OTHER,2021,6,36198999,0,0,0,0,81354099,0,0,287
03506324,«ՍՆՆԴԱՄԹԵՐՔԻ ԱՆՎՏԱՆԳՈՒԹՅԱՆ ՈԼՈՐՏԻ ՌԻՍԿԵՐԻ ԳՆԱՀԱՏՄԱՆ ԵՎ ՎԵՐԼՈՒԾՈՒԹՅԱՆ ԳԻՏԱԿԱՆ ԿԵՆՏՐՈՆ» ՓԲԸ,"""SCIENTIFIC CENTER FOR RISK ASSESSMENT AND ANALYSIS IN FOOD SAFETY AREA"" CJSC",OTHER,2023,3,21363800,0,0,0,0,81354099,0,0,287
05502681,«Գյումրու այրան փոխներարկման կայան» ՓԲԸ,«The blood Transfusion Station Of Gyumri» CJSC,OTHER,2019,12,2406106,1,63900,8.33,2.66,3394456,63900,1.88,288
05502681,«Գյումրու այրան փոխներարկման կայան» ՓԲԸ,«The blood Transfusion Station Of Gyumri» CJSC,OTHER,2020,5,988350,0,0,0,0,3394456,63900,1.88,288
06406902,«Ստեփանավանի բժշկական կենտրոն» ՓԲԸ,,OTHER,2018,9,7346305,1,21000,11.11,0.29,7346305,21000,0.29,289
09420443,«Սյունիքի մարզի երեխայի և ընտանիքի աջակցության կենտրոն» հիմնադրամ,,OTHER,2018,1,7656000,0,0,0,0,10600391,0,0,290
09420443,«Սյունիքի մարզի երեխայի և ընտանիքի աջակցության կենտրոն» հիմնադրամ,,OTHER,2019,3,1254391,0,0,0,0,10600391,0,0,290
09420443,«Սյունիքի մարզի երեխայի և ընտանիքի աջակցության կենտրոն» հիմնադրամ,,OTHER,2020,1,1690000,0,0,0,0,10600391,0,0,290
08914453,«Հեր-Հեր ՀԻԴՐՈԷԼԵԿՏՐԱԿԱՅԱՆ» ՓԲԸ,,OTHER,2018,5,1140000,5,1140000,100,100,3893045,3193045,82.02,291
08914453,«Հեր-Հեր ՀԻԴՐՈԷԼԵԿՏՐԱԿԱՅԱՆ» ՓԲԸ,,OTHER,2019,7,1714970,7,1714970,100,100,3893045,3193045,82.02,291
08914453,«Հեր-Հեր ՀԻԴՐՈԷԼԵԿՏՐԱԿԱՅԱՆ» ՓԲԸ,,OTHER,2021,3,1038075,2,338075,66.67,32.57,3893045,3193045,82.02,291
01202742,«Մաշկաբանության և սեռավարակաբանության բժշկագիտական կենտրոն» ՓԲԸ,,OTHER,2018,1,450000,0,0,0,0,949200,0,0,292
01202742,«Մաշկաբանության և սեռավարակաբանության բժշկագիտական կենտրոն» ՓԲԸ,,OTHER,2022,1,499200,0,0,0,0,949200,0,0,292
01558429,«Այբ» կրթական հիմնադրամ,,OTHER,2018,3,3046000,0,0,0,0,3046000,0,0,293
02656616,«Ռազմավարական նախաձեռնությունների կենտրոն» հիմնադրամ,,OTHER,2018,3,10991160,0,0,0,0,10991160,0,0,294
0255719,«Նորավանք» գիտակրթական հիմնադրամ,,OTHER,2018,5,3287726,0,0,0,0,3287726,0,0,295
02636757,ՀՀ միջազգային տնտեսական ինտեգրման և բարեփոխումների նախարարություն,Ministry of International Economic Integration and Reforms of the RA,GOVERNMENTAL,2018,13,1831275,12,942300,92.31,51.46,1831275,942300,51.46,296
02651972,«Էներգաիմպէքս» ՓԲԸ,«Energaimpex» CJSC,OTHER,2020,2,1800000,0,0,0,0,7536000,0,0,297
02651972,«Էներգաիմպէքս» ՓԲԸ,«Energaimpex» CJSC,OTHER,2021,2,2016000,0,0,0,0,7536000,0,0,297
02651972,«Էներգաիմպէքս» ՓԲԸ,«Energaimpex» CJSC,OTHER,2022,2,2280000,0,0,0,0,7536000,0,0,297
02651972,«Էներգաիմպէքս» ՓԲԸ,«Energaimpex» CJSC,OTHER,2023,1,1440000,0,0,0,0,7536000,0,0,297
05204555,«Ծաղկահովիտի առողջության կենտրոն» ՓԲԸ,"CSJC ""Tsakhkahoviti arokhchutyan kentron""",OTHER,2018,2,1525940,0,0,0,0,4869462,0,0,298
05204555,«Ծաղկահովիտի առողջության կենտրոն» ՓԲԸ,"CSJC ""Tsakhkahoviti arokhchutyan kentron""",OTHER,2019,5,3343522,0,0,0,0,4869462,0,0,298
03311452,«Զովունու առողջության առաջնային պահպանման կենտրոն» ՊՈԱԿ,,OTHER,2018,1,36449,0,0,0,0,36449,0,0,299
03502632,Բյուրեղավանի համայնքապետարան,Byureghavan community municipality,URBAN,2019,1,0,0,0,0,0,0,0,0,300
05500249,«Գյումրու Ն. Ա. Մելիքյանի անվան թիվ 2 պոլիկլինիկա» ՓԲԸ,,OTHER,2025,1,24766433,0,0,0,0,24766433,0,0,301
08225199,ՀԱՅ-ԱԼՄԱՍՏ ՓԲԸ,Hay Almast CJSC,OTHER,2023,1,80000,1,80000,100,100,2965614,80000,2.7,302
08225199,ՀԱՅ-ԱԼՄԱՍՏ ՓԲԸ,Hay Almast CJSC,OTHER,2024,1,2885614,0,0,0,0,2965614,80000,2.7,302
05305424,«Թալինի Բժշկական Կենտրոն» ՓԲԸ,«Talini Bjshkakan Kentron» CJSC,OTHER,2022,2,4562250,0,0,0,0,4562250,0,0,303
03316259,«Նևրոզների Կլինիկա» ՓԲԸ,,OTHER,2018,1,20155200,0,0,0,0,61105200,0,0,304
03316259,«Նևրոզների Կլինիկա» ՓԲԸ,,OTHER,2019,1,20040000,0,0,0,0,61105200,0,0,304
03316259,«Նևրոզների Կլինիկա» ՓԲԸ,,OTHER,2021,2,20910000,0,0,0,0,61105200,0,0,304
09407988,«Սյունիքի մարզային  նյարդահոգեբուժական դիսպանսեր» ՓԲԸ,,OTHER,2018,1,93400,1,93400,100,100,12467400,93400,0.75,305
09407988,«Սյունիքի մարզային  նյարդահոգեբուժական դիսպանսեր» ՓԲԸ,,OTHER,2024,1,12374000,0,0,0,0,12467400,93400,0.75,305
06951698,Թումանյանի համայնքապետարան,Tumanyan community municipality,URBAN,2022,1,3180000,0,0,0,0,6731380,0,0,306
06951698,Թումանյանի համայնքապետարան,Tumanyan community municipality,URBAN,2024,2,2327680,0,0,0,0,6731380,0,0,306
06951698,Թումանյանի համայնքապետարան,Tumanyan community municipality,URBAN,2025,2,1128700,0,0,0,0,6731380,0,0,306
06951698,Թումանյանի համայնքապետարան,Tumanyan community municipality,URBAN,2026,1,95000,0,0,0,0,6731380,0,0,306
00081133,«Ստանդարտների ազգային ինստիտուտ» ՓԲԸ,,OTHER,2018,2,1272000,0,0,0,0,6060180,0,0,307
00081133,«Ստանդարտների ազգային ինստիտուտ» ՓԲԸ,,OTHER,2019,2,4788180,0,0,0,0,6060180,0,0,307
01203271,Հայաստանի կինոյի հիմնադրամ,Cinema foundation of Armenia,OTHER,2025,1,2634000,0,0,0,0,2634000,0,0,308
00082221,«Էներգակարգաբերում» ՓԲԸ,«Energonaladka» CJSC,OTHER,2018,1,15000,1,15000,100,100,15000,15000,100,309
00812253,ԼԱԶԵՐԱՅԻՆ ՏԵԽՆԻԿԱ ՓԲԸ,Lazerayin tekhnika CJSC,OTHER,2022,1,19050,0,0,0,0,19050,0,0,310
035093365,«Աբովյանի ծննդատուն» ՊՓԲԸ,,OTHER,2018,1,747000,0,0,0,0,747000,0,0,311
02663387,Հայաստանի զբոսաշրջության զարգացման հիմնադրամ,,OTHER,2018,1,7251860,0,0,0,0,7251860,0,0,312
07602548,«Իջևանի ԱԱՊԿ»,,OTHER,2018,2,1090000,1,430000,50,39.45,1090000,430000,39.45,313
04600372,Քևօրք և Անիթա Փակումեանների հիշատակի «Հիսուսի Մանուկներ» առողջության կենտրոն ՓԲԸ,,OTHER,2019,1,1260000,0,0,0,0,4235000,0,0,314
04600372,Քևօրք և Անիթա Փակումեանների հիշատակի «Հիսուսի Մանուկներ» առողջության կենտրոն ՓԲԸ,,OTHER,2020,1,2975000,0,0,0,0,4235000,0,0,314
00417301,«Հայաստանի ուսանողական մարզական ֆեդերացիա» ՀԿ,,OTHER,2021,1,2128500,0,0,0,0,2128500,0,0,315
04246003,Վեդի համայնքի զարգացման հիմնադրամ,"Fund ""Vedi Community Development Foundation""",OTHER,2024,1,33600000,0,0,0,0,33600000,0,0,316
